No,Search Term,Platform,Modifier Type,Modifier,Keyword,Language,Country,Search Vol.,CPC (US$)
1,"garage door","Google","Alphabeticals","a","garage door and opener","en","us","135.0K","7.61"
2,"garage door","Google","Alphabeticals","a","garage door automatic opener","en","us","2.9K","7.49"
3,"garage door","Google","Alphabeticals","a","garage door app","en","us","0","-"
4,"garage door","Google","Alphabeticals","a","garage door accessories","en","us","0","-"
5,"garage door","Google","Alphabeticals","a","garage door awning","en","us","0","-"
6,"garage door","Google","Alphabeticals","a","garage door accents","en","us","0","-"
7,"garage door","Google","Alphabeticals","a","garage door adjustment","en","us","0","-"
8,"garage door","Google","Alphabeticals","a","garage door alternatives","en","us","0","-"
9,"garage door","Google","Alphabeticals","a","garage door arm","en","us","0","-"
10,"garage door","Google","Alphabeticals","a","garage door arm bracket","en","us","0","-"
11,"garage door","Google","Alphabeticals","a","garage door angle iron","en","us","0","-"
12,"garage door","Google","Alphabeticals","a","garage door ac vent kit","en","us","0","-"
13,"garage door","Google","Alphabeticals","a","garage door awning ideas","en","us","0","-"
14,"garage door","Google","Alphabeticals","a","garage door ac vent","en","us","0","-"
15,"garage door","Google","Alphabeticals","a","garage door american flag","en","us","0","-"
16,"garage door","Google","Alphabeticals","b","garage door bottom seal","en","us","27.1K","0.87"
17,"garage door","Google","Alphabeticals","b","garage door bottom seal replacement","en","us","8.1K","1.65"
18,"garage door","Google","Alphabeticals","b","garage door brands","en","us","0","-"
19,"garage door","Google","Alphabeticals","b","garage door bracket","en","us","0","-"
20,"garage door","Google","Alphabeticals","b","garage door bottom seal types","en","us","0","-"
21,"garage door","Google","Alphabeticals","b","garage door brace","en","us","0","-"
22,"garage door","Google","Alphabeticals","b","garage door battery","en","us","0","-"
23,"garage door","Google","Alphabeticals","b","garage door belt replacement","en","us","0","-"
24,"garage door","Google","Alphabeticals","b","garage door brush seal","en","us","0","-"
25,"garage door","Google","Alphabeticals","b","garage door belt","en","us","0","-"
26,"garage door","Google","Alphabeticals","b","garage door button","en","us","0","-"
27,"garage door","Google","Alphabeticals","b","garage door banners","en","us","0","-"
28,"garage door","Google","Alphabeticals","b","garage door battery backup","en","us","0","-"
29,"garage door","Google","Alphabeticals","b","garage door bug screen","en","us","0","-"
30,"garage door","Google","Alphabeticals","b","garage door bottom seal retainer","en","us","0","-"
31,"garage door","Google","Alphabeticals","c","garage door companies near me","en","us","27.1K","27.52"
32,"garage door","Google","Alphabeticals","c","garage door companies","en","us","18.1K","32.39"
33,"garage door","Google","Alphabeticals","c","garage door components","en","us","0","-"
34,"garage door","Google","Alphabeticals","c","garage door covers","en","us","0","-"
35,"garage door","Google","Alphabeticals","c","garage door cost","en","us","0","-"
36,"garage door","Google","Alphabeticals","c","garage door cable","en","us","0","-"
37,"garage door","Google","Alphabeticals","c","garage door cable replacement","en","us","0","-"
38,"garage door","Google","Alphabeticals","c","garage door colors","en","us","0","-"
39,"garage door","Google","Alphabeticals","c","garage door cable snapped","en","us","0","-"
40,"garage door","Google","Alphabeticals","c","garage door clicker","en","us","0","-"
41,"garage door","Google","Alphabeticals","c","garage door code opener","en","us","0","-"
42,"garage door","Google","Alphabeticals","c","garage door chain","en","us","0","-"
43,"garage door","Google","Alphabeticals","c","garage door chain loose","en","us","0","-"
44,"garage door","Google","Alphabeticals","c","garage door camera","en","us","0","-"
45,"garage door","Google","Alphabeticals","c","garage door companies in my area","en","us","0","-"
46,"garage door","Google","Alphabeticals","d","garage door dimensions","en","us","9.9K","3.17"
47,"garage door","Google","Alphabeticals","d","garage door doctor","en","us","5.4K","29.21"
48,"garage door","Google","Alphabeticals","d","garage door decorations","en","us","0","-"
49,"garage door","Google","Alphabeticals","d","garage door designs","en","us","0","-"
50,"garage door","Google","Alphabeticals","d","garage door decorative hardware","en","us","0","-"
51,"garage door","Google","Alphabeticals","d","garage door dog gate","en","us","0","-"
52,"garage door","Google","Alphabeticals","d","garage door dent repair","en","us","0","-"
53,"garage door","Google","Alphabeticals","d","garage door dealers near me","en","us","0","-"
54,"garage door","Google","Alphabeticals","d","garage door drums","en","us","0","-"
55,"garage door","Google","Alphabeticals","d","garage door doctor reviews","en","us","0","-"
56,"garage door","Google","Alphabeticals","d","garage door decals","en","us","0","-"
57,"garage door","Google","Alphabeticals","d","garage door diagram","en","us","0","-"
58,"garage door","Google","Alphabeticals","d","garage door doctor houston","en","us","0","-"
59,"garage door","Google","Alphabeticals","d","garage door doctor near me","en","us","0","-"
60,"garage door","Google","Alphabeticals","d","garage door doesn't close","en","us","0","-"
61,"garage door","Google","Alphabeticals","e","garage door emergency repair","en","us","12.1K","81.23"
62,"garage door","Google","Alphabeticals","e","garage door extension springs","en","us","3.6K","2.93"
63,"garage door","Google","Alphabeticals","e","garage door emergency release kit","en","us","0","-"
64,"garage door","Google","Alphabeticals","e","garage door experts","en","us","0","-"
65,"garage door","Google","Alphabeticals","e","garage door emergency release","en","us","0","-"
66,"garage door","Google","Alphabeticals","e","garage door extension spring replacement","en","us","0","-"
67,"garage door","Google","Alphabeticals","e","garage door estimates","en","us","0","-"
68,"garage door","Google","Alphabeticals","e","garage door exhaust port","en","us","0","-"
69,"garage door","Google","Alphabeticals","e","garage door eyes","en","us","0","-"
70,"garage door","Google","Alphabeticals","e","garage door express","en","us","0","-"
71,"garage door","Google","Alphabeticals","e","garage door eye sensor","en","us","0","-"
72,"garage door","Google","Alphabeticals","e","garage door exterior trim","en","us","0","-"
73,"garage door","Google","Alphabeticals","e","garage door edge seal","en","us","0","-"
74,"garage door","Google","Alphabeticals","e","garage door extension spring color chart","en","us","0","-"
75,"garage door","Google","Alphabeticals","e","garage door excessive closing force detected","en","us","0","-"
76,"garage door","Google","Alphabeticals","f","garage door fix","en","us","246.0K","51.94"
77,"garage door","Google","Alphabeticals","f","garage door fix near me","en","us","201.0K","41.58"
78,"garage door","Google","Alphabeticals","f","garage door for sale","en","us","0","-"
79,"garage door","Google","Alphabeticals","f","garage door for sale near me","en","us","0","-"
80,"garage door","Google","Alphabeticals","f","garage door for shed","en","us","0","-"
81,"garage door","Google","Alphabeticals","f","garage door framing","en","us","0","-"
82,"garage door","Google","Alphabeticals","f","garage door floor seal","en","us","0","-"
83,"garage door","Google","Alphabeticals","f","garage door fishing rod holder","en","us","0","-"
84,"garage door","Google","Alphabeticals","f","garage door flashing","en","us","0","-"
85,"garage door","Google","Alphabeticals","f","garage door framing diagram","en","us","0","-"
86,"garage door","Google","Alphabeticals","f","garage door flood barrier","en","us","0","-"
87,"garage door","Google","Alphabeticals","f","garage door fixers","en","us","0","-"
88,"garage door","Google","Alphabeticals","f","garage door frame trim","en","us","0","-"
89,"garage door","Google","Alphabeticals","f","garage door flashing trim","en","us","0","-"
90,"garage door","Google","Alphabeticals","f","garage door flags","en","us","0","-"
91,"garage door","Google","Alphabeticals","g","garage door genie","en","us","40.5K","4.95"
92,"garage door","Google","Alphabeticals","g","garage door glass","en","us","18.1K","4.73"
93,"garage door","Google","Alphabeticals","g","garage door gasket replacement","en","us","0","-"
94,"garage door","Google","Alphabeticals","g","garage door green hinge","en","us","0","-"
95,"garage door","Google","Alphabeticals","g","garage door grease","en","us","0","-"
96,"garage door","Google","Alphabeticals","g","garage door gasket","en","us","0","-"
97,"garage door","Google","Alphabeticals","g","garage door glass panels","en","us","0","-"
98,"garage door","Google","Alphabeticals","g","garage door guys","en","us","0","-"
99,"garage door","Google","Alphabeticals","g","garage door gate","en","us","0","-"
100,"garage door","Google","Alphabeticals","g","garage door glass replacement","en","us","0","-"
101,"garage door","Google","Alphabeticals","g","garage door gate for dogs","en","us","0","-"
102,"garage door","Google","Alphabeticals","g","garage door gap filler","en","us","0","-"
103,"garage door","Google","Alphabeticals","g","garage door guru","en","us","0","-"
104,"garage door","Google","Alphabeticals","g","garage door glass inserts","en","us","0","-"
105,"garage door","Google","Alphabeticals","g","garage door guy near me","en","us","0","-"
106,"garage door","Google","Alphabeticals","h","garage door height standard","en","us","12.1K","4.47"
107,"garage door","Google","Alphabeticals","h","garage door hinges","en","us","6.6K","0.71"
108,"garage door","Google","Alphabeticals","h","garage door handle","en","us","0","-"
109,"garage door","Google","Alphabeticals","h","garage door hardware","en","us","0","-"
110,"garage door","Google","Alphabeticals","h","garage door home depot","en","us","0","-"
111,"garage door","Google","Alphabeticals","h","garage door hinge replacement","en","us","0","-"
112,"garage door","Google","Alphabeticals","h","garage door height","en","us","0","-"
113,"garage door","Google","Alphabeticals","h","garage door header","en","us","0","-"
114,"garage door","Google","Alphabeticals","h","garage door hinges and rollers","en","us","0","-"
115,"garage door","Google","Alphabeticals","h","garage door hardware kit","en","us","0","-"
116,"garage door","Google","Alphabeticals","h","garage door hinges with springs","en","us","0","-"
117,"garage door","Google","Alphabeticals","h","garage door handle lock","en","us","0","-"
118,"garage door","Google","Alphabeticals","h","garage door handle replacement","en","us","0","-"
119,"garage door","Google","Alphabeticals","h","garage door high lift kit","en","us","0","-"
120,"garage door","Google","Alphabeticals","h","garage door hurricane brace","en","us","0","-"
121,"garage door","Google","Alphabeticals","i","garage door insulation","en","us","49.5K","1.51"
122,"garage door","Google","Alphabeticals","i","garage door installation","en","us","49.5K","25.69"
123,"garage door","Google","Alphabeticals","i","garage door installation cost","en","us","0","-"
124,"garage door","Google","Alphabeticals","i","garage door insulation kit","en","us","0","-"
125,"garage door","Google","Alphabeticals","i","garage door installers near me","en","us","0","-"
126,"garage door","Google","Alphabeticals","i","garage door insulation panels","en","us","0","-"
127,"garage door","Google","Alphabeticals","i","garage door images","en","us","0","-"
128,"garage door","Google","Alphabeticals","i","garage door ideas","en","us","0","-"
129,"garage door","Google","Alphabeticals","i","garage door insulation kit lowes","en","us","0","-"
130,"garage door","Google","Alphabeticals","i","garage door installation kit","en","us","0","-"
131,"garage door","Google","Alphabeticals","i","garage door inside","en","us","0","-"
132,"garage door","Google","Alphabeticals","i","garage door installer jobs","en","us","0","-"
133,"garage door","Google","Alphabeticals","i","garage door insulation near me","en","us","0","-"
134,"garage door","Google","Alphabeticals","i","garage door inserts","en","us","0","-"
135,"garage door","Google","Alphabeticals","i","garage door in spanish","en","us","0","-"
136,"garage door","Google","Alphabeticals","j","garage door jamb","en","us","1.6K","0.43"
137,"garage door","Google","Alphabeticals","j","garage door jobs","en","us","720","2.42"
138,"garage door","Google","Alphabeticals","j","garage door jamb trim","en","us","0","-"
139,"garage door","Google","Alphabeticals","j","garage door jammed","en","us","0","-"
140,"garage door","Google","Alphabeticals","j","garage door jamb wrap","en","us","0","-"
141,"garage door","Google","Alphabeticals","j","garage door jobs near me","en","us","0","-"
142,"garage door","Google","Alphabeticals","j","garage door jamb detail","en","us","0","-"
143,"garage door","Google","Alphabeticals","j","garage door jamb replacement","en","us","0","-"
144,"garage door","Google","Alphabeticals","j","garage door jerks when closing","en","us","0","-"
145,"garage door","Google","Alphabeticals","j","garage door jackshaft","en","us","0","-"
146,"garage door","Google","Alphabeticals","j","garage door jamb seal","en","us","0","-"
147,"garage door","Google","Alphabeticals","j","garage door jerks when opening","en","us","0","-"
148,"garage door","Google","Alphabeticals","j","garage door j arm","en","us","0","-"
149,"garage door","Google","Alphabeticals","j","garage door jamb metal wrap","en","us","0","-"
150,"garage door","Google","Alphabeticals","j","garage door jamb kit","en","us","0","-"
151,"garage door","Google","Alphabeticals","k","garage door keypad","en","us","8.1K","1.25"
152,"garage door","Google","Alphabeticals","k","garage door keypad opener","en","us","6.6K","1.1"
153,"garage door","Google","Alphabeticals","k","garage door keypad battery","en","us","0","-"
154,"garage door","Google","Alphabeticals","k","garage door keypad programming","en","us","0","-"
155,"garage door","Google","Alphabeticals","k","garage door keypad not working","en","us","0","-"
156,"garage door","Google","Alphabeticals","k","garage door kit","en","us","0","-"
157,"garage door","Google","Alphabeticals","k","garage door keypad replacement","en","us","0","-"
158,"garage door","Google","Alphabeticals","k","garage door keypad installation","en","us","0","-"
159,"garage door","Google","Alphabeticals","k","garage door keypad with camera","en","us","0","-"
160,"garage door","Google","Alphabeticals","k","garage door key","en","us","0","-"
161,"garage door","Google","Alphabeticals","k","garage door keypad battery replacement","en","us","0","-"
162,"garage door","Google","Alphabeticals","k","garage door keeps opening on its own","en","us","0","-"
163,"garage door","Google","Alphabeticals","k","garage door knob","en","us","0","-"
164,"garage door","Google","Alphabeticals","k","garage door keeps opening when i close it","en","us","0","-"
165,"garage door","Google","Alphabeticals","k","garage door key fob","en","us","0","-"
166,"garage door","Google","Alphabeticals","l","garage door lube","en","us","22.2K","0.64"
167,"garage door","Google","Alphabeticals","l","garage door lubricant","en","us","18.1K","1.3"
168,"garage door","Google","Alphabeticals","l","garage door lowes","en","us","0","-"
169,"garage door","Google","Alphabeticals","l","garage door lock","en","us","0","-"
170,"garage door","Google","Alphabeticals","l","garage door lubricant spray","en","us","0","-"
171,"garage door","Google","Alphabeticals","l","garage door lights","en","us","0","-"
172,"garage door","Google","Alphabeticals","l","garage door lock kit","en","us","0","-"
173,"garage door","Google","Alphabeticals","l","garage door light bulb","en","us","0","-"
174,"garage door","Google","Alphabeticals","l","garage door lock replacement","en","us","0","-"
175,"garage door","Google","Alphabeticals","l","garage door latch","en","us","0","-"
176,"garage door","Google","Alphabeticals","l","garage door lubricant home depot","en","us","0","-"
177,"garage door","Google","Alphabeticals","l","garage door lift","en","us","0","-"
178,"garage door","Google","Alphabeticals","l","garage door light blinking","en","us","0","-"
179,"garage door","Google","Alphabeticals","l","garage door locking mechanism","en","us","0","-"
180,"garage door","Google","Alphabeticals","l","garage door laser sensor","en","us","0","-"
181,"garage door","Google","Alphabeticals","m","garage door maintenance near me","en","us","18.1K","45.89"
182,"garage door","Google","Alphabeticals","m","garage door motor","en","us","8.1K","3.12"
183,"garage door","Google","Alphabeticals","m","garage door maintenance","en","us","0","-"
184,"garage door","Google","Alphabeticals","m","garage door molding","en","us","0","-"
185,"garage door","Google","Alphabeticals","m","garage door menards","en","us","0","-"
186,"garage door","Google","Alphabeticals","m","garage door manufacturers","en","us","0","-"
187,"garage door","Google","Alphabeticals","m","garage door motor replacement cost","en","us","0","-"
188,"garage door","Google","Alphabeticals","m","garage door motor replacement","en","us","0","-"
189,"garage door","Google","Alphabeticals","m","garage door magnets","en","us","0","-"
190,"garage door","Google","Alphabeticals","m","garage door masters","en","us","0","-"
191,"garage door","Google","Alphabeticals","m","garage door medics","en","us","0","-"
192,"garage door","Google","Alphabeticals","m","garage door mesh screen","en","us","0","-"
193,"garage door","Google","Alphabeticals","m","garage door magnetic panels","en","us","0","-"
194,"garage door","Google","Alphabeticals","m","garage door manual release","en","us","0","-"
195,"garage door","Google","Alphabeticals","m","garage door murals","en","us","0","-"
196,"garage door","Google","Alphabeticals","n","garage door near me","en","us","14.8K","28.45"
197,"garage door","Google","Alphabeticals","n","garage door new","en","us","12.1K","11.06"
198,"garage door","Google","Alphabeticals","n","garage door nylon rollers","en","us","0","-"
199,"garage door","Google","Alphabeticals","n","garage door not opening","en","us","0","-"
200,"garage door","Google","Alphabeticals","n","garage door not closing","en","us","0","-"
201,"garage door","Google","Alphabeticals","n","garage door net","en","us","0","-"
202,"garage door","Google","Alphabeticals","n","garage door nearby","en","us","0","-"
203,"garage door","Google","Alphabeticals","n","garage door not closing all the way","en","us","0","-"
204,"garage door","Google","Alphabeticals","n","garage door not opening all the way","en","us","0","-"
205,"garage door","Google","Alphabeticals","n","garage door not opening but motor running","en","us","0","-"
206,"garage door","Google","Alphabeticals","n","garage door not working","en","us","0","-"
207,"garage door","Google","Alphabeticals","n","garage door net screen","en","us","0","-"
208,"garage door","Google","Alphabeticals","n","garage door not closing light blinking","en","us","0","-"
209,"garage door","Google","Alphabeticals","n","garage door not opening with remote","en","us","0","-"
210,"garage door","Google","Alphabeticals","n","garage door not responding to remote","en","us","0","-"
211,"garage door","Google","Alphabeticals","o","garage door opener","en","us","165.0K","8.42"
212,"garage door","Google","Alphabeticals","o","garage door opener repair","en","us","110.0K","36.87"
213,"garage door","Google","Alphabeticals","o","garage door opener remote","en","us","0","-"
214,"garage door","Google","Alphabeticals","o","garage door opener installation","en","us","0","-"
215,"garage door","Google","Alphabeticals","o","garage door opener battery","en","us","0","-"
216,"garage door","Google","Alphabeticals","o","garage door opener installation cost","en","us","0","-"
217,"garage door","Google","Alphabeticals","o","garage door opener home depot","en","us","0","-"
218,"garage door","Google","Alphabeticals","o","garage door opener replacement","en","us","0","-"
219,"garage door","Google","Alphabeticals","o","garage door opener remote replacement","en","us","0","-"
220,"garage door","Google","Alphabeticals","o","garage door opener repair near me","en","us","0","-"
221,"garage door","Google","Alphabeticals","o","garage door opener keypad","en","us","0","-"
222,"garage door","Google","Alphabeticals","o","garage door opener installation near me","en","us","0","-"
223,"garage door","Google","Alphabeticals","o","garage door opener app","en","us","0","-"
224,"garage door","Google","Alphabeticals","o","garage door opener not working","en","us","0","-"
225,"garage door","Google","Alphabeticals","o","garage door opener brands","en","us","0","-"
226,"garage door","Google","Alphabeticals","p","garage door parts","en","us","14.8K","2.47"
227,"garage door","Google","Alphabeticals","p","garage door panels","en","us","12.1K","5.07"
228,"garage door","Google","Alphabeticals","p","garage door panel replacement","en","us","0","-"
229,"garage door","Google","Alphabeticals","p","garage door paint","en","us","0","-"
230,"garage door","Google","Alphabeticals","p","garage door prices","en","us","0","-"
231,"garage door","Google","Alphabeticals","p","garage door pros","en","us","0","-"
232,"garage door","Google","Alphabeticals","p","garage door parts near me","en","us","0","-"
233,"garage door","Google","Alphabeticals","p","garage door panel replacement cost","en","us","0","-"
234,"garage door","Google","Alphabeticals","p","garage door parts diagram","en","us","0","-"
235,"garage door","Google","Alphabeticals","p","garage door pulley","en","us","0","-"
236,"garage door","Google","Alphabeticals","p","garage door panels for sale","en","us","0","-"
237,"garage door","Google","Alphabeticals","p","garage door parts supplier near me","en","us","0","-"
238,"garage door","Google","Alphabeticals","p","garage door privacy screen","en","us","0","-"
239,"garage door","Google","Alphabeticals","p","garage door paint ideas","en","us","0","-"
240,"garage door","Google","Alphabeticals","p","garage door precision service","en","us","0","-"
241,"garage door","Google","Alphabeticals","q","garage door quality","en","us","1.0K","11.08"
242,"garage door","Google","Alphabeticals","q","garage door quote","en","us","720","37.43"
243,"garage door","Google","Alphabeticals","q","garage door quiet rollers","en","us","0","-"
244,"garage door","Google","Alphabeticals","q","garage door quiet","en","us","0","-"
245,"garage door","Google","Alphabeticals","q","garage door quick turn brackets","en","us","0","-"
246,"garage door","Google","Alphabeticals","q","garage door quotes near me","en","us","0","-"
247,"garage door","Google","Alphabeticals","q","garage door quick release lock","en","us","0","-"
248,"garage door","Google","Alphabeticals","q","garage door quotes online","en","us","0","-"
249,"garage door","Google","Alphabeticals","q","garage door quiet kit","en","us","0","-"
250,"garage door","Google","Alphabeticals","q","garage door quick release","en","us","0","-"
251,"garage door","Google","Alphabeticals","q","garage door quick turn top brackets","en","us","0","-"
252,"garage door","Google","Alphabeticals","q","garage door quit working","en","us","0","-"
253,"garage door","Google","Alphabeticals","q","garage door quiet hinges","en","us","0","-"
254,"garage door","Google","Alphabeticals","q","garage door quiet motor","en","us","0","-"
255,"garage door","Google","Alphabeticals","q","garage door qmid","en","us","0","-"
256,"garage door","Google","Alphabeticals","r","garage door repair","en","us","246.0K","51.67"
257,"garage door","Google","Alphabeticals","r","garage door repair near me","en","us","165.0K","46.96"
258,"garage door","Google","Alphabeticals","r","garage door replacement","en","us","0","-"
259,"garage door","Google","Alphabeticals","r","garage door replacement cost","en","us","0","-"
260,"garage door","Google","Alphabeticals","r","garage door rollers","en","us","0","-"
261,"garage door","Google","Alphabeticals","r","garage door replacement near me","en","us","0","-"
262,"garage door","Google","Alphabeticals","r","garage door remote replacement","en","us","0","-"
263,"garage door","Google","Alphabeticals","r","garage door replacement panels","en","us","0","-"
264,"garage door","Google","Alphabeticals","r","garage door remote","en","us","0","-"
265,"garage door","Google","Alphabeticals","r","garage door repair cost","en","us","0","-"
266,"garage door","Google","Alphabeticals","r","garage door repair houston","en","us","0","-"
267,"garage door","Google","Alphabeticals","r","garage door roller replacement","en","us","0","-"
268,"garage door","Google","Alphabeticals","r","garage door rubber seal","en","us","0","-"
269,"garage door","Google","Alphabeticals","r","garage door rails","en","us","0","-"
270,"garage door","Google","Alphabeticals","r","garage door rust","en","us","0","-"
271,"garage door","Google","Alphabeticals","s","garage door springs","en","us","40.5K","8.25"
272,"garage door","Google","Alphabeticals","s","garage door seal","en","us","27.1K","1.13"
273,"garage door","Google","Alphabeticals","s","garage door spring replacement","en","us","0","-"
274,"garage door","Google","Alphabeticals","s","garage door spring replacement cost","en","us","0","-"
275,"garage door","Google","Alphabeticals","s","garage door seal bottom","en","us","0","-"
276,"garage door","Google","Alphabeticals","s","garage door screen","en","us","0","-"
277,"garage door","Google","Alphabeticals","s","garage door service near me","en","us","0","-"
278,"garage door","Google","Alphabeticals","s","garage door service","en","us","0","-"
279,"garage door","Google","Alphabeticals","s","garage door sensor","en","us","0","-"
280,"garage door","Google","Alphabeticals","s","garage door sizes","en","us","0","-"
281,"garage door","Google","Alphabeticals","s","garage door seal replacement","en","us","0","-"
282,"garage door","Google","Alphabeticals","s","garage door side seal","en","us","0","-"
283,"garage door","Google","Alphabeticals","s","garage door styles","en","us","0","-"
284,"garage door","Google","Alphabeticals","s","garage door strut","en","us","0","-"
285,"garage door","Google","Alphabeticals","s","garage door sensor yellow","en","us","0","-"
286,"garage door","Google","Alphabeticals","t","garage door technician","en","us","22.2K","59.84"
287,"garage door","Google","Alphabeticals","t","garage door torsion spring","en","us","18.1K","7.53"
288,"garage door","Google","Alphabeticals","t","garage door trim","en","us","0","-"
289,"garage door","Google","Alphabeticals","t","garage door track","en","us","0","-"
290,"garage door","Google","Alphabeticals","t","garage door torsion spring replacement","en","us","0","-"
291,"garage door","Google","Alphabeticals","t","garage door trim molding","en","us","0","-"
292,"garage door","Google","Alphabeticals","t","garage door tune up near me","en","us","0","-"
293,"garage door","Google","Alphabeticals","t","garage door threshold seal","en","us","0","-"
294,"garage door","Google","Alphabeticals","t","garage door tension springs","en","us","0","-"
295,"garage door","Google","Alphabeticals","t","garage door types","en","us","0","-"
296,"garage door","Google","Alphabeticals","t","garage door threshold","en","us","0","-"
297,"garage door","Google","Alphabeticals","t","garage door trim seal","en","us","0","-"
298,"garage door","Google","Alphabeticals","t","garage door tune up","en","us","0","-"
299,"garage door","Google","Alphabeticals","t","garage door track replacement","en","us","0","-"
300,"garage door","Google","Alphabeticals","t","garage door track kit","en","us","0","-"
301,"garage door","Google","Alphabeticals","u","garage door under seal","en","us","27.1K","1.46"
302,"garage door","Google","Alphabeticals","u","garage door universal remote","en","us","18.1K","0.38"
303,"garage door","Google","Alphabeticals","u","garage door upgrade","en","us","0","-"
304,"garage door","Google","Alphabeticals","u","garage door updates","en","us","0","-"
305,"garage door","Google","Alphabeticals","u","garage door utah","en","us","0","-"
306,"garage door","Google","Alphabeticals","u","garage door uneven","en","us","0","-"
307,"garage door","Google","Alphabeticals","u","garage door unit","en","us","0","-"
308,"garage door","Google","Alphabeticals","u","garage door upper seal","en","us","0","-"
309,"garage door","Google","Alphabeticals","u","garage door unlimited","en","us","0","-"
310,"garage door","Google","Alphabeticals","u","garage door upgrade kit","en","us","0","-"
311,"garage door","Google","Alphabeticals","u","garage door upgrade ideas","en","us","0","-"
312,"garage door","Google","Alphabeticals","u","garage door u factor","en","us","0","-"
313,"garage door","Google","Alphabeticals","u","garage door unit replacement","en","us","0","-"
314,"garage door","Google","Alphabeticals","u","garage door ups","en","us","0","-"
315,"garage door","Google","Alphabeticals","u","garage door under rubber","en","us","0","-"
316,"garage door","Google","Alphabeticals","v","garage door vendors","en","us","3.6K","7.41"
317,"garage door","Google","Alphabeticals","v","garage door vents","en","us","1.9K","0.97"
318,"garage door","Google","Alphabeticals","v","garage door ventilation","en","us","0","-"
319,"garage door","Google","Alphabeticals","v","garage door vertical track","en","us","0","-"
320,"garage door","Google","Alphabeticals","v","garage door vinyl trim","en","us","0","-"
321,"garage door","Google","Alphabeticals","v","garage door vinyl","en","us","0","-"
322,"garage door","Google","Alphabeticals","v","garage door vent kit","en","us","0","-"
323,"garage door","Google","Alphabeticals","v","garage door vertical track replacement","en","us","0","-"
324,"garage door","Google","Alphabeticals","v","garage door vinyl wrap","en","us","0","-"
325,"garage door","Google","Alphabeticals","v","garage door visualizer","en","us","0","-"
326,"garage door","Google","Alphabeticals","v","garage door videos","en","us","0","-"
327,"garage door","Google","Alphabeticals","v","garage door vent panel","en","us","0","-"
328,"garage door","Google","Alphabeticals","v","garage door video keypad","en","us","0","-"
329,"garage door","Google","Alphabeticals","v","garage door vent fan","en","us","0","-"
330,"garage door","Google","Alphabeticals","v","garage door vent for portable ac","en","us","0","-"
331,"garage door","Google","Alphabeticals","w","garage door with door","en","us","201.0K","13.74"
332,"garage door","Google","Alphabeticals","w","garage door weather stripping","en","us","27.1K","1.14"
333,"garage door","Google","Alphabeticals","w","garage door with windows","en","us","0","-"
334,"garage door","Google","Alphabeticals","w","garage door width","en","us","0","-"
335,"garage door","Google","Alphabeticals","w","garage door window inserts","en","us","0","-"
336,"garage door","Google","Alphabeticals","w","garage door wont close","en","us","0","-"
337,"garage door","Google","Alphabeticals","w","garage door won't open","en","us","0","-"
338,"garage door","Google","Alphabeticals","w","garage door weather seal","en","us","0","-"
339,"garage door","Google","Alphabeticals","w","garage door with man door","en","us","0","-"
340,"garage door","Google","Alphabeticals","w","garage door weather stripping bottom","en","us","0","-"
341,"garage door","Google","Alphabeticals","w","garage door wheels","en","us","0","-"
342,"garage door","Google","Alphabeticals","w","garage door window replacement","en","us","0","-"
343,"garage door","Google","Alphabeticals","w","garage door winding bars","en","us","0","-"
344,"garage door","Google","Alphabeticals","w","garage door wire","en","us","0","-"
345,"garage door","Google","Alphabeticals","w","garage door wheel replacement","en","us","0","-"
346,"garage door","Google","Alphabeticals","x","garage door xpress","en","us","20","-"
347,"garage door","Google","Alphabeticals","x","garage door xperts","en","us","20","26.86"
348,"garage door","Google","Alphabeticals","y","garage door youtube","en","us","210","-"
349,"garage door","Google","Alphabeticals","y","garage door yelp","en","us","170","19.32"
350,"garage door","Google","Alphabeticals","y","garage door yakima","en","us","0","-"
351,"garage door","Google","Alphabeticals","y","garage door york pa","en","us","0","-"
352,"garage door","Google","Alphabeticals","y","garage door yellow light on sensor","en","us","0","-"
353,"garage door","Google","Alphabeticals","y","garage door yuma az","en","us","0","-"
354,"garage door","Google","Alphabeticals","y","garage door yellow light","en","us","0","-"
355,"garage door","Google","Alphabeticals","y","garage door yellow light blinking","en","us","0","-"
356,"garage door","Google","Alphabeticals","y","garage door yellow learn button","en","us","0","-"
357,"garage door","Google","Alphabeticals","y","garage door york","en","us","0","-"
358,"garage door","Google","Alphabeticals","y","garage door youngstown ohio","en","us","0","-"
359,"garage door","Google","Alphabeticals","y","garage door yankton sd","en","us","0","-"
360,"garage door","Google","Alphabeticals","y","garage door yearly maintenance","en","us","0","-"
361,"garage door","Google","Alphabeticals","y","garage door yeovil","en","us","0","-"
362,"garage door","Google","Alphabeticals","z","garage door z wave","en","us","720","1.05"
363,"garage door","Google","Alphabeticals","z","garage door zip tie","en","us","170","0.5"
364,"garage door","Google","Alphabeticals","z","garage door zone","en","us","0","-"
365,"garage door","Google","Alphabeticals","z","garage door zigbee","en","us","0","-"
366,"garage door","Google","Alphabeticals","z","garage door zomboid","en","us","0","-"
367,"garage door","Google","Alphabeticals","z","garage door zone coupon","en","us","0","-"
368,"garage door","Google","Alphabeticals","z","garage door zone coupon code","en","us","0","-"
369,"garage door","Google","Alphabeticals","z","garage door zappers","en","us","0","-"
370,"garage door","Google","Alphabeticals","z","garage door zanesville ohio","en","us","0","-"
371,"garage door","Google","Alphabeticals","z","garage door zone near me","en","us","0","-"
372,"garage door","Google","Alphabeticals","z","garage door z flashing","en","us","0","-"
373,"garage door","Google","Alphabeticals","z","garage door zone reviews","en","us","0","-"
374,"garage door","Google","Alphabeticals","z","garage door zimbabwe","en","us","0","-"
375,"garage door","Google","Alphabeticals","z","garage door zipper screen","en","us","0","-"
376,"garage door","Google","Alphabeticals","z","garage door zinkwazi","en","us","0","-"
377,"garage door","Google","Comparisons","and","garage door and opener","en","us","135.0K","7.61"
378,"garage door","Google","Comparisons","and","garage door and installation cost","en","us","33.1K","7.36"
379,"garage door","Google","Comparisons","and","garage door and motor","en","us","0","-"
380,"garage door","Google","Comparisons","and","garage door and opener replacement","en","us","0","-"
381,"garage door","Google","Comparisons","and","garage door and track","en","us","0","-"
382,"garage door","Google","Comparisons","and","garage door and opener replacement cost","en","us","0","-"
383,"garage door","Google","Comparisons","and","garage door and opener cost","en","us","0","-"
384,"garage door","Google","Comparisons","and","garage door and gate","en","us","0","-"
385,"garage door","Google","Comparisons","and","garage door and more","en","us","0","-"
386,"garage door","Google","Comparisons","and","garage door and gate services","en","us","0","-"
387,"garage door","Google","Comparisons","and","garage door and installation near me","en","us","0","-"
388,"garage door","Google","Comparisons","and","garage door and gate repair","en","us","0","-"
389,"garage door","Google","Comparisons","and","garage door and gate company","en","us","0","-"
390,"garage door","Google","Comparisons","and","garage door and motor replacement cost","en","us","0","-"
391,"garage door","Google","Comparisons","and","garage door and front door combo","en","us","0","-"
392,"garage door","Google","Comparisons","like","garage door looks like wood","en","us","390","3.96"
393,"garage door","Google","Comparisons","like","garage door acting like something is in the way","en","us","30","35.61"
394,"garage door","Google","Comparisons","like","garage door like windows","en","us","0","-"
395,"garage door","Google","Comparisons","like","garage door like wood","en","us","0","-"
396,"garage door","Google","Comparisons","like","garage like door","en","us","0","-"
397,"garage door","Google","Comparisons","or","garage door or armored door rust","en","us","10","-"
398,"garage door","Google","Comparisons","or","garage door or","en","us","10","-"
399,"garage door","Google","Comparisons","or","garage door or gate","en","us","0","-"
400,"garage door","Google","Comparisons","or","garage door or roll up door","en","us","0","-"
401,"garage door","Google","Comparisons","vs","garage door vs roll up door","en","us","110","0.03"
402,"garage door","Google","Comparisons","vs","garage door vs double door rust","en","us","10","-"
403,"garage door","Google","Comparisons","vs","garage door vs armored double door","en","us","0","-"
404,"garage door","Google","Comparisons","vs","garage door vs metal door rust","en","us","0","-"
405,"garage door","Google","Comparisons","vs","garage door vs gate","en","us","0","-"
406,"garage door","Google","Comparisons","vs","garage door vs stone wall rust","en","us","0","-"
407,"garage door","Google","Comparisons","vs","garage door vs satchel","en","us","0","-"
408,"garage door","Google","Numbers","0","chamberlain garage door 045act","en","us","20","-"
409,"garage door","Google","Numbers","0","garage door 0 finance","en","us","0","-"
410,"garage door","Google","Numbers","0","garage door repair 07882","en","us","0","-"
411,"garage door","Google","Numbers","0","chamberlain garage door 050actwf","en","us","0","-"
412,"garage door","Google","Numbers","1","garage door 16x7","en","us","4.4K","6.32"
413,"garage door","Google","Numbers","1","garage door 10x10","en","us","3.6K","2.37"
414,"garage door","Google","Numbers","1","garage door 16x8","en","us","0","-"
415,"garage door","Google","Numbers","1","garage door 10x8","en","us","0","-"
416,"garage door","Google","Numbers","1","garage door 10x7","en","us","0","-"
417,"garage door","Google","Numbers","1","garage door 12x10","en","us","0","-"
418,"garage door","Google","Numbers","1","garage door 12x12","en","us","0","-"
419,"garage door","Google","Numbers","1","garage door 16x7 insulated","en","us","0","-"
420,"garage door","Google","Numbers","1","garage door 18x8","en","us","0","-"
421,"garage door","Google","Numbers","1","garage door 18x7","en","us","0","-"
422,"garage door","Google","Numbers","1","garage door 16x10","en","us","0","-"
423,"garage door","Google","Numbers","1","garage door 12x8","en","us","0","-"
424,"garage door","Google","Numbers","1","garage door 12x7","en","us","0","-"
425,"garage door","Google","Numbers","1","garage door 16x7 for sale","en","us","0","-"
426,"garage door","Google","Numbers","1","garage door 16 x 8 price","en","us","0","-"
427,"garage door","Google","Numbers","2","garage door 2 car","en","us","4.4K","4.45"
428,"garage door","Google","Numbers","2","garage door 24/7","en","us","260","28.7"
429,"garage door","Google","Numbers","2","garage door 2 car size","en","us","0","-"
430,"garage door","Google","Numbers","2","garage door 24 hour service","en","us","0","-"
431,"garage door","Google","Numbers","2","garage door 20x8","en","us","0","-"
432,"garage door","Google","Numbers","2","garage door 2 car price","en","us","0","-"
433,"garage door","Google","Numbers","2","garage door 2x6","en","us","0","-"
434,"garage door","Google","Numbers","2","garage door 2 spring replacement cost","en","us","0","-"
435,"garage door","Google","Numbers","2","garage door 20x10","en","us","0","-"
436,"garage door","Google","Numbers","2","garage door 2x6 framing","en","us","0","-"
437,"garage door","Google","Numbers","2","garage door 20x7","en","us","0","-"
438,"garage door","Google","Numbers","2","garage door 2 door","en","us","0","-"
439,"garage door","Google","Numbers","2","garage door 2026","en","us","0","-"
440,"garage door","Google","Numbers","2","garage door 20 ft wide","en","us","0","-"
441,"garage door","Google","Numbers","2","garage door 2550","en","us","0","-"
442,"garage door","Google","Numbers","3","garage door 3d model","en","us","50","5.13"
443,"garage door","Google","Numbers","3","garage door 360","en","us","50","12.04"
444,"garage door","Google","Numbers","3","garage door 3d","en","us","0","-"
445,"garage door","Google","Numbers","3","garage door 32x80","en","us","0","-"
446,"garage door","Google","Numbers","3","garage door 3d model free download","en","us","0","-"
447,"garage door","Google","Numbers","3","garage door 3d model free","en","us","0","-"
448,"garage door","Google","Numbers","3","garage door 3d warehouse","en","us","0","-"
449,"garage door","Google","Numbers","3","garage door 3 in 1","en","us","0","-"
450,"garage door","Google","Numbers","3","garage door 30x80","en","us","0","-"
451,"garage door","Google","Numbers","3","garage door 3d print","en","us","0","-"
452,"garage door","Google","Numbers","3","garage door 3650","en","us","0","-"
453,"garage door","Google","Numbers","3","garage door 3610","en","us","0","-"
454,"garage door","Google","Numbers","3","garage door 30 radius track","en","us","0","-"
455,"garage door","Google","Numbers","3","garage door 3m wide","en","us","0","-"
456,"garage door","Google","Numbers","3","garage door 3 blinks","en","us","0","-"
457,"garage door","Google","Numbers","4","garage door 4 panel","en","us","170","1.5"
458,"garage door","Google","Numbers","4","garage door 4 less","en","us","170","7.93"
459,"garage door","Google","Numbers","4","garage door 45 degree track","en","us","0","-"
460,"garage door","Google","Numbers","4","garage door 45 degree corners","en","us","0","-"
461,"garage door","Google","Numbers","4","garage door 4th of july decorations","en","us","0","-"
462,"garage door","Google","Numbers","4","garage door 4th of july cover","en","us","0","-"
463,"garage door","Google","Numbers","4","garage door 4 u","en","us","0","-"
464,"garage door","Google","Numbers","4","garage door 4283","en","us","0","-"
465,"garage door","Google","Numbers","4","garage door 4 springs","en","us","0","-"
466,"garage door","Google","Numbers","4","garage door 4 point locking","en","us","0","-"
467,"garage door","Google","Numbers","4","garage door 495","en","us","0","-"
468,"garage door","Google","Numbers","5","garage door 5x7","en","us","110","5.41"
469,"garage door","Google","Numbers","5","garage door 5x6","en","us","30","-"
470,"garage door","Google","Numbers","5","garage door 5 blinks","en","us","0","-"
471,"garage door","Google","Numbers","5","garage door 5 beeps","en","us","0","-"
472,"garage door","Google","Numbers","5","garage door 5 panel","en","us","0","-"
473,"garage door","Google","Numbers","5","garage door 5m wide","en","us","0","-"
474,"garage door","Google","Numbers","5","garage door 5m","en","us","0","-"
475,"garage door","Google","Numbers","5","garage door 5 feet wide","en","us","0","-"
476,"garage door","Google","Numbers","5","garage door 500","en","us","0","-"
477,"garage door","Google","Numbers","5","garage door 5740","en","us","0","-"
478,"garage door","Google","Numbers","5","garage door 5983","en","us","0","-"
479,"garage door","Google","Numbers","5","garage door 5283","en","us","0","-"
480,"garage door","Google","Numbers","5","garage door 5.5 m","en","us","0","-"
481,"garage door","Google","Numbers","5","garage door 5ft","en","us","0","-"
482,"garage door","Google","Numbers","6","garage door 6x7","en","us","590","2.11"
483,"garage door","Google","Numbers","6","garage door 6 feet wide","en","us","260","4.21"
484,"garage door","Google","Numbers","6","garage door 6x8","en","us","0","-"
485,"garage door","Google","Numbers","6","garage door 6x6","en","us","0","-"
486,"garage door","Google","Numbers","6","garage door 6ft wide","en","us","0","-"
487,"garage door","Google","Numbers","6","garage door 6.5 x 8","en","us","0","-"
488,"garage door","Google","Numbers","6","garage door 6m wide","en","us","0","-"
489,"garage door","Google","Numbers","6","garage door 6.5 x 9","en","us","0","-"
490,"garage door","Google","Numbers","6","garage door 6 feet high","en","us","0","-"
491,"garage door","Google","Numbers","6","garage door 6 wide","en","us","0","-"
492,"garage door","Google","Numbers","6","garage door 6ft","en","us","0","-"
493,"garage door","Google","Numbers","6","garage door 6m","en","us","0","-"
494,"garage door","Google","Numbers","6","garage door 6x9","en","us","0","-"
495,"garage door","Google","Numbers","6","garage door 6 panel","en","us","0","-"
496,"garage door","Google","Numbers","6","garage door 696cd b","en","us","0","-"
497,"garage door","Google","Numbers","7","garage door 7ft","en","us","3.6K","1.34"
498,"garage door","Google","Numbers","7","garage door 7x9","en","us","1.6K","3.22"
499,"garage door","Google","Numbers","7","garage door 7x16","en","us","0","-"
500,"garage door","Google","Numbers","7","garage door 7x10","en","us","0","-"
501,"garage door","Google","Numbers","7","garage door 7x8","en","us","0","-"
502,"garage door","Google","Numbers","7","garage door 7x7","en","us","0","-"
503,"garage door","Google","Numbers","7","garage door 7 days to die","en","us","0","-"
504,"garage door","Google","Numbers","7","garage door 7ft x 6ft 6","en","us","0","-"
505,"garage door","Google","Numbers","7","garage door 7ft x 7ft","en","us","0","-"
506,"garage door","Google","Numbers","7","garage door 7x9 for sale","en","us","0","-"
507,"garage door","Google","Numbers","7","garage door 7x16 price","en","us","0","-"
508,"garage door","Google","Numbers","7","garage door 7 ft wide","en","us","0","-"
509,"garage door","Google","Numbers","7","garage door 7x12","en","us","0","-"
510,"garage door","Google","Numbers","7","garage door 7 foot","en","us","0","-"
511,"garage door","Google","Numbers","7","garage door 7 wide","en","us","0","-"
512,"garage door","Google","Numbers","8","garage door 8x7","en","us","3.6K","1.59"
513,"garage door","Google","Numbers","8","garage door 8x10","en","us","2.9K","1.64"
514,"garage door","Google","Numbers","8","garage door 8x16","en","us","0","-"
515,"garage door","Google","Numbers","8","garage door 8x8","en","us","0","-"
516,"garage door","Google","Numbers","8","garage door 8x9","en","us","0","-"
517,"garage door","Google","Numbers","8","garage door 8x12","en","us","0","-"
518,"garage door","Google","Numbers","8","garage door 8x7 insulated","en","us","0","-"
519,"garage door","Google","Numbers","8","garage door 8x6.6","en","us","0","-"
520,"garage door","Google","Numbers","8","garage door 8x7 home depot","en","us","0","-"
521,"garage door","Google","Numbers","8","garage door 8x6.5","en","us","0","-"
522,"garage door","Google","Numbers","8","garage door 8ft","en","us","0","-"
523,"garage door","Google","Numbers","8","garage door 8x7 for sale","en","us","0","-"
524,"garage door","Google","Numbers","8","garage door 8x7 with windows","en","us","0","-"
525,"garage door","Google","Numbers","8","garage door 8x8 price","en","us","0","-"
526,"garage door","Google","Numbers","8","garage door 8 foot ceiling","en","us","0","-"
527,"garage door","Google","Numbers","9","garage door 9x7","en","us","3.6K","3.27"
528,"garage door","Google","Numbers","9","garage door 9x8","en","us","1.6K","1.45"
529,"garage door","Google","Numbers","9","garage door 9x7 insulated","en","us","0","-"
530,"garage door","Google","Numbers","9","garage door 9x9","en","us","0","-"
531,"garage door","Google","Numbers","9","garage door 9x10","en","us","0","-"
532,"garage door","Google","Numbers","9","garage door 9x7 for sale","en","us","0","-"
533,"garage door","Google","Numbers","9","garage door 911","en","us","0","-"
534,"garage door","Google","Numbers","9","garage door 9x6.5","en","us","0","-"
535,"garage door","Google","Numbers","9","garage door 9x6.6","en","us","0","-"
536,"garage door","Google","Numbers","9","garage door 9x7 price","en","us","0","-"
537,"garage door","Google","Numbers","9","garage door 9x8 insulated","en","us","0","-"
538,"garage door","Google","Numbers","9","garage door 9x7 non insulated","en","us","0","-"
539,"garage door","Google","Numbers","9","garage door 911 nampa idaho","en","us","0","-"
540,"garage door","Google","Numbers","9","garage door 9 wide 7 tall","en","us","0","-"
541,"garage door","Google","Numbers","9","garage door 9x8 for sale","en","us","0","-"
542,"garage door","Google","Prepositions","can","garage door can not close","en","us","210","19.33"
543,"garage door","Google","Prepositions","can","garage door can not open","en","us","0","-"
544,"garage door","Google","Prepositions","for","garage door for sale","en","us","12.1K","7.13"
545,"garage door","Google","Prepositions","for","garage door for sale near me","en","us","2.9K","11.58"
546,"garage door","Google","Prepositions","for","garage door for shed","en","us","0","-"
547,"garage door","Google","Prepositions","for","garage door for carport","en","us","0","-"
548,"garage door","Google","Prepositions","for","garage door for golf cart","en","us","0","-"
549,"garage door","Google","Prepositions","for","garage door for pole barn","en","us","0","-"
550,"garage door","Google","Prepositions","for","garage door for sale home depot","en","us","0","-"
551,"garage door","Google","Prepositions","for","garage door for house","en","us","0","-"
552,"garage door","Google","Prepositions","for","garage door for metal building","en","us","0","-"
553,"garage door","Google","Prepositions","for","garage door for shipping container","en","us","0","-"
554,"garage door","Google","Prepositions","for","garage door for 2 car garage","en","us","0","-"
555,"garage door","Google","Prepositions","for","garage door for less","en","us","0","-"
556,"garage door","Google","Prepositions","for","garage door for low ceiling","en","us","0","-"
557,"garage door","Google","Prepositions","for","garage door for sale 16x7","en","us","0","-"
558,"garage door","Google","Prepositions","for","garage door for two cars","en","us","0","-"
559,"garage door","Google","Prepositions","is","garage door is not closing","en","us","1.9K","24.37"
560,"garage door","Google","Prepositions","is","garage door is not opening","en","us","1.9K","27.64"
561,"garage door","Google","Prepositions","is","garage door is off track","en","us","0","-"
562,"garage door","Google","Prepositions","is","garage door is not opening all the way","en","us","0","-"
563,"garage door","Google","Prepositions","is","garage door is stuck","en","us","0","-"
564,"garage door","Google","Prepositions","is","garage door is opening on its own","en","us","0","-"
565,"garage door","Google","Prepositions","is","garage door is not working","en","us","0","-"
566,"garage door","Google","Prepositions","is","garage door is crooked","en","us","0","-"
567,"garage door","Google","Prepositions","is","garage door is stuck open","en","us","0","-"
568,"garage door","Google","Prepositions","is","garage door is loud","en","us","0","-"
569,"garage door","Google","Prepositions","is","garage door is squeaking","en","us","0","-"
570,"garage door","Google","Prepositions","is","garage door is beeping","en","us","0","-"
571,"garage door","Google","Prepositions","is","garage door is not opening or closing","en","us","0","-"
572,"garage door","Google","Prepositions","is","garage door is very loud","en","us","0","-"
573,"garage door","Google","Prepositions","is","garage door is making a grinding noise","en","us","0","-"
574,"garage door","Google","Prepositions","near","garage door near me","en","us","14.8K","28.45"
575,"garage door","Google","Prepositions","near","garage door near","en","us","1.3K","20.54"
576,"garage door","Google","Prepositions","near","garage door near me prices","en","us","0","-"
577,"garage door","Google","Prepositions","near","garage door near me repair","en","us","0","-"
578,"garage door","Google","Prepositions","near","garage door near ne","en","us","0","-"
579,"garage door","Google","Prepositions","near","garage door near me for sale","en","us","0","-"
580,"garage door","Google","Prepositions","near","garage door near me within 5 mi","en","us","0","-"
581,"garage door","Google","Prepositions","to","garage door to house","en","us","720","1.15"
582,"garage door","Google","Prepositions","to","garage door to french door conversion","en","us","390","6.01"
583,"garage door","Google","Prepositions","to","garage door to wall conversion","en","us","0","-"
584,"garage door","Google","Prepositions","to","garage door to window conversion","en","us","0","-"
585,"garage door","Google","Prepositions","to","garage door to french door","en","us","0","-"
586,"garage door","Google","Prepositions","to","garage door to buy","en","us","0","-"
587,"garage door","Google","Prepositions","to","garage door to backyard","en","us","0","-"
588,"garage door","Google","Prepositions","to","garage door to kitchen","en","us","0","-"
589,"garage door","Google","Prepositions","to","garage door to regular door","en","us","0","-"
590,"garage door","Google","Prepositions","to","garage door to house requirements","en","us","0","-"
591,"garage door","Google","Prepositions","to","garage door to inside house","en","us","0","-"
592,"garage door","Google","Prepositions","to","garage door to house replacement","en","us","0","-"
593,"garage door","Google","Prepositions","to","garage door to floor seal","en","us","0","-"
594,"garage door","Google","Prepositions","to","garage door to opener bracket","en","us","0","-"
595,"garage door","Google","Prepositions","to","garage door to pantry","en","us","0","-"
596,"garage door","Google","Prepositions","with","garage door with door","en","us","201.0K","13.74"
597,"garage door","Google","Prepositions","with","garage door with screen","en","us","27.1K","1.38"
598,"garage door","Google","Prepositions","with","garage door with glass","en","us","0","-"
599,"garage door","Google","Prepositions","with","garage door with windows","en","us","0","-"
600,"garage door","Google","Prepositions","with","garage door with entry door","en","us","0","-"
601,"garage door","Google","Prepositions","with","garage door with man door","en","us","0","-"
602,"garage door","Google","Prepositions","with","garage door with pedestrian door","en","us","0","-"
603,"garage door","Google","Prepositions","with","garage door with cat door","en","us","0","-"
604,"garage door","Google","Prepositions","with","garage door with glass panels","en","us","0","-"
605,"garage door","Google","Prepositions","with","garage door with walk through door","en","us","0","-"
606,"garage door","Google","Prepositions","with","garage door with pedestrian door price","en","us","0","-"
607,"garage door","Google","Prepositions","with","garage door with door built in","en","us","0","-"
608,"garage door","Google","Prepositions","with","garage door with side windows","en","us","0","-"
609,"garage door","Google","Prepositions","with","garage door with windows that open","en","us","0","-"
610,"garage door","Google","Prepositions","with","garage door with windows on top","en","us","0","-"
611,"garage door","Google","Prepositions","without","garage door without tracks","en","us","260","3.37"
612,"garage door","Google","Prepositions","without","garage door without springs","en","us","260","10.49"
613,"garage door","Google","Prepositions","without","garage door without windows","en","us","0","-"
614,"garage door","Google","Prepositions","without","garage door without torsion spring","en","us","0","-"
615,"garage door","Google","Prepositions","without","garage door without rails","en","us","0","-"
616,"garage door","Google","Prepositions","without","garage door without power","en","us","0","-"
617,"garage door","Google","Prepositions","without","garage door without opener","en","us","0","-"
618,"garage door","Google","Prepositions","without","garage without door","en","us","0","-"
619,"garage door","Google","Prepositions","without","garage door without motor","en","us","0","-"
620,"garage door","Google","Prepositions","without","garage door without sensors","en","us","0","-"
621,"garage door","Google","Prepositions","without","garage door without electricity","en","us","0","-"
622,"garage door","Google","Prepositions","without","garage door without overhead track","en","us","0","-"
623,"garage door","Google","Prepositions","without","garage door without tension spring","en","us","0","-"
624,"garage door","Google","Prepositions","without","garage door without ceiling tracks","en","us","0","-"
625,"garage door","Google","Questions","are","are garage door openers universal","en","us","260","2.7"
626,"garage door","Google","Questions","are","are garage door sensors universal","en","us","140","0.31"
627,"garage door","Google","Questions","are","are garage door springs dangerous","en","us","0","-"
628,"garage door","Google","Questions","are","are garage door remotes universal","en","us","0","-"
629,"garage door","Google","Questions","are","are garage door openers easy to install","en","us","0","-"
630,"garage door","Google","Questions","are","are garage door rollers universal","en","us","0","-"
631,"garage door","Google","Questions","are","are garage door springs universal","en","us","0","-"
632,"garage door","Google","Questions","are","are garage door seals universal","en","us","0","-"
633,"garage door","Google","Questions","are","are garage door keypads universal","en","us","0","-"
634,"garage door","Google","Questions","are","are garage door tracks universal","en","us","0","-"
635,"garage door","Google","Questions","are","are garage door sensors interchangeable","en","us","0","-"
636,"garage door","Google","Questions","are","are garage door safety sensors universal","en","us","0","-"
637,"garage door","Google","Questions","are","are garage door keypads wired","en","us","0","-"
638,"garage door","Google","Questions","are","are garage door bottom seals universal","en","us","0","-"
639,"garage door","Google","Questions","are","are garage door sensors supposed to both be green","en","us","0","-"
640,"garage door","Google","Questions","can","can garage door be painted","en","us","260","2.28"
641,"garage door","Google","Questions","can","can garage door sensors go bad","en","us","0","-"
642,"garage door","Google","Questions","can","can garage door openers be reprogrammed","en","us","0","-"
643,"garage door","Google","Questions","can","can garage door panels be replaced","en","us","0","-"
644,"garage door","Google","Questions","can","can garage door sensors be bypassed","en","us","0","-"
645,"garage door","Google","Questions","can","can garage door open without power","en","us","0","-"
646,"garage door","Google","Questions","can","can garage door panels be repaired","en","us","0","-"
647,"garage door","Google","Questions","can","can garage door openers be cloned","en","us","0","-"
648,"garage door","Google","Questions","can","can garage door open with broken spring","en","us","0","-"
649,"garage door","Google","Questions","can","can garage door be opened manually from outside","en","us","0","-"
650,"garage door","Google","Questions","can","can garage door openers go bad","en","us","0","-"
651,"garage door","Google","Questions","can","can garage door dents be repaired","en","us","0","-"
652,"garage door","Google","Questions","can","can garage door safety sensors be bypassed","en","us","0","-"
653,"garage door","Google","Questions","can","can garage door openers be repaired","en","us","0","-"
654,"garage door","Google","Questions","can","can garage door springs break","en","us","0","-"
655,"garage door","Google","Questions","how","how much garage door cost","en","us","480","5.02"
656,"garage door","Google","Questions","how","how garage door works","en","us","170","-"
657,"garage door","Google","Questions","how","how garage door opener works","en","us","0","-"
658,"garage door","Google","Questions","how","how garage door spring works","en","us","0","-"
659,"garage door","Google","Questions","how","how much garage door spring cost","en","us","0","-"
660,"garage door","Google","Questions","how","how garage door sensors work","en","us","0","-"
661,"garage door","Google","Questions","how","how garage door torsion springs work","en","us","0","-"
662,"garage door","Google","Questions","how","how garage door repair","en","us","0","-"
663,"garage door","Google","Questions","how","how garage door","en","us","0","-"
664,"garage door","Google","Questions","how","how garage door spring replacement","en","us","0","-"
665,"garage door","Google","Questions","what","what garage door opener is best","en","us","720","1.25"
666,"garage door","Google","Questions","what","what garage door is best","en","us","110","4.87"
667,"garage door","Google","Questions","what","what garage door spring do i need","en","us","0","-"
668,"garage door","Google","Questions","what","what garage door opener do i need","en","us","0","-"
669,"garage door","Google","Questions","what","what garage door openers are compatible with myq","en","us","0","-"
670,"garage door","Google","Questions","what","what garage door openers work with myq","en","us","0","-"
671,"garage door","Google","Questions","what","what garage door openers work with google home","en","us","0","-"
672,"garage door","Google","Questions","what","what garage door opener should i buy","en","us","0","-"
673,"garage door","Google","Questions","what","what garage door openers are compatible with homelink","en","us","0","-"
674,"garage door","Google","Questions","what","what garage door openers work with alexa","en","us","0","-"
675,"garage door","Google","Questions","what","what garage door do i have","en","us","0","-"
676,"garage door","Google","Questions","what","what garage door opener works with tesla","en","us","0","-"
677,"garage door","Google","Questions","what","what garage door openers work with ring","en","us","0","-"
678,"garage door","Google","Questions","what","what garage door opener is compatible with liftmaster","en","us","0","-"
679,"garage door","Google","Questions","what","what garage door seal do i need","en","us","0","-"
680,"garage door","Google","Questions","when","when to replace garage door","en","us","90","8.66"
681,"garage door","Google","Questions","when","when to replace garage door spring","en","us","50","21.72"
682,"garage door","Google","Questions","when","when garage door won't close","en","us","0","-"
683,"garage door","Google","Questions","when","when to replace garage door rollers","en","us","0","-"
684,"garage door","Google","Questions","when","when garage door closes then reopens","en","us","0","-"
685,"garage door","Google","Questions","when","when garage door won't open","en","us","0","-"
686,"garage door","Google","Questions","when","when garage door opens by itself","en","us","0","-"
687,"garage door","Google","Questions","when","when garage door remotes not working","en","us","0","-"
688,"garage door","Google","Questions","when","when garage door spring breaks","en","us","0","-"
689,"garage door","Google","Questions","when","when garage door","en","us","0","-"
690,"garage door","Google","Questions","when","when are garage door openers on sale","en","us","0","-"
691,"garage door","Google","Questions","when","when to lubricate garage door","en","us","0","-"
692,"garage door","Google","Questions","when","when to replace garage door bottom seal","en","us","0","-"
693,"garage door","Google","Questions","when","when to replace garage door seal","en","us","0","-"
694,"garage door","Google","Questions","where","where are garage door sensors","en","us","50","0.02"
695,"garage door","Google","Questions","where","where are garage door openers in home depot","en","us","20","1.04"
696,"garage door","Google","Questions","where","where are garage door openers in lowes","en","us","0","-"
697,"garage door","Google","Questions","where","where is garage door spring","en","us","0","-"
698,"garage door","Google","Questions","where","where are garage door openers in menards","en","us","0","-"
699,"garage door","Google","Questions","where","where lubricate garage door","en","us","0","-"
700,"garage door","Google","Questions","where","where is garage door battery","en","us","0","-"
701,"garage door","Google","Questions","where","where is garage door lock","en","us","0","-"
702,"garage door","Google","Questions","where","where buy garage door","en","us","0","-"
703,"garage door","Google","Questions","where","where is garage door","en","us","0","-"
704,"garage door","Google","Questions","where","where is garage door safety sensor","en","us","0","-"
705,"garage door","Google","Questions","where","where is garage door sims 4","en","us","0","-"
706,"garage door","Google","Questions","where","where is garage door in rust","en","us","0","-"
707,"garage door","Google","Questions","where","window where garage door was","en","us","0","-"
708,"garage door","Google","Questions","where","where are garage door hinges","en","us","0","-"
709,"garage door","Google","Questions","which","which garage door opener is the best","en","us","140","1.63"
710,"garage door","Google","Questions","which","which garage door spring do i need","en","us","30","1.71"
711,"garage door","Google","Questions","which","which garage door is best","en","us","0","-"
712,"garage door","Google","Questions","which","which garage door opener is the quietest","en","us","0","-"
713,"garage door","Google","Questions","which","which garage door opener do i need","en","us","0","-"
714,"garage door","Google","Questions","which","which garage door insulation is best","en","us","0","-"
715,"garage door","Google","Questions","which","which garage door openers work with alexa","en","us","0","-"
716,"garage door","Google","Questions","which","which garage door motor is best","en","us","0","-"
717,"garage door","Google","Questions","which","which garage door openers are compatible with myq","en","us","0","-"
718,"garage door","Google","Questions","which","which garage door opener works with google home","en","us","0","-"
719,"garage door","Google","Questions","which","which garage door openers work with myq","en","us","0","-"
720,"garage door","Google","Questions","which","which garage door rollers are best","en","us","0","-"
721,"garage door","Google","Questions","which","which garage door opener brand is best","en","us","0","-"
722,"garage door","Google","Questions","which","which garage door opener is easiest to install","en","us","0","-"
723,"garage door","Google","Questions","which","which garage door sensor is the receiver","en","us","0","-"
724,"garage door","Google","Questions","who","who fix garage door","en","us","260","53.2"
725,"garage door","Google","Questions","who","who install garage door opener","en","us","140","18.16"
726,"garage door","Google","Questions","who","who fix garage door near me","en","us","0","-"
727,"garage door","Google","Questions","why","why garage door won't close","en","us","1.6K","8.8"
728,"garage door","Google","Questions","why","why garage door open by itself","en","us","1.3K","6.31"
729,"garage door","Google","Questions","why","why garage door won't open","en","us","0","-"
730,"garage door","Google","Questions","why","why garage door not closing","en","us","0","-"
731,"garage door","Google","Questions","why","why garage door spring break","en","us","0","-"
732,"garage door","Google","Questions","why","why garage door sensor is yellow","en","us","0","-"
733,"garage door","Google","Questions","why","why garage door beeping","en","us","0","-"
734,"garage door","Google","Questions","why","why garage door keypad not working","en","us","0","-"
735,"garage door","Google","Questions","why","why garage door open and close by itself","en","us","0","-"
736,"garage door","Google","Questions","why","why garage door won't go down","en","us","0","-"
737,"garage door","Google","Questions","why","why garage door is not opening","en","us","0","-"
738,"garage door","Google","Questions","why","why garage door opener beeping","en","us","0","-"
739,"garage door","Google","Questions","why","why garage door remote not working","en","us","0","-"
740,"garage door","Google","Questions","why","why garage door won't shut","en","us","0","-"
741,"garage door","Google","Questions","why","why garage door close and open again","en","us","0","-"
742,"garage door","Google","Questions","will","will garage door work without sensors","en","us","50","-"
743,"garage door","Google","Questions","will","will garage door open without power","en","us","40","-"
744,"garage door","Google","Questions","will","will garage door open with broken spring","en","us","0","-"
745,"garage door","Google","Questions","will","will garage door work without power","en","us","0","-"
746,"garage door","Google","Questions","will","will garage door open if power is out","en","us","0","-"
747,"garage door","Google","Questions","will","will garage door work with broken spring","en","us","0","-"
748,"garage door","Google","Related","-","repair garage door","en","us","301.0K","43.955"
749,"garage door","Google","Related","-","fix garage door near me","en","us","246.0K","40.45"
750,"garage door","Google","Related","-","garage door","en","us","0","-"
751,"garage door","Google","Related","-","and garage door","en","us","0","-"
752,"garage door","Google","Related","-","fix a garage door opener","en","us","0","-"
753,"garage door","Google","Related","-","garage door fixed near me","en","us","0","-"
754,"garage door","Google","Related","-","door and garage door","en","us","0","-"
755,"garage door","Google","Related","-","garage door opener","en","us","0","-"
756,"garage door","Google","Related","-","fix garage door opener","en","us","0","-"
757,"garage door","Google","Related","-","garage door repair near me","en","us","0","-"
758,"garage door","Google","Related","-","garage door opener repairs","en","us","0","-"
759,"garage door","Google","Related","-","garage door and opener","en","us","0","-"
760,"garage door","Google","Related","-","garage door opening repair","en","us","0","-"
761,"garage door","Google","Related","-","life master garage door opener","en","us","0","-"
762,"garage door","Google","Related","-","repairing a garage door opener","en","us","0","-"
763,"garage door","Google","Related","-","garage door opener lift master","en","us","0","-"
764,"garage door","Google","Related","-","chamber garage door opener","en","us","0","-"
765,"garage door","Google","Related","-","garage door isolation","en","us","0","-"
766,"garage door","Google","Related","-","installed garage door","en","us","0","-"
767,"garage door","Google","Related","-","garage door insulation","en","us","0","-"
768,"garage door","Google","Related","-","insulation for garage door","en","us","0","-"
769,"garage door","Google","Related","-","spring garage door","en","us","0","-"
770,"garage door","Google","Related","-","genie garage door open","en","us","0","-"
771,"garage door","Google","Related","-","precision door garage door","en","us","0","-"
772,"garage door","Google","Related","-","garage door with installation","en","us","0","-"
773,"garage door","Google","Related","-","garage door with springs","en","us","0","-"
774,"garage door","Google","Related","-","fix liftmaster garage door opener","en","us","0","-"
775,"garage door","Google","Related","-","garage door opener remote control","en","us","0","-"
776,"garage door","Google","Related","-","m y q garage door opener","en","us","0","-"
777,"garage door","Google","Related","-","garage door openers installed","en","us","0","-"
778,"garage door","Google","Related","-","garage door opener my q","en","us","0","-"
779,"garage door","Google","Related","-","cost to replace spring in garage door","en","us","0","-"
780,"garage door","Google","Related","-","remote for garage door","en","us","0","-"
781,"garage door","Google","Related","-","remote control garage door opener","en","us","0","-"
782,"garage door","Google","Related","-","garage door replacment","en","us","0","-"
783,"garage door","Google","Related","-","battery garage door remote","en","us","0","-"
784,"garage door","Google","Related","-","garage door servicing near me","en","us","0","-"
785,"garage door","Google","Related","-","garage door cost installed","en","us","0","-"
786,"garage door","Google","Related","-","garage door company near me","en","us","0","-"
787,"garage door","Google","Related","-","garage door repair liftmaster","en","us","0","-"
788,"garage door","Google","Related","-","garage door remote installation","en","us","0","-"
789,"garage door","Google","Related","-","service a garage door","en","us","0","-"
790,"garage door","Google","Related","-","replace spring garage door","en","us","0","-"
791,"garage door","Google","Related","-","replace garage door","en","us","0","-"
792,"garage door","Google","Related","-","garage door techs","en","us","0","-"
793,"garage door","Google","Related","-","installation of garage door cost","en","us","0","-"
794,"garage door","Google","Related","-","garage door installed near me","en","us","0","-"
795,"garage door","Google","Related","-","garage door openers smart","en","us","0","-"
796,"garage door","Google","Related","-","garage door replace spring cost","en","us","0","-"
797,"garage door","Google","Related","-","garage door weather strip","en","us","0","-"
798,"garage door","Google","Related","-","replace spring in garage door","en","us","0","-"
799,"garage door","Google","Related","-","garage door service and repair","en","us","0","-"
800,"garage door","Google","Related","-","screen garage door","en","us","0","-"
801,"garage door","Google","Related","-","remote garage door battery","en","us","0","-"
802,"garage door","Google","Related","-","m q garage door opener","en","us","0","-"
803,"garage door","Google","Related","-","garage door liftmaster remote","en","us","0","-"
804,"garage door","Google","Related","-","garage door seal","en","us","0","-"
805,"garage door","Google","Related","-","garage door seal bottom","en","us","0","-"
806,"garage door","Google","Related","-","garage door liftmaster repair","en","us","0","-"
807,"garage door","Google","Related","-","a1 garage door","en","us","0","-"
808,"garage door","Google","Related","-","garage door companies near me","en","us","0","-"
809,"garage door","Google","Related","-","a1 garage door service tempe","en","us","0","-"
810,"garage door","Google","Related","-","garage door under seal","en","us","0","-"
811,"garage door","Google","Related","-","battery for garage door remote","en","us","0","-"
812,"garage door","Google","Related","-","garage door services and repair","en","us","0","-"
813,"garage door","Google","Related","-","insulation garage door kit","en","us","0","-"
814,"garage door","Google","Related","-","garage door installation near me","en","us","0","-"
815,"garage door","Google","Related","-","replacing garage door spring","en","us","0","-"
816,"garage door","Google","Related","-","garage door fix spring","en","us","0","-"
817,"garage door","Google","Related","-","garage door screen","en","us","0","-"
818,"garage door","Google","Related","-","rolling garage door","en","us","0","-"
819,"garage door","Google","Related","-","roll garage door","en","us","0","-"
820,"garage door","Google","Related","-","garage door remote for liftmaster","en","us","0","-"
821,"garage door","Google","Related","-","garage door tech","en","us","0","-"
822,"garage door","Google","Related","-","liftmaster garage door opener remote","en","us","0","-"
823,"garage door","Google","Related","-","cost of garage door installation","en","us","0","-"
824,"garage door","Google","Related","-","smart garage door opener","en","us","0","-"
825,"garage door","Google","Related","-","chamberlain garage door remote","en","us","0","-"
826,"garage door","Google","Related","-","garage door service near me","en","us","0","-"
827,"garage door","Google","Related","-","liftmaster garage door repair","en","us","0","-"
828,"garage door","Google","Related","-","grease garage door","en","us","0","-"
829,"garage door","Google","Related","-","garage door replacement","en","us","0","-"
830,"garage door","Google","Related","-","garage door insulation kits","en","us","0","-"
831,"garage door","Google","Related","-","garage door maintenance near me","en","us","0","-"
832,"garage door","Google","Related","-","garage door with door near me","en","us","0","-"
833,"garage door","Google","Related","-","parts of garage door","en","us","0","-"
834,"garage door","Google","Related","-","universal remote garage door","en","us","0","-"
835,"garage door","Google","Related","-","fix garage door springs","en","us","0","-"
836,"garage door","Google","Related","-","garage door co","en","us","0","-"
837,"garage door","Google","Related","-","how to set a garage door remote","en","us","0","-"
838,"garage door","Google","Related","-","how to set a remote for garage door","en","us","0","-"
839,"garage door","Google","Related","-","smart opener garage door","en","us","0","-"
840,"garage door","Google","Related","-","garage door sensor fix","en","us","0","-"
841,"garage door","Google","Related","-","garage door spring repair","en","us","0","-"
842,"garage door","Google","Related","-","garage door supplies","en","us","0","-"
843,"garage door","Google","Related","-","garage door repair and services","en","us","0","-"
844,"garage door","Google","Related","-","garage door lubricant","en","us","0","-"
845,"garage door","Google","Related","-","homedepot garage door","en","us","0","-"
846,"garage door","Google","Related","-","garage door bottom seals","en","us","0","-"
847,"garage door","Google","Related","-","garage door torque springs","en","us","0","-"
848,"garage door","Google","Related","-","overhead garage door","en","us","0","-"
849,"garage door","Google","Related","-","garage door company","en","us","0","-"
850,"garage door","Google","Related","-","garage door and opener installation cost","en","us","0","-"
851,"garage door","Google","Related","-","cost replace garage door","en","us","0","-"
852,"garage door","Google","Related","-","overhead garage door repairs","en","us","0","-"
853,"garage door","Google","Related","-","chain drive garage door opener","en","us","0","-"
854,"garage door","Google","Related","-","genie garage door opener remote","en","us","0","-"
855,"garage door","Google","Related","-","fix garage door sensors","en","us","0","-"
856,"garage door","Google","Related","-","install a garage door cost","en","us","0","-"
857,"garage door","Google","Related","-","garage door near me","en","us","0","-"
858,"garage door","Google","Related","-","garage door supplier","en","us","0","-"
859,"garage door","Google","Related","-","garage door repair technician","en","us","0","-"
860,"garage door","Google","Related","-","garage door remote controls universal","en","us","0","-"
861,"garage door","Google","Related","-","garage door opener chamberlain remote","en","us","0","-"
862,"garage door","Google","Related","-","glass garage door","en","us","0","-"
863,"garage door","Google","Related","-","garage door service","en","us","0","-"
864,"garage door","Google","Related","-","belt garage door opener","en","us","0","-"
865,"garage door","Google","Related","-","craftsman garage door openers","en","us","0","-"
866,"garage door","Google","Related","-","part for garage door","en","us","0","-"
867,"garage door","Google","Related","-","garage door supply","en","us","0","-"
868,"garage door","Google","Related","-","garage door remote for craftsman","en","us","0","-"
869,"garage door","Google","Related","-","garage door window","en","us","0","-"
870,"garage door","Google","Related","-","garage door remote battery liftmaster","en","us","0","-"
871,"garage door","Google","Related","-","emergency garage door repair","en","us","0","-"
872,"garage door","Google","Related","-","side mount garage door opener","en","us","0","-"
873,"garage door","Google","Related","-","wall mount garage door remote","en","us","0","-"
874,"garage door","Google","Related","-","home depot garage door remote","en","us","0","-"
875,"garage door","Google","Related","-","panel for garage door","en","us","0","-"
876,"garage door","Google","Related","-","install liftmaster garage door opener","en","us","0","-"
877,"garage door","Google","Related","-","roller for garage door","en","us","0","-"
878,"garage door","Google","Related","-","garage door smart opener","en","us","0","-"
879,"garage door","Google","Related","-","garage door remote universal","en","us","0","-"
880,"garage door","Google","Related","-","garage door modern","en","us","0","-"
881,"garage door","Google","Related","-","size of a two car garage door","en","us","0","-"
882,"garage door","Google","Related","-","garage door new","en","us","0","-"
883,"garage door","Google","Related","-","garage door sales","en","us","0","-"
884,"garage door","Google","Related","-","garage door metal","en","us","0","-"
885,"garage door","Google","Related","-","garage door repair sensor","en","us","0","-"
886,"garage door","Google","Related","-","home depot garage door","en","us","0","-"
887,"garage door","Google","Related","-","garage door lowes","en","us","0","-"
888,"garage door","Google","Related","-","drive belt garage door opener","en","us","0","-"
889,"garage door","Google","Related","-","garage door opener installed price","en","us","0","-"
890,"garage door","Google","Related","-","garage door wayne dalton","en","us","0","-"
891,"garage door","Google","Related","-","garage door opener battery cr2032","en","us","0","-"
892,"garage door","Google","Related","-","common garage door size","en","us","0","-"
893,"garage door","Google","Related","-","fix genie garage door opener","en","us","0","-"
894,"garage door","Google","Related","-","wood for garage door","en","us","0","-"
895,"garage door","Google","Related","-","garage door replacements near me","en","us","0","-"
896,"garage door","Google","Related","-","garage door opener chain driven","en","us","0","-"
897,"garage door","Google","Related","-","standard garage door height","en","us","0","-"
898,"garage door","Google","Related","-","garage door length","en","us","0","-"
899,"garage door","Google","Related","-","retractable garage door screens","en","us","0","-"
900,"garage door","Google","Related","-","lock a garage door","en","us","0","-"
901,"garage door","Google","Related","-","modern garage door","en","us","0","-"
902,"garage door","Google","Related","-","painting garage door","en","us","0","-"
903,"garage door","Google","Related","-","price garage door","en","us","0","-"
904,"garage door","Google","Related","-","garage door installation service","en","us","0","-"
905,"garage door","Google","Related","-","repair garage door opener near me","en","us","0","-"
906,"garage door","Google","Related","-","garage door suppliers near me","en","us","0","-"
907,"garage door","Google","Related","-","garage door for sell","en","us","0","-"
908,"garage door","Google","Related","-","cr2032 battery for garage door opener","en","us","0","-"
909,"garage door","Google","Related","-","adjust garage door sensors","en","us","0","-"
910,"garage door","Google","Related","-","sensors garage door","en","us","0","-"
911,"garage door","Google","Related","-","garage door black","en","us","0","-"
912,"garage door","Google","Related","-","locked garage door","en","us","0","-"
913,"garage door","Google","Related","-","contemporary garage door","en","us","0","-"
914,"garage door","Google","Related","-","cost garage door","en","us","0","-"
915,"garage door","Google","Related","-","single car garage door","en","us","0","-"
916,"garage door","Google","Related","-","price of new garage door","en","us","0","-"
917,"garage door","Google","Related","-","houston tx garage door repair","en","us","0","-"
918,"garage door","Google","Related","-","battery for liftmaster garage door opener","en","us","0","-"
919,"garage door","Google","Related","-","garage door opener drive belt","en","us","0","-"
920,"garage door","Google","Related","-","garage door opener at lowes","en","us","0","-"
921,"garage door","Google","Related","-","lock on garage door","en","us","0","-"
922,"garage door","Google","Related","-","lowe's garage door","en","us","0","-"
923,"garage door","Google","Related","-","garage door wood","en","us","0","-"
924,"garage door","Google","Related","-","garage door repair emergency","en","us","0","-"
925,"garage door","Google","Related","-","genie garage door opener repair","en","us","0","-"
926,"garage door","Google","Related","-","garage door replace panel","en","us","0","-"
927,"garage door","Google","Related","-","houston garage door repair","en","us","0","-"
928,"garage door","Google","Related","-","garage door cover decoration","en","us","0","-"
929,"garage door","Google","Related","-","genie garage door openers repair","en","us","0","-"
930,"garage door","Google","Related","-","garage door openers repair near me","en","us","0","-"
931,"garage door","Google","Related","-","retractable garage door screen","en","us","0","-"
932,"garage door","Google","Related","-","garage door engine","en","us","0","-"
933,"garage door","Google","Related","-","price for new garage door","en","us","0","-"
934,"garage door","Google","Related","-","battery for chamberlain garage door remote","en","us","0","-"
935,"garage door","Google","Related","-","retractable screen for garage door","en","us","0","-"
936,"garage door","Google","Related","-","garage door remote program","en","us","0","-"
937,"garage door","Google","Related","-","garage door installers near me","en","us","0","-"
938,"garage door","Google","Related","-","garage door and motor","en","us","0","-"
939,"garage door","Google","Related","-","garage door fix cost","en","us","0","-"
940,"garage door","Google","Related","-","liftmaster garage door openers repair","en","us","0","-"
941,"garage door","Google","Related","-","christmas garage door covers","en","us","0","-"
942,"garage door","Google","Related","-","garage door safety sensor","en","us","0","-"
943,"garage door","Google","Related","-","garage door service and installation","en","us","0","-"
944,"garage door","Google","Related","-","how to program a chamberlain garage door remote","en","us","0","-"
945,"garage door","Google","Related","-","1 2 hp garage door opener","en","us","0","-"
946,"garage door","Google","Related","-","garage door keypad","en","us","0","-"
947,"garage door","Google","Related","-","garage door repair co","en","us","0","-"
948,"garage door","Google","Related","-","maintenance garage door","en","us","0","-"
949,"garage door","Google","Related","-","fix chamberlain garage door opener","en","us","0","-"
950,"garage door","Google","Related","-","garage door replacement near me","en","us","0","-"
951,"garage door","Google","Related","-","price for garage door","en","us","0","-"
952,"garage door","Google","Related","-","best rated garage door opener","en","us","0","-"
953,"garage door","Google","Related","-","garage door openers installed near me","en","us","0","-"
954,"garage door","Google","Related","-","urgent garage door repairs","en","us","0","-"
955,"garage door","Google","Related","-","garage door supply near me","en","us","0","-"
956,"garage door","Google","Related","-","change garage door seal","en","us","0","-"
957,"garage door","Google","Related","-","garage door paint","en","us","0","-"
958,"garage door","Google","Related","-","programing garage door opener liftmaster","en","us","0","-"
959,"garage door","Google","Related","-","motor for garage door","en","us","0","-"
960,"garage door","Google","Related","-","garage door bottom seal replacement","en","us","0","-"
961,"garage door","Google","Related","-","black garage door","en","us","0","-"
962,"garage door","Google","Related","-","fix spring garage door","en","us","0","-"
963,"garage door","Google","Related","-","craftsman remote garage door opener","en","us","0","-"
964,"garage door","Google","Related","-","replace garage door bottom seal","en","us","0","-"
965,"garage door","Google","Related","-","garage door services near me","en","us","0","-"
966,"garage door","Google","Related","-","garage door cover","en","us","0","-"
967,"garage door","Google","Related","-","garage door hinges","en","us","0","-"
968,"garage door","Google","Related","-","garage door single car","en","us","0","-"
969,"garage door","Google","Related","-","garage door opener repair near me","en","us","0","-"
970,"garage door","Google","Related","-","garage door and track","en","us","0","-"
971,"garage door","Google","Related","-","replacement seal for garage door","en","us","0","-"
972,"garage door","Google","Related","-","garage door remote key pad","en","us","0","-"
973,"garage door","Google","Related","-","xmas garage door covers","en","us","0","-"
974,"garage door","Google","Related","-","how to manual open garage door","en","us","0","-"
975,"garage door","Google","Related","-","garage door tune up near me","en","us","0","-"
976,"garage door","Google","Related","-","trim garage door","en","us","0","-"
977,"garage door","Google","Related","-","garage door halloween cover","en","us","0","-"
978,"garage door","Google","Related","-","white lithium grease garage door","en","us","0","-"
979,"garage door","Google","Related","-","garage door opener install near me","en","us","0","-"
980,"garage door","Google","Related","-","d & d garage door","en","us","0","-"
981,"garage door","Google","Related","-","track for garage door","en","us","0","-"
982,"garage door","Google","Related","-","garage door seal side","en","us","0","-"
983,"garage door","Google","Related","-","emergency garage door repairs","en","us","0","-"
984,"garage door","Google","Related","-","garage door commercial repair","en","us","0","-"
985,"garage door","Google","Related","-","replacing tension springs on garage door","en","us","0","-"
986,"garage door","Google","Related","-","garage door track","en","us","0","-"
987,"garage door","Google","Related","-","garage door safety sensors","en","us","0","-"
988,"garage door","Google","Related","-","cr2032 batteries for garage door opener","en","us","0","-"
989,"garage door","Google","Related","-","cost of garage door","en","us","0","-"
990,"garage door","Google","Related","-","broken garage door spring","en","us","0","-"
991,"garage door","Google","Related","-","garage door repair company","en","us","0","-"
992,"garage door","Google","Related","-","garage door springs near me","en","us","0","-"
993,"garage door","Google","Related","-","garage door remote wifi","en","us","0","-"
994,"garage door","Google","Related","-","menards garage door","en","us","0","-"
995,"garage door","Google","Related","-","new garage door","en","us","0","-"
996,"garage door","Google","Related","-","chamberlain side mount garage door opener","en","us","0","-"
997,"garage door","Google","Related","-","professional garage door repair","en","us","0","-"
998,"garage door","Google","Related","-","overhead garage door repair","en","us","0","-"
999,"garage door","Google","Related","-","replacement garage door opener remote control","en","us","0","-"
1000,"garage door","Google","Related","-","garage door repairs dallas","en","us","0","-"
1001,"garage door","Google","Related","-","garage door painting","en","us","0","-"
1002,"garage door","Google","Related","-","fix garage door cost","en","us","0","-"
1003,"garage door","Google","Related","-","garage door repair houston","en","us","0","-"
1004,"garage door","Google","Related","-","liftmaster garage door opener side mount","en","us","0","-"
1005,"garage door","Google","Related","-","how to oil garage door","en","us","0","-"
1006,"garage door","Google","Related","-","aligning garage door sensors","en","us","0","-"
1007,"garage door","Google","Related","-","chamberlain garage door opener with myq","en","us","0","-"
1008,"garage door","Google","Related","-","parts for garage door near me","en","us","0","-"
1009,"garage door","Google","Related","-","christmas garage door cover","en","us","0","-"
1010,"garage door","Google","Related","-","section garage door","en","us","0","-"
1011,"garage door","Google","Related","-","christmas decoration garage door","en","us","0","-"
1012,"garage door","Google","Related","-","homelink garage door remote","en","us","0","-"
1013,"garage door","Google","Related","-","supreme garage door repair","en","us","0","-"
1014,"garage door","Google","Related","-","2 garage door","en","us","0","-"
1015,"garage door","Google","Related","-","cost of garage door panel replacement","en","us","0","-"
1016,"garage door","Google","Related","-","threshold seal for garage door","en","us","0","-"
1017,"garage door","Google","Related","-","san antonio garage door repairs","en","us","0","-"
1018,"garage door","Google","Related","-","garage door panel insulation","en","us","0","-"
1019,"garage door","Google","Related","-","green garage door hinges","en","us","0","-"
1020,"garage door","Google","Related","-","8 foot garage door","en","us","0","-"
1021,"garage door","Google","Related","-","hinges garage door","en","us","0","-"
1022,"garage door","Google","Related","-","garage door residential","en","us","0","-"
1023,"garage door","Google","Related","-","garage door professional","en","us","0","-"
1024,"garage door","Google","Related","-","garage door installation services","en","us","0","-"
1025,"garage door","Google","Related","-","torsion spring replacement on garage door","en","us","0","-"
1026,"garage door","Google","Related","-","silicone based garage door lubricant","en","us","0","-"
1027,"garage door","Google","Related","-","garage door cost","en","us","0","-"
1028,"garage door","Google","Related","-","garage door steel","en","us","0","-"
1029,"garage door","Google","Related","-","how to program garage door to car","en","us","0","-"
1030,"garage door","Google","Related","-","service garage door","en","us","0","-"
1031,"garage door","Google","Related","-","jack shaft garage door opener","en","us","0","-"
1032,"garage door","Google","Related","-","genie garage door repair","en","us","0","-"
1033,"garage door","Google","Related","-","garage door side seal","en","us","0","-"
1034,"garage door","Google","Related","-","quiet garage door opener","en","us","0","-"
1035,"garage door","Google","Related","-","garage door repair in las vegas","en","us","0","-"
1036,"garage door","Google","Related","-","garage door repair dallas dallas tx","en","us","0","-"
1037,"garage door","Google","Related","-","safety sensors garage door","en","us","0","-"
1038,"garage door","Google","Related","-","garage door dr","en","us","0","-"
1039,"garage door","Google","Related","-","cable on garage door","en","us","0","-"
1040,"garage door","Google","Related","-","commercial garage door repair","en","us","0","-"
1041,"garage door","Google","Related","-","fire rating for garage door","en","us","0","-"
1042,"garage door","Google","Related","-","liftmaster 98022 garage door opener","en","us","0","-"
1043,"garage door","Google","Related","-","how to program garage door remote to car","en","us","0","-"
1044,"garage door","Google","Related","-","garage door repair dallas","en","us","0","-"
1045,"garage door","Google","Related","-","garage door repair professional","en","us","0","-"
1046,"garage door","Google","Related","-","white lithium grease on garage door","en","us","0","-"
1047,"garage door","Google","Related","-","garage door remote overhead door","en","us","0","-"
1048,"garage door","Google","Related","-","chamberlain garage door opener manuals","en","us","0","-"
1049,"garage door","Google","Related","-","garage door seal rubber","en","us","0","-"
1050,"garage door","Google","Related","-","garage door green hinges","en","us","0","-"
1051,"garage door","Google","Related","-","cost to replace garage door panel","en","us","0","-"
1052,"garage door","Google","Related","-","mantec garage door opener","en","us","0","-"
1053,"garage door","Google","Related","-","garage door nylon wheels","en","us","0","-"
1054,"garage door","Google","Related","-","garage door 8 foot","en","us","0","-"
1055,"garage door","Google","Related","-","garage door repair san antonio texas","en","us","0","-"
1056,"garage door","Google","Related","-","chamberlain garage door opener installation","en","us","0","-"
1057,"garage door","Google","Related","-","cable garage door","en","us","0","-"
1058,"garage door","Google","Related","-","garage door white lithium grease","en","us","0","-"
1059,"garage door","Google","Related","-","garage door style","en","us","0","-"
1060,"garage door","Google","Related","-","garage door jackshaft opener","en","us","0","-"
1061,"garage door","Google","Related","-","garage door repair las vegas","en","us","0","-"
1062,"garage door","Google","Related","-","menards garage door remote","en","us","0","-"
1063,"garage door","Google","Related","-","how much is new garage door","en","us","0","-"
1064,"garage door","Google","Related","-","garage door parts near me","en","us","0","-"
1065,"garage door","Google","Related","-","garage door keypad battery","en","us","0","-"
1066,"garage door","Google","Related","-","cost to fix garage door spring","en","us","0","-"
1067,"garage door","Google","Related","-","garage door myq","en","us","0","-"
1068,"garage door","Google","Related","-","garage door repair az","en","us","0","-"
1069,"garage door","Google","Related","-","craftsman garage door opener repair","en","us","0","-"
1070,"garage door","Google","Related","-","wall mount garage door opener liftmaster","en","us","0","-"
1071,"garage door","Google","Related","-","charlotte garage door repair","en","us","0","-"
1072,"garage door","Google","Related","-","how to adjust the garage door sensors","en","us","0","-"
1073,"garage door","Google","Related","-","vegas garage door repair","en","us","0","-"
1074,"garage door","Google","Related","-","midland garage door","en","us","0","-"
1075,"garage door","Google","Related","-","garage door opener with battery backup","en","us","0","-"
1076,"garage door","Google","Related","-","how insulate garage door","en","us","0","-"
1077,"garage door","Google","Related","-","how to reset remote for garage door","en","us","0","-"
1078,"garage door","Google","Related","-","garage door opener chain drive","en","us","0","-"
1079,"garage door","Google","Related","-","how to change garage door spring","en","us","0","-"
1080,"garage door","Google","Related","-","garage door spring near me","en","us","0","-"
1081,"garage door","Google","Related","-","garage door opener user manual","en","us","0","-"
1082,"garage door","Google","Related","-","garage door carriage","en","us","0","-"
1083,"garage door","Google","Related","-","home link garage door opener","en","us","0","-"
1084,"garage door","Google","Related","-","ogd overhead garage door","en","us","0","-"
1085,"garage door","Google","Related","-","9 volt battery for garage door keypad","en","us","0","-"
1086,"garage door","Google","Related","-","dallas garage door repair","en","us","0","-"
1087,"garage door","Google","Related","-","garage door 2 car","en","us","0","-"
1088,"garage door","Google","Related","-","commercial garage door","en","us","0","-"
1089,"garage door","Google","Related","-","chamberlain garage door remote instructions","en","us","0","-"
1090,"garage door","Google","Related","-","7 foot garage door","en","us","0","-"
1091,"garage door","Google","Related","-","replace garage door torsion spring","en","us","0","-"
1092,"garage door","Google","Related","-","maintenance on garage door opener","en","us","0","-"
1093,"garage door","Google","Related","-","overhead garage door co","en","us","0","-"
1094,"garage door","Google","Related","-","emergency garage door repairs near me","en","us","0","-"
1095,"garage door","Google","Related","-","sectional garage door","en","us","0","-"
1096,"garage door","Google","Related","-","christmas decoration for garage door","en","us","0","-"
1097,"garage door","Google","Related","-","garage door panels insulation","en","us","0","-"
1098,"garage door","Google","Related","-","entry garage door","en","us","0","-"
1099,"garage door","Google","Related","-","how much for a new garage door","en","us","0","-"
1100,"garage door","Google","Related","-","how to grease a garage door","en","us","0","-"
1101,"garage door","Google","Related","-","garage door spring change","en","us","0","-"
1102,"garage door","Google","Related","-","painting a garage door","en","us","0","-"
1103,"garage door","Google","Related","-","garage door repair lafayette","en","us","0","-"
1104,"garage door","Google","Related","-","dave garage door","en","us","0","-"
1105,"garage door","Google","Related","-","garage door repair phoenix","en","us","0","-"
1106,"garage door","Google","Related","-","insulated garage door price","en","us","0","-"
1107,"garage door","Google","Related","-","how to insulate the garage door","en","us","0","-"
1108,"garage door","Google","Related","-","blaster garage door lubricant","en","us","0","-"
1109,"garage door","Google","Related","-","app for garage door opener","en","us","0","-"
1110,"garage door","Google","Related","-","garage door weather seal","en","us","0","-"
1111,"garage door","Google","Related","-","genie garage door opener pad","en","us","0","-"
1112,"garage door","Google","Related","-","light bulbs for garage door opener","en","us","0","-"
1113,"garage door","Google","Related","-","garage door 7' x 8","en","us","0","-"
1114,"garage door","Google","Related","-","replace garage door sensor","en","us","0","-"
1115,"garage door","Google","Related","-","residential garage door types","en","us","0","-"
1116,"garage door","Google","Related","-","overhead garage door company","en","us","0","-"
1117,"garage door","Google","Related","-","silicone spray for garage door","en","us","0","-"
1118,"garage door","Google","Related","-","programming a garage door keypad","en","us","0","-"
1119,"garage door","Google","Related","-","garage door brand","en","us","0","-"
1120,"garage door","Google","Related","-","garage door repair in san antonio texas","en","us","0","-"
1121,"garage door","Google","Related","-","barn garage door","en","us","0","-"
1122,"garage door","Google","Related","-","changing battery in garage door remote","en","us","0","-"
1123,"garage door","Google","Related","-","insulation panel for garage door","en","us","0","-"
1124,"garage door","Google","Related","-","emergency garage door repair near me","en","us","0","-"
1125,"garage door","Google","Related","-","garage door opener instructions manual","en","us","0","-"
1126,"garage door","Google","Related","-","garage door repairs local","en","us","0","-"
1127,"garage door","Google","Related","-","garage door spring tension","en","us","0","-"
1128,"garage door","Google","Related","-","how to reset a liftmaster garage door opener","en","us","0","-"
1129,"garage door","Google","Related","-","garage door will not open","en","us","0","-"
1130,"garage door","Google","Related","-","garage door opener roll up","en","us","0","-"
1131,"garage door","Google","Related","-","garage door 10x10","en","us","0","-"
1132,"garage door","Google","Related","-","garage door cable fix","en","us","0","-"
1133,"garage door","Google","Related","-","garage door opener maintenance","en","us","0","-"
1134,"garage door","Google","Related","-","wood looking garage door","en","us","0","-"
1135,"garage door","Google","Related","-","austin garage door repair","en","us","0","-"
1136,"garage door","Google","Related","-","garage door opener battery backup","en","us","0","-"
1137,"garage door","Google","Related","-","garage door spring extension","en","us","0","-"
1138,"garage door","Google","Related","-","garage door nylon rollers","en","us","0","-"
1139,"garage door","Google","Related","-","chamberlain garage door","en","us","0","-"
1140,"garage door","Google","Related","-","orlando garage door repair","en","us","0","-"
1141,"garage door","Google","Related","-","wood garage door look","en","us","0","-"
1142,"garage door","Google","Related","-","16 foot wide garage door","en","us","0","-"
1143,"garage door","Google","Related","-","garage door replacement mesa","en","us","0","-"
1144,"garage door","Google","Related","-","spring repair garage door cost","en","us","0","-"
1145,"garage door","Google","Related","-","rubber seal garage door","en","us","0","-"
1146,"garage door","Google","Related","-","garage door with man door","en","us","0","-"
1147,"garage door","Google","Related","-","garage door repair in charlotte","en","us","0","-"
1148,"garage door","Google","Related","-","how to adjust sensor on garage door","en","us","0","-"
1149,"garage door","Google","Related","-","garage door for barn","en","us","0","-"
1150,"garage door","Google","Related","-","genie garage door company","en","us","0","-"
1151,"garage door","Google","Related","-","garage door double","en","us","0","-"
1152,"garage door","Google","Related","-","garage door repair arizona","en","us","0","-"
1153,"garage door","Google","Related","-","replacement garage door sensors","en","us","0","-"
1154,"garage door","Google","Related","-","roll up garage door opener","en","us","0","-"
1155,"garage door","Google","Related","-","garage door installation mesa az","en","us","0","-"
1156,"garage door","Google","Related","-","backup battery for garage door opener","en","us","0","-"
1157,"garage door","Google","Related","-","garage door replacement panels cost","en","us","0","-"
1158,"garage door","Google","Related","-","garage door opener for a roll up door","en","us","0","-"
1159,"garage door","Google","Related","-","garage door 7 x 8","en","us","0","-"
1160,"garage door","Google","Related","-","garage door manufacturers","en","us","0","-"
1161,"garage door","Google","Related","-","garage door opener marantec","en","us","0","-"
1162,"garage door","Google","Related","-","how to insulate a garage door","en","us","0","-"
1163,"garage door","Google","Related","-","16x7 garage door","en","us","0","-"
1164,"garage door","Google","Related","-","garage door types","en","us","0","-"
1165,"garage door","Google","Related","-","san antonio garage door repair","en","us","0","-"
1166,"garage door","Google","Related","-","garage door barn door","en","us","0","-"
1167,"garage door","Google","Related","-","fix craftsman garage door opener","en","us","0","-"
1168,"garage door","Google","Related","-","cost of garage door repair spring","en","us","0","-"
1169,"garage door","Google","Related","-","garage door opener manual","en","us","0","-"
1170,"garage door","Google","Related","-","ring garage door opener","en","us","0","-"
1171,"garage door","Google","Related","-","how to align garage door sensors","en","us","0","-"
1172,"garage door","Google","Related","-","cellofoam garage door insulation kit","en","us","0","-"
1173,"garage door","Google","Related","-","garage door won't open","en","us","0","-"
1174,"garage door","Google","Related","-","garage door insulation cost","en","us","0","-"
1175,"garage door","Google","Related","-","painting the garage door","en","us","0","-"
1176,"garage door","Google","Related","-","garage door type","en","us","0","-"
1177,"garage door","Google","Related","-","garage door opener near me","en","us","0","-"
1178,"garage door","Google","Related","-","fix garage door cable","en","us","0","-"
1179,"garage door","Google","Related","-","garage door opener light bulb","en","us","0","-"
1180,"garage door","Google","Related","-","garage door won't close","en","us","0","-"
1181,"garage door","Google","Related","-","garage door spring repair near me","en","us","0","-"
1182,"garage door","Google","Related","-","chamberlain garage door opener instructions","en","us","0","-"
1183,"garage door","Google","Related","-","tension spring garage door","en","us","0","-"
1184,"garage door","Google","Related","-","garage door repair in austin texas","en","us","0","-"
1185,"garage door","Google","Related","-","weather seal for garage door","en","us","0","-"
1186,"garage door","Google","Related","-","best grease for garage door","en","us","0","-"
1187,"garage door","Google","Related","-","garage door opener battery change","en","us","0","-"
1188,"garage door","Google","Related","-","extension garage door spring","en","us","0","-"
1189,"garage door","Google","Related","-","garage door openers maintenance","en","us","0","-"
1190,"garage door","Google","Related","-","phone app for garage door opener","en","us","0","-"
1191,"garage door","Google","Related","-","garage door repair fort myers","en","us","0","-"
1192,"garage door","Google","Related","-","garage door opener installation near me","en","us","0","-"
1193,"garage door","Google","Related","-","garage door repair las vegas nv","en","us","0","-"
1194,"garage door","Google","Related","-","garage door spring replacement near me","en","us","0","-"
1195,"garage door","Google","Related","-","chamberlain garage door openers learn button","en","us","0","-"
1196,"garage door","Google","Related","-","garage door man","en","us","0","-"
1197,"garage door","Google","Related","-","garage door fire rating","en","us","0","-"
1198,"garage door","Google","Related","-","garage door 7ft","en","us","0","-"
1199,"garage door","Google","Related","-","shop garage door opener","en","us","0","-"
1200,"garage door","Google","Related","-","local garage door repairs","en","us","0","-"
1201,"garage door","Google","Related","-","haas garage door","en","us","0","-"
1202,"garage door","Google","Related","-","a plus garage door repair","en","us","0","-"
1203,"garage door","Google","Related","-","superior garage door","en","us","0","-"
1204,"garage door","Google","Related","-","garage door professionals","en","us","0","-"
1205,"garage door","Google","Related","-","garage door repair san antonio","en","us","0","-"
1206,"garage door","Google","Related","-","emergency garage door release kit","en","us","0","-"
1207,"garage door","Google","Related","-","garage door with frame","en","us","0","-"
1208,"garage door","Google","Related","-","garage door with handles","en","us","0","-"
1209,"garage door","Google","Related","-","liftmaster garage door opener remote 893max","en","us","0","-"
1210,"garage door","Google","Related","-","double garage door","en","us","0","-"
1211,"garage door","Google","Related","-","decoration for garage door","en","us","0","-"
1212,"garage door","Google","Related","-","garage door decoration for halloween","en","us","0","-"
1213,"garage door","Google","Related","-","change spring on garage door","en","us","0","-"
1214,"garage door","Google","Related","-","rubber seal bottom of garage door","en","us","0","-"
1215,"garage door","Google","Related","-","garage door with a man door","en","us","0","-"
1216,"garage door","Google","Related","-","garage door 8 x 16","en","us","0","-"
1217,"garage door","Google","Related","-","liftmaster garage door opener instruction manual","en","us","0","-"
1218,"garage door","Google","Related","-","garage door 8 x 10","en","us","0","-"
1219,"garage door","Google","Related","-","garage door superior","en","us","0","-"
1220,"garage door","Google","Related","-","battery backup liftmaster garage door opener","en","us","0","-"
1221,"garage door","Google","Related","-","size of two car garage door","en","us","0","-"
1222,"garage door","Google","Related","-","how much would a new garage door cost","en","us","0","-"
1223,"garage door","Google","Related","-","16 foot garage door","en","us","0","-"
1224,"garage door","Google","Related","-","garage door repair plano texas","en","us","0","-"
1225,"garage door","Google","Related","-","garage door repair seattle washington","en","us","0","-"
1226,"garage door","Google","Related","-","intellicode genie garage door opener","en","us","0","-"
1227,"garage door","Google","Related","-","liftmaster garage door remote","en","us","0","-"
1228,"garage door","Google","Related","-","la garage door repair","en","us","0","-"
1229,"garage door","Google","Related","-","garage door springs tension","en","us","0","-"
1230,"garage door","Google","Related","-","garage door 16 x 8","en","us","0","-"
1231,"garage door","Google","Related","-","white garage door","en","us","0","-"
1232,"garage door","Google","Related","-","shed garage door","en","us","0","-"
1233,"garage door","Google","Related","-","magnetic screen garage door","en","us","0","-"
1234,"garage door","Google","Related","-","local garage door repair","en","us","0","-"
1235,"garage door","Google","Related","-","garage door track repair","en","us","0","-"
1236,"garage door","Google","Related","-","decorative garage door covers","en","us","0","-"
1237,"garage door","Google","Related","-","barn with garage door","en","us","0","-"
1238,"garage door","Google","Related","-","change garage door spring","en","us","0","-"
1239,"garage door","Google","Related","-","american garage door","en","us","0","-"
1240,"garage door","Google","Related","-","garage door with single door","en","us","0","-"
1241,"garage door","Google","Related","-","garage door motor repair","en","us","0","-"
1242,"garage door","Google","Related","-","single garage door","en","us","0","-"
1243,"garage door","Google","Related","-","garage door repair vegas","en","us","0","-"
1244,"garage door","Google","Related","-","how much to change garage door","en","us","0","-"
1245,"garage door","Google","Related","-","garage door and hardware","en","us","0","-"
1246,"garage door","Google","Related","-","garage door repair in orlando","en","us","0","-"
1247,"garage door","Google","Related","-","custom garage door","en","us","0","-"
1248,"garage door","Google","Related","-","handle for garage door","en","us","0","-"
1249,"garage door","Google","Related","-","replacing garage door panels cost","en","us","0","-"
1250,"garage door","Google","Related","-","garage door 16 ft x 7 ft","en","us","0","-"
1251,"garage door","Google","Related","-","garage door light","en","us","0","-"
1252,"garage door","Google","Related","-","garage door usa","en","us","0","-"
1253,"garage door","Google","Related","-","garage door repair in portland","en","us","0","-"
1254,"garage door","Google","Related","-","garage door home depot","en","us","0","-"
1255,"garage door","Google","Related","-","8'x 10' garage door","en","us","0","-"
1256,"garage door","Google","Related","-","garage storage over garage door","en","us","0","-"
1257,"garage door","Google","Related","-","sliding garage door","en","us","0","-"
1258,"garage door","Google","Related","-","garage door 16 ft","en","us","0","-"
1259,"garage door","Google","Related","-","miami garage door repairs","en","us","0","-"
1260,"garage door","Google","Related","-","installation chamberlain garage door opener","en","us","0","-"
1261,"garage door","Google","Related","-","garage door remote parts","en","us","0","-"
1262,"garage door","Google","Related","-","lift masters garage door opener remote","en","us","0","-"
1263,"garage door","Google","Related","-","garage door parts wayne dalton","en","us","0","-"
1264,"garage door","Google","Related","-","shop garage door openers","en","us","0","-"
1265,"garage door","Google","Related","-","garage door replacement cost calculator","en","us","0","-"
1266,"garage door","Google","Related","-","storage shed garage door","en","us","0","-"
1267,"garage door","Google","Related","-","fort worth garage door repair","en","us","0","-"
1268,"garage door","Google","Related","-","how to open garage door with no power","en","us","0","-"
1269,"garage door","Google","Related","-","garage door opener remote linear","en","us","0","-"
1270,"garage door","Google","Related","-","garage door repair in scottsdale az","en","us","0","-"
1271,"garage door","Google","Related","-","garage door opener installation service","en","us","0","-"
1272,"garage door","Google","Related","-","garage door openers near me","en","us","0","-"
1273,"garage door","Google","Related","-","liftmaster my q garage door opener","en","us","0","-"
1274,"garage door","Google","Related","-","garage door opening automatically","en","us","0","-"
1275,"garage door","Google","Related","-","garage door skin","en","us","0","-"
1276,"garage door","Google","Related","-","garage door repair in fort worth","en","us","0","-"
1277,"garage door","Google","Related","-","garage door top side seal","en","us","0","-"
1278,"garage door","Google","Related","-","garage door installation tools","en","us","0","-"
1279,"garage door","Google","Related","-","right away garage door solutions","en","us","0","-"
1280,"garage door","Google","Related","-","cleaning garage door sensors","en","us","0","-"
1281,"garage door","Google","Related","-","garage door motor replacement cost","en","us","0","-"
1282,"garage door","Google","Related","-","replace garage door sensors","en","us","0","-"
1283,"garage door","Google","Related","-","overhead garage door near me","en","us","0","-"
1284,"garage door","Google","Related","-","garage door sales near me","en","us","0","-"
1285,"garage door","Google","Related","-","garage door silicone spray","en","us","0","-"
1286,"garage door","Google","Related","-","expert garage door repair","en","us","0","-"
1287,"garage door","Google","Related","-","garage door bottom seal types","en","us","0","-"
1288,"garage door","Google","Related","-","minnesota garage door repair","en","us","0","-"
1289,"garage door","Google","Related","-","garage door weather strip bottom","en","us","0","-"
1290,"garage door","Google","Related","-","size of garage door for 2 cars","en","us","0","-"
1291,"garage door","Google","Related","-","replacement garage door opener battery","en","us","0","-"
1292,"garage door","Google","Related","-","open garage door app","en","us","0","-"
1293,"garage door","Google","Related","-","liftmaster garage door opener install","en","us","0","-"
1294,"garage door","Google","Related","-","wall mounted garage door opener liftmaster","en","us","0","-"
1295,"garage door","Google","Related","-","garage door pricing","en","us","0","-"
1296,"garage door","Google","Related","-","genie garage door opener installation","en","us","0","-"
1297,"garage door","Google","Related","-","cost of garage door spring","en","us","0","-"
1298,"garage door","Google","Related","-","garage door opener keypad chamberlain","en","us","0","-"
1299,"garage door","Google","Related","-","man door in a garage door","en","us","0","-"
1300,"garage door","Google","Related","-","liftmaster battery backup garage door opener","en","us","0","-"
1301,"garage door","Google","Related","-","garage door twin cities","en","us","0","-"
1302,"garage door","Google","Related","-","garage door contractors","en","us","0","-"
1303,"garage door","Google","Related","-","b laster garage door lubricant","en","us","0","-"
1304,"garage door","Google","Related","-","discount garage door","en","us","0","-"
1305,"garage door","Google","Related","-","garage door expert","en","us","0","-"
1306,"garage door","Google","Related","-","replacement remote control for liftmaster garage door opener","en","us","0","-"
1307,"garage door","Google","Related","-","new garage door system","en","us","0","-"
1308,"garage door","Google","Related","-","carriage house garage door","en","us","0","-"
1309,"garage door","Google","Related","-","garage door install how to","en","us","0","-"
1310,"garage door","Google","Related","-","garage door rubber seal bottom","en","us","0","-"
1311,"garage door","Google","Related","-","how to paint a garage door","en","us","0","-"
1312,"garage door","Google","Related","-","harman garage door","en","us","0","-"
1313,"garage door","Google","Related","-","garage door opener on sale","en","us","0","-"
1314,"garage door","Google","Related","-","garage door open","en","us","0","-"
1315,"garage door","Google","Related","-","8 x 16 garage door","en","us","0","-"
1316,"garage door","Google","Related","-","garage door wheel","en","us","0","-"
1317,"garage door","Google","Related","-","manual liftmaster garage door opener","en","us","0","-"
1318,"garage door","Google","Related","-","emergency release kit for garage door","en","us","0","-"
1319,"garage door","Google","Related","-","roll up garage door residential","en","us","0","-"
1320,"garage door","Google","Related","-","how program garage door remote","en","us","0","-"
1321,"garage door","Google","Related","-","cost to replace garage door motor","en","us","0","-"
1322,"garage door","Google","Related","-","how many satchels for a garage door","en","us","0","-"
1323,"garage door","Google","Related","-","garage door sensor cleaning","en","us","0","-"
1324,"garage door","Google","Related","-","chamberlain universal garage door remote","en","us","0","-"
1325,"garage door","Google","Related","-","how to change garage door code","en","us","0","-"
1326,"garage door","Google","Related","-","a garage door","en","us","0","-"
1327,"garage door","Google","Related","-","myq smart garage door opener","en","us","0","-"
1328,"garage door","Google","Related","-","garage door photo","en","us","0","-"
1329,"garage door","Google","Related","-","faux wood garage door","en","us","0","-"
1330,"garage door","Google","Related","-","carriage style garage door","en","us","0","-"
1331,"garage door","Google","Related","-","how much for garage door","en","us","0","-"
1332,"garage door","Google","Related","-","garage door repair in phoenix arizona","en","us","0","-"
1333,"garage door","Google","Related","-","chamberlain wall mount garage door opener","en","us","0","-"
1334,"garage door","Google","Related","-","install garage door weather stripping","en","us","0","-"
1335,"garage door","Google","Related","-","garage door keypad liftmaster","en","us","0","-"
1336,"garage door","Google","Related","-","garage door repair orlando fl","en","us","0","-"
1337,"garage door","Google","Related","-","change garage door windows","en","us","0","-"
1338,"garage door","Google","Related","-","how much should a garage door cost","en","us","0","-"
1339,"garage door","Google","Related","-","rust garage door","en","us","0","-"
1340,"garage door","Google","Related","-","garage door repair portland","en","us","0","-"
1341,"garage door","Google","Related","-","how do you change the garage door code","en","us","0","-"
1342,"garage door","Google","Related","-","do it yourself garage door insulation kit","en","us","0","-"
1343,"garage door","Google","Related","-","how to replace garage door remote","en","us","0","-"
1344,"garage door","Google","Related","-","garage door replacement sensor","en","us","0","-"
1345,"garage door","Google","Related","-","wireless keypad garage door","en","us","0","-"
1346,"garage door","Google","Related","-","how much is the garage door","en","us","0","-"
1347,"garage door","Google","Related","-","garage door bottom seal replacement kit","en","us","0","-"
1348,"garage door","Google","Related","-","tesla garage door opener","en","us","0","-"
1349,"garage door","Google","Related","-","garage door lights","en","us","0","-"
1350,"garage door","Google","Related","-","liftmaster garage door opener backup battery","en","us","0","-"
1351,"garage door","Google","Related","-","how to install the garage door opener","en","us","0","-"
1352,"garage door","Google","Related","-","garage door rail","en","us","0","-"
1353,"garage door","Google","Related","-","commercial garage door opening","en","us","0","-"
1354,"garage door","Google","Related","-","repair garage door motor","en","us","0","-"
1355,"garage door","Google","Related","-","installing a garage door opener chamberlain","en","us","0","-"
1356,"garage door","Google","Related","-","over the garage door storage","en","us","0","-"
1357,"garage door","Google","Related","-","liftmaster garage door opener belt","en","us","0","-"
1358,"garage door","Google","Related","-","garage door repair los angeles ca","en","us","0","-"
1359,"garage door","Google","Related","-","my garage door repairman","en","us","0","-"
1360,"garage door","Google","Related","-","universal garage door remote genie","en","us","0","-"
1361,"garage door","Google","Related","-","storage over garage door","en","us","0","-"
1362,"garage door","Google","Related","-","myq garage door opener liftmaster","en","us","0","-"
1363,"garage door","Google","Related","-","fix garage door track","en","us","0","-"
1364,"garage door","Google","Related","-","garage door opener not working","en","us","0","-"
1365,"garage door","Google","Related","-","smart garage door controller","en","us","0","-"
1366,"garage door","Google","Related","-","how to change a garage door code","en","us","0","-"
1367,"garage door","Google","Related","-","garage door repair miami florida","en","us","0","-"
1368,"garage door","Google","Related","-","install genie garage door opener","en","us","0","-"
1369,"garage door","Google","Related","-","bi fold garage door","en","us","0","-"
1370,"garage door","Google","Related","-","garage door repair minnesota","en","us","0","-"
1371,"garage door","Google","Related","-","how to put up a garage door","en","us","0","-"
1372,"garage door","Google","Related","-","ryobi garage door opener","en","us","0","-"
1373,"garage door","Google","Related","-","lifestyle garage door screen","en","us","0","-"
1374,"garage door","Google","Related","-","garage door repair austin texas","en","us","0","-"
1375,"garage door","Google","Related","-","garage door spray lube","en","us","0","-"
1376,"garage door","Google","Related","-","garage door repair chicago","en","us","0","-"
1377,"garage door","Google","Related","-","liftmaster garage door opener remote battery","en","us","0","-"
1378,"garage door","Google","Related","-","genie garage door operator parts","en","us","0","-"
1379,"garage door","Google","Related","-","genie company garage door","en","us","0","-"
1380,"garage door","Google","Related","-","genie garage door","en","us","0","-"
1381,"garage door","Google","Related","-","garage door repair seattle","en","us","0","-"
1382,"garage door","Google","Related","-","garage door repair experts","en","us","0","-"
1383,"garage door","Google","Related","-","lift master garage door opener remote","en","us","0","-"
1384,"garage door","Google","Related","-","replace garage door weather seal","en","us","0","-"
1385,"garage door","Google","Related","-","garage door trim seal","en","us","0","-"
1386,"garage door","Google","Related","-","garage door tension spring replacement cost","en","us","0","-"
1387,"garage door","Google","Related","-","garage door repairs charlotte","en","us","0","-"
1388,"garage door","Google","Related","-","how much is a garage door","en","us","0","-"
1389,"garage door","Google","Related","-","garage door price","en","us","0","-"
1390,"garage door","Google","Related","-","garage door installation contractor","en","us","0","-"
1391,"garage door","Google","Related","-","myq compatible garage door openers","en","us","0","-"
1392,"garage door","Google","Related","-","garage door skins","en","us","0","-"
1393,"garage door","Google","Related","-","garage door repair company near me","en","us","0","-"
1394,"garage door","Google","Related","-","garage door hinges replacement","en","us","0","-"
1395,"garage door","Google","Related","-","affordable garage door","en","us","0","-"
1396,"garage door","Google","Related","-","garage door fire","en","us","0","-"
1397,"garage door","Google","Related","-","albuquerque garage door repair","en","us","0","-"
1398,"garage door","Google","Related","-","genie garage door remote battery","en","us","0","-"
1399,"garage door","Google","Related","-","garage door color","en","us","0","-"
1400,"garage door","Google","Related","-","screen sliding garage door","en","us","0","-"
1401,"garage door","Google","Related","-","lifestyle screens garage door","en","us","0","-"
1402,"garage door","Google","Related","-","garage door tune up","en","us","0","-"
1403,"garage door","Google","Related","-","garage door seal kit","en","us","0","-"
1404,"garage door","Google","Related","-","portland garage door repair","en","us","0","-"
1405,"garage door","Google","Related","-","tailwind garage door opener","en","us","0","-"
1406,"garage door","Google","Related","-","garage door spring winding bars","en","us","0","-"
1407,"garage door","Google","Related","-","winding bar garage door","en","us","0","-"
1408,"garage door","Google","Related","-","fix a garage door spring","en","us","0","-"
1409,"garage door","Google","Related","-","garage door screen roll up","en","us","0","-"
1410,"garage door","Google","Related","-","garage door brown","en","us","0","-"
1411,"garage door","Google","Related","-","1 2 hp garage door opener craftsman","en","us","0","-"
1412,"garage door","Google","Related","-","garage door remote will not work","en","us","0","-"
1413,"garage door","Google","Related","-","program garage door remote craftsman","en","us","0","-"
1414,"garage door","Google","Related","-","same day garage door repair","en","us","0","-"
1415,"garage door","Google","Related","-","garage door temecula","en","us","0","-"
1416,"garage door","Google","Related","-","garage door repair plano","en","us","0","-"
1417,"garage door","Google","Related","-","garage door wheels","en","us","0","-"
1418,"garage door","Google","Related","-","liftmaster 8500w garage door opener","en","us","0","-"
1419,"garage door","Google","Related","-","chamberlain secure view garage door opener","en","us","0","-"
1420,"garage door","Google","Related","-","standard size of a two car garage door","en","us","0","-"
1421,"garage door","Google","Related","-","garage door with smaller door","en","us","0","-"
1422,"garage door","Google","Related","-","overhead garage door precision","en","us","0","-"
1423,"garage door","Google","Related","-","garage door replacement scottsdale az","en","us","0","-"
1424,"garage door","Google","Related","-","garage door repair in tampa","en","us","0","-"
1425,"garage door","Google","Related","-","garage door picture","en","us","0","-"
1426,"garage door","Google","Related","-","garage door keypad for genie","en","us","0","-"
1427,"garage door","Google","Related","-","liftmaster garage door opener wifi","en","us","0","-"
1428,"garage door","Google","Related","-","miami garage door repair","en","us","0","-"
1429,"garage door","Google","Related","-","universal chamberlain garage door remote","en","us","0","-"
1430,"garage door","Google","Related","-","how to repair a garage door","en","us","0","-"
1431,"garage door","Google","Related","-","garage door control","en","us","0","-"
1432,"garage door","Google","Related","-","belt vs chain garage door","en","us","0","-"
1433,"garage door","Google","Related","-","meross smart garage door opener","en","us","0","-"
1434,"garage door","Google","Related","-","screen garage door kit","en","us","0","-"
1435,"garage door","Google","Related","-","houston garage door","en","us","0","-"
1436,"garage door","Google","Related","-","small garage door","en","us","0","-"
1437,"garage door","Google","Related","-","how to repair the garage door","en","us","0","-"
1438,"garage door","Google","Related","-","smart garage door control","en","us","0","-"
1439,"garage door","Google","Related","-","liftmaster belt garage door opener","en","us","0","-"
1440,"garage door","Google","Related","-","garage door opener installation genie","en","us","0","-"
1441,"garage door","Google","Related","-","overhead garage door commercial","en","us","0","-"
1442,"garage door","Google","Related","-","rough opening garage door","en","us","0","-"
1443,"garage door","Google","Related","-","cat garage door","en","us","0","-"
1444,"garage door","Google","Related","-","garage door repair rochester ny","en","us","0","-"
1445,"garage door","Google","Related","-","garage door universal keypad","en","us","0","-"
1446,"garage door","Google","Related","-","garage door christmas banner","en","us","0","-"
1447,"garage door","Google","Related","-","replacement garage door weather stripping","en","us","0","-"
1448,"garage door","Google","Related","-","how adjust garage door springs","en","us","0","-"
1449,"garage door","Google","Related","-","image garage door","en","us","0","-"
1450,"garage door","Google","Related","-","garage door opener wireless","en","us","0","-"
1451,"garage door","Google","Related","-","garage door vent","en","us","0","-"
1452,"garage door","Google","Related","-","garage door opener remote replacement liftmaster","en","us","0","-"
1453,"garage door","Google","Related","-","8 x 7 garage door","en","us","0","-"
1454,"garage door","Google","Related","-","garage door seal installation","en","us","0","-"
1455,"garage door","Google","Related","-","cost of garage door cable repair","en","us","0","-"
1456,"garage door","Google","Related","-","garage door repair chicopee ma","en","us","0","-"
1457,"garage door","Google","Related","-","aluminum garage door","en","us","0","-"
1458,"garage door","Google","Related","-","changing garage door to window","en","us","0","-"
1459,"garage door","Google","Related","-","a plus garage door","en","us","0","-"
1460,"garage door","Google","Related","-","charlotte nc garage door repair","en","us","0","-"
1461,"garage door","Google","Related","-","garage door opener installation services","en","us","0","-"
1462,"garage door","Google","Related","-","garage door opener screw drive","en","us","0","-"
1463,"garage door","Google","Related","-","electric motor garage door opener","en","us","0","-"
1464,"garage door","Google","Related","-","chamberlain garage door opener pad","en","us","0","-"
1465,"garage door","Google","Related","-","cost of garage door motor replacement","en","us","0","-"
1466,"garage door","Google","Related","-","chamberlain smart garage door opener","en","us","0","-"
1467,"garage door","Google","Related","-","garage door faux wood","en","us","0","-"
1468,"garage door","Google","Related","-","polyurethane garage door insulation","en","us","0","-"
1469,"garage door","Google","Related","-","how to change garage door remote battery","en","us","0","-"
1470,"garage door","Google","Related","-","garage door repair arlington","en","us","0","-"
1471,"garage door","Google","Related","-","program chamberlain garage door opener remote","en","us","0","-"
1472,"garage door","Google","Related","-","garage door install companies","en","us","0","-"
1473,"garage door","Google","Related","-","garage door fix san diego","en","us","0","-"
1474,"garage door","Google","Related","-","liftmaster garage door opener issues","en","us","0","-"
1475,"garage door","Google","Related","-","garage door repair in kansas city","en","us","0","-"
1476,"garage door","Google","Related","-","craftsman garage door opener pad","en","us","0","-"
1477,"garage door","Google","Related","-","action garage door","en","us","0","-"
1478,"garage door","Google","Related","-","garage door rust","en","us","0","-"
1479,"garage door","Google","Related","-","commercial garage door remote","en","us","0","-"
1480,"garage door","Google","Related","-","pedestrian garage door","en","us","0","-"
1481,"garage door","Google","Related","-","genie garage door opener stopped working","en","us","0","-"
1482,"garage door","Google","Related","-","design garage door","en","us","0","-"
1483,"garage door","Google","Related","-","size of one car garage door","en","us","0","-"
1484,"garage door","Google","Related","-","black garage door with windows","en","us","0","-"
1485,"garage door","Google","Related","-","aladdin connect garage door opener","en","us","0","-"
1486,"garage door","Google","Related","-","how to manually close garage door","en","us","0","-"
1487,"garage door","Google","Related","-","smart home garage door opener","en","us","0","-"
1488,"garage door","Google","Related","-","pvc garage door trim","en","us","0","-"
1489,"garage door","Google","Related","-","garage door not open","en","us","0","-"
1490,"garage door","Google","Related","-","garage door pedestrian door","en","us","0","-"
1491,"garage door","Google","Related","-","garage door repair newark oh","en","us","0","-"
1492,"garage door","Google","Related","-","genie universal garage door remote","en","us","0","-"
1493,"garage door","Google","Related","-","how to change garage door opener","en","us","0","-"
1494,"garage door","Google","Related","-","garage door remote for craftsman 1/2 hp","en","us","0","-"
1495,"garage door","Google","Related","-","how to reset the chamberlain garage door opener","en","us","0","-"
1496,"garage door","Google","Related","-","liftmaster garage door opener not working","en","us","0","-"
1497,"garage door","Google","Related","-","chamberlain belt drive garage door opener","en","us","0","-"
1498,"garage door","Google","Related","-","garage door opener battery genie","en","us","0","-"
1499,"garage door","Google","Related","-","garage door heights","en","us","0","-"
1500,"garage door","Google","Related","-","garage door is not closing","en","us","0","-"
1501,"garage door","Google","Related","-","garage door replacement keypad","en","us","0","-"
1502,"garage door","Google","Related","-","glass garage door prices","en","us","0","-"
1503,"garage door","Google","Related","-","garage door openers chain vs belt drive","en","us","0","-"
1504,"garage door","Google","Related","-","garage door openers raynor","en","us","0","-"
1505,"garage door","Google","Related","-","pennywise garage door cover","en","us","0","-"
1506,"garage door","Google","Related","-","garage door repair orlando","en","us","0","-"
1507,"garage door","Google","Related","-","garage door weather stripping installation","en","us","0","-"
1508,"garage door","Google","Related","-","garage door repair boise idaho","en","us","0","-"
1509,"garage door","Google","Related","-","best insulated garage door","en","us","0","-"
1510,"garage door","Google","Related","-","t style garage door bottom seal","en","us","0","-"
1511,"garage door","Google","Related","-","chamberlain garage door sensors","en","us","0","-"
1512,"garage door","Google","Related","-","garage door kansas city mo","en","us","0","-"
1513,"garage door","Google","Related","-","how change garage door code","en","us","0","-"
1514,"garage door","Google","Related","-","traditional garage door","en","us","0","-"
1515,"garage door","Google","Related","-","replace garage door track","en","us","0","-"
1516,"garage door","Google","Related","-","garage door decorative hardware","en","us","0","-"
1517,"garage door","Google","Related","-","installation of garage door springs","en","us","0","-"
1518,"garage door","Google","Related","-","garage door is off track","en","us","0","-"
1519,"garage door","Google","Related","-","diy garage door insulation kits","en","us","0","-"
1520,"garage door","Google","Related","-","how much replace garage door spring","en","us","0","-"
1521,"garage door","Google","Related","-","raleigh garage door repair","en","us","0","-"
1522,"garage door","Google","Related","-","garage door repair in denver","en","us","0","-"
1523,"garage door","Google","Related","-","cost of replacement garage door remote","en","us","0","-"
1524,"garage door","Google","Related","-","garage door repair in tucson","en","us","0","-"
1525,"garage door","Google","Related","-","garage door repair boise","en","us","0","-"
1526,"garage door","Google","Related","-","frisco garage door repair","en","us","0","-"
1527,"garage door","Google","Related","-","exterior garage door paint","en","us","0","-"
1528,"garage door","Google","Related","-","chamberlain b2405 garage door opener","en","us","0","-"
1529,"garage door","Google","Related","-","magnetic garage door panels","en","us","0","-"
1530,"garage door","Google","Related","-","garage door screen installation","en","us","0","-"
1531,"garage door","Google","Related","-","don's garage door repair","en","us","0","-"
1532,"garage door","Google","Related","-","garage door repair atlanta","en","us","0","-"
1533,"garage door","Google","Related","-","garage door keypad not working","en","us","0","-"
1534,"garage door","Google","Related","-","garage door repairs in cincinnati","en","us","0","-"
1535,"garage door","Google","Related","-","genie garage door opener wall mount","en","us","0","-"
1536,"garage door","Google","Related","-","insulated garage door 16x7","en","us","0","-"
1537,"garage door","Google","Related","-","how to reset a genie garage door remote","en","us","0","-"
1538,"garage door","Google","Related","-","garage door remote wayne dalton","en","us","0","-"
1539,"garage door","Google","Related","-","modern black garage door","en","us","0","-"
1540,"garage door","Google","Related","-","used garage door sale","en","us","0","-"
1541,"garage door","Google","Related","-","new garage door installer","en","us","0","-"
1542,"garage door","Google","Related","-","garage door springs maintenance","en","us","0","-"
1543,"garage door","Google","Related","-","what is standard garage door height","en","us","0","-"
1544,"garage door","Google","Related","-","garage door opener motors","en","us","0","-"
1545,"garage door","Google","Related","-","9x8 garage door","en","us","0","-"
1546,"garage door","Google","Related","-","garage door spring size","en","us","0","-"
1547,"garage door","Google","Related","-","9v battery for garage door keypad","en","us","0","-"
1548,"garage door","Google","Related","-","how to change garage door seal","en","us","0","-"
1549,"garage door","Google","Related","-","liftmaster garage door sensors","en","us","0","-"
1550,"garage door","Google","Related","-","garage door opener battery craftsman","en","us","0","-"
1551,"garage door","Google","Related","-","garage door opener grease","en","us","0","-"
1552,"garage door","Google","Related","-","commercial garage door repair near me","en","us","0","-"
1553,"garage door","Google","Related","-","single car garage door size","en","us","0","-"
1554,"garage door","Google","Related","-","garage door problem","en","us","0","-"
1555,"garage door","Google","Related","-","program genie garage door keypad","en","us","0","-"
1556,"garage door","Google","Related","-","battery for genie garage door remote","en","us","0","-"
1557,"garage door","Google","Related","-","how much do a garage door cost","en","us","0","-"
1558,"garage door","Google","Related","-","garage door opener parts chamberlain","en","us","0","-"
1559,"garage door","Google","Related","-","garage door seal lowes","en","us","0","-"
1560,"garage door","Google","Related","-","ninja garage door","en","us","0","-"
1561,"garage door","Google","Related","-","wire for garage door sensors","en","us","0","-"
1562,"garage door","Google","Related","-","garage door with glass panels","en","us","0","-"
1563,"garage door","Google","Related","-","garage door repair rochester","en","us","0","-"
1564,"garage door","Google","Related","-","install garage door seal","en","us","0","-"
1565,"garage door","Google","Related","-","costco garage door opener","en","us","0","-"
1566,"garage door","Google","Related","-","garage door ideas","en","us","0","-"
1567,"garage door","Google","Related","-","garage door rough opening","en","us","0","-"
1568,"garage door","Google","Related","-","roll up garage door screen","en","us","0","-"
1569,"garage door","Google","Related","-","battery for chamberlain garage door opener remote","en","us","0","-"
1570,"garage door","Google","Related","-","garage door spring home depot","en","us","0","-"
1571,"garage door","Google","Related","-","chamberlain garage door sensor","en","us","0","-"
1572,"garage door","Google","Related","-","garage door seal strips","en","us","0","-"
1573,"garage door","Google","Related","-","chamberlain garage door remote reset","en","us","0","-"
1574,"garage door","Google","Related","-","garage door weather strip replacement","en","us","0","-"
1575,"garage door","Google","Related","-","battery for garage door opener genie","en","us","0","-"
1576,"garage door","Google","Related","-","universal garage door remote chamberlain","en","us","0","-"
1577,"garage door","Google","Related","-","how to replace the garage door seal","en","us","0","-"
1578,"garage door","Google","Related","-","steel garage door insulation","en","us","0","-"
1579,"garage door","Google","Related","-","dog door in garage door","en","us","0","-"
1580,"garage door","Google","Related","-","4 seasons garage door","en","us","0","-"
1581,"garage door","Google","Related","-","garage door repair miami","en","us","0","-"
1582,"garage door","Google","Related","-","plano overhead garage door","en","us","0","-"
1583,"garage door","Google","Related","-","garage door repair irving tx","en","us","0","-"
1584,"garage door","Google","Related","-","wood garage door panel","en","us","0","-"
1585,"garage door","Google","Related","-","garage door spring winding bar","en","us","0","-"
1586,"garage door","Google","Related","-","garage door sensor yellow","en","us","0","-"
1587,"garage door","Google","Related","-","garage door repairs columbus ohio","en","us","0","-"
1588,"garage door","Google","Related","-","cost of a glass garage door","en","us","0","-"
1589,"garage door","Google","Related","-","garage door repair in colorado springs","en","us","0","-"
1590,"garage door","Google","Related","-","garage door small","en","us","0","-"
1591,"garage door","Google","Related","-","holiday garage door covers","en","us","0","-"
1592,"garage door","Google","Related","-","how to adjust the springs on a garage door","en","us","0","-"
1593,"garage door","Google","Related","-","san diego garage door repair","en","us","0","-"
1594,"garage door","Google","Related","-","garage door 7 x 9","en","us","0","-"
1595,"garage door","Google","Related","-","how fix a garage door","en","us","0","-"
1596,"garage door","Google","Related","-","garage door repair companies near me","en","us","0","-"
1597,"garage door","Google","Related","-","diagram of garage door parts","en","us","0","-"
1598,"garage door","Google","Related","-","garage door torsion spring installation cost","en","us","0","-"
1599,"garage door","Google","Related","-","garage door spring grease","en","us","0","-"
1600,"garage door","Google","Related","-","metro garage door mn","en","us","0","-"
1601,"garage door","Google","Related","-","learn button on liftmaster garage door opener","en","us","0","-"
1602,"garage door","Google","Related","-","temecula garage door repair","en","us","0","-"
1603,"garage door","Google","Related","-","how to change battery in liftmaster garage door remote","en","us","0","-"
1604,"garage door","Google","Related","-","owens corning garage door insulation kit","en","us","0","-"
1605,"garage door","Google","Related","-","cost garage door opener","en","us","0","-"
1606,"garage door","Google","Related","-","how long does garage door opener last","en","us","0","-"
1607,"garage door","Google","Related","-","polyurethane insulation garage door","en","us","0","-"
1608,"garage door","Google","Related","-","garage door installer houston","en","us","0","-"
1609,"garage door","Google","Related","-","garage door cover for christmas","en","us","0","-"
1610,"garage door","Google","Related","-","garage door repair in allen","en","us","0","-"
1611,"garage door","Google","Related","-","12 volt garage door opener battery","en","us","0","-"
1612,"garage door","Google","Related","-","garage door repair in albuquerque","en","us","0","-"
1613,"garage door","Google","Related","-","emergency garage door services","en","us","0","-"
1614,"garage door","Google","Related","-","chamberlain commercial garage door opener","en","us","0","-"
1615,"garage door","Google","Related","-","garage door design","en","us","0","-"
1616,"garage door","Google","Related","-","chamberlain 1 2 hp garage door remote","en","us","0","-"
1617,"garage door","Google","Related","-","garage door repair panel","en","us","0","-"
1618,"garage door","Google","Related","-","garage door repair kansas city mo","en","us","0","-"
1619,"garage door","Google","Related","-","life style garage door screen","en","us","0","-"
1620,"garage door","Google","Related","-","liftmaster garage door opener key pad","en","us","0","-"
1621,"garage door","Google","Related","-","garage door spring turn chart","en","us","0","-"
1622,"garage door","Google","Related","-","garage door of indiana","en","us","0","-"
1623,"garage door","Google","Related","-","anytime garage door","en","us","0","-"
1624,"garage door","Google","Related","-","ace's garage door","en","us","0","-"
1625,"garage door","Google","Related","-","ez garage door repair","en","us","0","-"
1626,"garage door","Google","Related","-","garage door not opening","en","us","0","-"
1627,"garage door","Google","Related","-","garage door installation companies","en","us","0","-"
1628,"garage door","Google","Related","-","garage door repair enfield ct","en","us","0","-"
1629,"garage door","Google","Related","-","garage door 8 feet","en","us","0","-"
1630,"garage door","Google","Related","-","best garage door repairs near me","en","us","0","-"
1631,"garage door","Google","Related","-","garage door kansas city","en","us","0","-"
1632,"garage door","Google","Related","-","infinity garage door repair","en","us","0","-"
1633,"garage door","Google","Related","-","garage door replacement hinges","en","us","0","-"
1634,"garage door","Google","Related","-","garage door recommendations","en","us","0","-"
1635,"garage door","Google","Related","-","garage door not close","en","us","0","-"
1636,"garage door","Google","Related","-","safeway garage door","en","us","0","-"
1637,"garage door","Google","Related","-","why won't my garage door close","en","us","0","-"
1638,"garage door","Google","Related","-","magnetic garage door hardware","en","us","0","-"
1639,"garage door","Google","Related","-","good garage door","en","us","0","-"
1640,"garage door","Google","Related","-","garage door pad replacement","en","us","0","-"
1641,"garage door","Google","Related","-","installing garage door weather strip","en","us","0","-"
1642,"garage door","Google","Related","-","why a garage door won't close","en","us","0","-"
1643,"garage door","Google","Related","-","walmart garage door opener","en","us","0","-"
1644,"garage door","Google","Related","-","houston garage door services","en","us","0","-"
1645,"garage door","Google","Related","-","app garage door","en","us","0","-"
1646,"garage door","Google","Related","-","wholesale garage door","en","us","0","-"
1647,"garage door","Google","Related","-","fix garage door panel","en","us","0","-"
1648,"garage door","Google","Related","-","garage door with walk through","en","us","0","-"
1649,"garage door","Google","Related","-","garage door opener technician","en","us","0","-"
1650,"garage door","Google","Related","-","can you paint a garage door","en","us","0","-"
1651,"garage door","Google","Related","-","garage door grunts","en","us","0","-"
1652,"garage door","Google","Related","-","garage door opener smart home","en","us","0","-"
1653,"garage door","Google","Related","-","fiber glass garage door","en","us","0","-"
1654,"garage door","Google","Related","-","liftmaster and chamberlain garage door opener","en","us","0","-"
1655,"garage door","Google","Related","-","garage door repair sacramento california","en","us","0","-"
1656,"garage door","Google","Related","-","garage door repair fort lauderdale","en","us","0","-"
1657,"garage door","Google","Related","-","garage door repair in cincinnati","en","us","0","-"
1658,"garage door","Google","Related","-","rochester ny garage door repair","en","us","0","-"
1659,"garage door","Google","Related","-","clear garage door","en","us","0","-"
1660,"garage door","Google","Related","-","foam board insulation garage door","en","us","0","-"
1661,"garage door","Google","Related","-","garage door access","en","us","0","-"
1662,"garage door","Google","Related","-","precision garage door near me","en","us","0","-"
1663,"garage door","Google","Related","-","how to program my garage door opener","en","us","0","-"
1664,"garage door","Google","Related","-","open garage door manually from outside","en","us","0","-"
1665,"garage door","Google","Related","-","garage door magnets","en","us","0","-"
1666,"garage door","Google","Related","-","st cloud garage door repair","en","us","0","-"
1667,"garage door","Google","Related","-","garage door screens roll up","en","us","0","-"
1668,"garage door","Google","Related","-","a1 garage door reviews","en","us","0","-"
1669,"garage door","Google","Related","-","10 x 10 garage door insulated","en","us","0","-"
1670,"garage door","Google","Related","-","how to sync liftmaster garage door opener with remote","en","us","0","-"
1671,"garage door","Google","Related","-","garage door openers sears","en","us","0","-"
1672,"garage door","Google","Related","-","garage door repairs omaha","en","us","0","-"
1673,"garage door","Google","Related","-","how to fix garage door cable","en","us","0","-"
1674,"garage door","Google","Related","-","garage door cedar","en","us","0","-"
1675,"garage door","Google","Related","-","grand rapids garage door repair","en","us","0","-"
1676,"garage door","Google","Related","-","fiberglass insulation garage door","en","us","0","-"
1677,"garage door","Google","Related","-","ultra quiet garage door opener","en","us","0","-"
1678,"garage door","Google","Related","-","neighborhood garage door services","en","us","0","-"
1679,"garage door","Google","Related","-","garage door guys","en","us","0","-"
1680,"garage door","Google","Related","-","chamberlain garage door universal remote","en","us","0","-"
1681,"garage door","Google","Related","-","garage door repairman","en","us","0","-"
1682,"garage door","Google","Related","-","garage door repair frisco texas","en","us","0","-"
1683,"garage door","Google","Related","-","replace garage door belt","en","us","0","-"
1684,"garage door","Google","Related","-","garage door repair yelp","en","us","0","-"
1685,"garage door","Google","Related","-","garage door spring adjustments","en","us","0","-"
1686,"garage door","Google","Related","-","same day garage door repair phoenix","en","us","0","-"
1687,"garage door","Google","Related","-","garage door net","en","us","0","-"
1688,"garage door","Google","Related","-","how to program a clicker garage door remote","en","us","0","-"
1689,"garage door","Google","Related","-","garland garage door repair","en","us","0","-"
1690,"garage door","Google","Related","-","cost to replace garage door cable","en","us","0","-"
1691,"garage door","Google","Related","-","garage door guy","en","us","0","-"
1692,"garage door","Google","Related","-","garage door chain repair","en","us","0","-"
1693,"garage door","Google","Related","-","san antonio garage door replacement","en","us","0","-"
1694,"garage door","Google","Related","-","garage door spring replacement tools","en","us","0","-"
1695,"garage door","Google","Related","-","garage door wire","en","us","0","-"
1696,"garage door","Google","Related","-","wayne dalton garage door opener","en","us","0","-"
1697,"garage door","Google","Related","-","garage door installation houston","en","us","0","-"
1698,"garage door","Google","Related","-","garage door 16","en","us","0","-"
1699,"garage door","Google","Related","-","yellow light on garage door sensor","en","us","0","-"
1700,"garage door","Google","Related","-","garage door spring types","en","us","0","-"
1701,"garage door","Google","Related","-","columbus garage door repair","en","us","0","-"
1702,"garage door","Google","Related","-","action overhead garage door mn","en","us","0","-"
1703,"garage door","Google","Related","-","gate garage door","en","us","0","-"
1704,"garage door","Google","Related","-","16 x 7 garage door","en","us","0","-"
1705,"garage door","Google","Related","-","garage door used for sale","en","us","0","-"
1706,"garage door","Google","Related","-","battery garage door","en","us","0","-"
1707,"garage door","Google","Related","-","garage door floor seal","en","us","0","-"
1708,"garage door","Google","Related","-","20 minute fire rated garage door","en","us","0","-"
1709,"garage door","Google","Related","-","affordable garage door repair","en","us","0","-"
1710,"garage door","Google","Related","-","extreme garage door opener","en","us","0","-"
1711,"garage door","Google","Related","-","lubricant for garage door opener","en","us","0","-"
1712,"garage door","Google","Related","-","exterior paint garage door","en","us","0","-"
1713,"garage door","Google","Related","-","motorcycle garage door remote","en","us","0","-"
1714,"garage door","Google","Related","-","champions garage door","en","us","0","-"
1715,"garage door","Google","Related","-","garage door opener replacement in phoenix","en","us","0","-"
1716,"garage door","Google","Related","-","lowes insulated garage door kit","en","us","0","-"
1717,"garage door","Google","Related","-","genie garage door program remote","en","us","0","-"
1718,"garage door","Google","Related","-","door master garage door","en","us","0","-"
1719,"garage door","Google","Related","-","the garage door guy","en","us","0","-"
1720,"garage door","Google","Related","-","garage door sensor misaligned","en","us","0","-"
1721,"garage door","Google","Related","-","garage door off track","en","us","0","-"
1722,"garage door","Google","Related","-","wayne dalton garage door openers","en","us","0","-"
1723,"garage door","Google","Related","-","green garage door hinge","en","us","0","-"
1724,"garage door","Google","Related","-","garage door seal replacement kit","en","us","0","-"
1725,"garage door","Google","Related","-","how wide is two car garage door","en","us","0","-"
1726,"garage door","Google","Related","-","garage door installation company","en","us","0","-"
1727,"garage door","Google","Related","-","why garage door won t close","en","us","0","-"
1728,"garage door","Google","Related","-","philadelphia garage door repair","en","us","0","-"
1729,"garage door","Google","Related","-","naples fl garage door repair","en","us","0","-"
1730,"garage door","Google","Related","-","garage door remote sears","en","us","0","-"
1731,"garage door","Google","Related","-","brush seal garage door","en","us","0","-"
1732,"garage door","Google","Related","-","access master garage door remote","en","us","0","-"
1733,"garage door","Google","Related","-","how to change garage door remote code","en","us","0","-"
1734,"garage door","Google","Related","-","garage door opener keychain","en","us","0","-"
1735,"garage door","Google","Related","-","wireless garage door opener keypad","en","us","0","-"
1736,"garage door","Google","Related","-","top seal garage door","en","us","0","-"
1737,"garage door","Google","Related","-","7 x 10 garage door","en","us","0","-"
1738,"garage door","Google","Related","-","garage door rubber weather stripping","en","us","0","-"
1739,"garage door","Google","Related","-","how to reset garage door keypad","en","us","0","-"
1740,"garage door","Google","Related","-","sensor on garage door not working","en","us","0","-"
1741,"garage door","Google","Related","-","liftmaster garage door opener drive belt","en","us","0","-"
1742,"garage door","Google","Related","-","louisville garage door repair","en","us","0","-"
1743,"garage door","Google","Related","-","garage door repair el paso texas","en","us","0","-"
1744,"garage door","Google","Related","-","garage door near","en","us","0","-"
1745,"garage door","Google","Related","-","broten garage door","en","us","0","-"
1746,"garage door","Google","Related","-","new garage door installation","en","us","0","-"
1747,"garage door","Google","Related","-","why garage door open by itself","en","us","0","-"
1748,"garage door","Google","Related","-","how to connect garage door opener to car","en","us","0","-"
1749,"garage door","Google","Related","-","advanced garage door","en","us","0","-"
1750,"garage door","Google","Related","-","saint paul garage door repair","en","us","0","-"
1751,"garage door","Google","Related","-","garage door remotes genie","en","us","0","-"
1752,"garage door","Google","Related","-","genie garage door remote control programming","en","us","0","-"
1753,"garage door","Google","Related","-","fimbel garage door","en","us","0","-"
1754,"garage door","Google","Related","-","chamberlain b970 garage door opener","en","us","0","-"
1755,"garage door","Google","Related","-","professional garage door","en","us","0","-"
1756,"garage door","Google","Related","-","glass garage door costs","en","us","0","-"
1757,"garage door","Google","Related","-","oklahoma city garage door repair","en","us","0","-"
1758,"garage door","Google","Related","-","how to fix the garage door cable","en","us","0","-"
1759,"garage door","Google","Related","-","magic garage door","en","us","0","-"
1760,"garage door","Google","Related","-","garage door folding","en","us","0","-"
1761,"garage door","Google","Related","-","rodent guard for garage door","en","us","0","-"
1762,"garage door","Google","Related","-","el paso garage door repair","en","us","0","-"
1763,"garage door","Google","Related","-","garage door screen system","en","us","0","-"
1764,"garage door","Google","Related","-","home depot garage door seal","en","us","0","-"
1765,"garage door","Google","Related","-","farmhouse garage door","en","us","0","-"
1766,"garage door","Google","Related","-","cost to fix garage door opener","en","us","0","-"
1767,"garage door","Google","Related","-","how much garage door opener","en","us","0","-"
1768,"garage door","Google","Related","-","garage door seal for floor","en","us","0","-"
1769,"garage door","Google","Related","-","a 1 garage door repair","en","us","0","-"
1770,"garage door","Google","Related","-","garage door store","en","us","0","-"
1771,"garage door","Google","Related","-","problem with garage door","en","us","0","-"
1772,"garage door","Google","Related","-","glass panel garage door","en","us","0","-"
1773,"garage door","Google","Related","-","garaga garage door","en","us","0","-"
1774,"garage door","Google","Related","-","open a garage door without power","en","us","0","-"
1775,"garage door","Google","Related","-","chamberlain garage door opener home depot","en","us","0","-"
1776,"garage door","Google","Related","-","high lift garage door","en","us","0","-"
1777,"garage door","Google","Related","-","lowes garage door seal","en","us","0","-"
1778,"garage door","Google","Related","-","guardian garage door opener","en","us","0","-"
1779,"garage door","Google","Related","-","garage door houston","en","us","0","-"
1780,"garage door","Google","Related","-","liftmaster 1/2 hp garage door opener","en","us","0","-"
1781,"garage door","Google","Related","-","how wide garage door","en","us","0","-"
1782,"garage door","Google","Related","-","m and m garage door","en","us","0","-"
1783,"garage door","Google","Related","-","how to fix a garage door cable","en","us","0","-"
1784,"garage door","Google","Related","-","garage door repair expert","en","us","0","-"
1785,"garage door","Google","Related","-","ace garage door repair and installation","en","us","0","-"
1786,"garage door","Google","Related","-","fix garage door torsion spring","en","us","0","-"
1787,"garage door","Google","Related","-","garage door repair kansas city","en","us","0","-"
1788,"garage door","Google","Related","-","garage door spring tool","en","us","0","-"
1789,"garage door","Google","Related","-","garage door light bulb","en","us","0","-"
1790,"garage door","Google","Related","-","garage door repair specialist","en","us","0","-"
1791,"garage door","Google","Related","-","lewis center garage door repair","en","us","0","-"
1792,"garage door","Google","Related","-","garage door seals lowes","en","us","0","-"
1793,"garage door","Google","Related","-","chamberlain garage door opener sensor","en","us","0","-"
1794,"garage door","Google","Related","-","how much is it to fix a garage door","en","us","0","-"
1795,"garage door","Google","Related","-","garage door repair in nashville","en","us","0","-"
1796,"garage door","Google","Related","-","garage door sizes chart","en","us","0","-"
1797,"garage door","Google","Related","-","liftmaster garage door sensor","en","us","0","-"
1798,"garage door","Google","Related","-","local garage door company","en","us","0","-"
1799,"garage door","Google","Related","-","sommer garage door opener","en","us","0","-"
1800,"garage door","Google","Related","-","emergency garage door service","en","us","0","-"
1801,"garage door","Google","Related","-","garage door mid century modern","en","us","0","-"
1802,"garage door","Google","Related","-","elite garage door repair","en","us","0","-"
1803,"garage door","Google","Related","-","tesla homelink garage door opener","en","us","0","-"
1804,"garage door","Google","Related","-","home depot garage door installation","en","us","0","-"
1805,"garage door","Google","Related","-","easy garage door repair","en","us","0","-"
1806,"garage door","Google","Related","-","garage door repair in san jose","en","us","0","-"
1807,"garage door","Google","Related","-","epdm rubber garage door seal","en","us","0","-"
1808,"garage door","Google","Related","-","garage door shop near me","en","us","0","-"
1809,"garage door","Google","Related","-","garage door track kit","en","us","0","-"
1810,"garage door","Google","Related","-","garage door repair salt lake","en","us","0","-"
1811,"garage door","Google","Related","-","how much to fix a garage door","en","us","0","-"
1812,"garage door","Google","Related","-","pull down screen for garage door","en","us","0","-"
1813,"garage door","Google","Related","-","chamberlain home depot garage door opener","en","us","0","-"
1814,"garage door","Google","Related","-","replace garage door opener belt","en","us","0","-"
1815,"garage door","Google","Related","-","garage door for carport","en","us","0","-"
1816,"garage door","Google","Related","-","cables came off garage door","en","us","0","-"
1817,"garage door","Google","Related","-","garage door near ","en","us","0","-"
1818,"garage door","Google","Related","-","garage door repair st paul","en","us","0","-"
1819,"garage door","Google","Related","-","sun city garage door","en","us","0","-"
1820,"garage door","Google","Related","-","san antonio garage door","en","us","0","-"
1821,"garage door","Google","Related","-","painting exterior garage door","en","us","0","-"
1822,"garage door","Google","Related","-","garage door repair indianapolis","en","us","0","-"
1823,"garage door","Google","Related","-","silicone garage door lubricant","en","us","0","-"
1824,"garage door","Google","Related","-","double car garage door","en","us","0","-"
1825,"garage door","Google","Related","-","carrollton tx garage door repair","en","us","0","-"
1826,"garage door","Google","Related","-","garage door store near me","en","us","0","-"
1827,"garage door","Google","Related","-","kansas city mo garage door repair","en","us","0","-"
1828,"garage door","Google","Related","-","hurricane garage door","en","us","0","-"
1829,"garage door","Google","Related","-","purchase a garage door","en","us","0","-"
1830,"garage door","Google","Related","-","garage door curtain","en","us","0","-"
1831,"garage door","Google","Related","-","cost for double garage door","en","us","0","-"
1832,"garage door","Google","Related","-","garage door repair cleveland ohio","en","us","0","-"
1833,"garage door","Google","Related","-","quality garage door","en","us","0","-"
1834,"garage door","Google","Related","-","garage door insulation at home depot","en","us","0","-"
1835,"garage door","Google","Related","-","emergency release on garage door","en","us","0","-"
1836,"garage door","Google","Related","-","garage door repair 24 7","en","us","0","-"
1837,"garage door","Google","Related","-","full view garage door","en","us","0","-"
1838,"garage door","Google","Related","-","why would garage door open by itself","en","us","0","-"
1839,"garage door","Google","Related","-","one car garage door price","en","us","0","-"
1840,"garage door","Google","Related","-","garage door slide lock","en","us","0","-"
1841,"garage door","Google","Related","-","legacy garage door opener","en","us","0","-"
1842,"garage door","Google","Related","-","garage door repair orange county california","en","us","0","-"
1843,"garage door","Google","Related","-","craftsman garage door opener remote battery","en","us","0","-"
1844,"garage door","Google","Related","-","wireless keypad for garage door opener","en","us","0","-"
1845,"garage door","Google","Related","-","garage door insulation foam board","en","us","0","-"
1846,"garage door","Google","Related","-","garage door repair in scottsdale","en","us","0","-"
1847,"garage door","Google","Related","-","how to repair garage door cable","en","us","0","-"
1848,"garage door","Google","Related","-","smart garage door","en","us","0","-"
1849,"garage door","Google","Related","-","lithium grease garage door","en","us","0","-"
1850,"garage door","Google","Related","-","garage door repair in lincoln","en","us","0","-"
1851,"garage door","Google","Related","-","how much to fix garage door","en","us","0","-"
1852,"garage door","Google","Related","-","garage door nearby","en","us","0","-"
1853,"garage door","Google","Related","-","garage door repair garland tx","en","us","0","-"
1854,"garage door","Google","Related","-","garage door repair 24 hours","en","us","0","-"
1855,"garage door","Google","Related","-","bmw programming garage door opener","en","us","0","-"
1856,"garage door","Google","Related","-","garage door programming car","en","us","0","-"
1857,"garage door","Google","Related","-","my garage door will not close","en","us","0","-"
1858,"garage door","Google","Related","-","do it yourself garage door","en","us","0","-"
1859,"garage door","Google","Related","-","chamberlain garage door opener with battery backup","en","us","0","-"
1860,"garage door","Google","Related","-","garage door for sale online","en","us","0","-"
1861,"garage door","Google","Related","-","privacy garage door screen","en","us","0","-"
1862,"garage door","Google","Related","-","overhead door garage door parts","en","us","0","-"
1863,"garage door","Google","Related","-","garage door magnetic decorations","en","us","0","-"
1864,"garage door","Google","Related","-","wrap garage door","en","us","0","-"
1865,"garage door","Google","Related","-","supreme garage door","en","us","0","-"
1866,"garage door","Google","Related","-","replace garage door glass","en","us","0","-"
1867,"garage door","Google","Related","-","garage door belt","en","us","0","-"
1868,"garage door","Google","Related","-","garage door remote replacement genie","en","us","0","-"
1869,"garage door","Google","Related","-","insulated window garage door","en","us","0","-"
1870,"garage door","Google","Related","-","garage door opener heavy duty","en","us","0","-"
1871,"garage door","Google","Related","-","garage door lock t handle","en","us","0","-"
1872,"garage door","Google","Related","-","garage door repair naples","en","us","0","-"
1873,"garage door","Google","Related","-","garage door 18 x 8","en","us","0","-"
1874,"garage door","Google","Related","-","garage door parts supplier near me","en","us","0","-"
1875,"garage door","Google","Related","-","garage door opening kit","en","us","0","-"
1876,"garage door","Google","Related","-","garage door accessory","en","us","0","-"
1877,"garage door","Google","Related","-","how to program a genie garage door keypad","en","us","0","-"
1878,"garage door","Google","Related","-","single panel garage door","en","us","0","-"
1879,"garage door","Google","Related","-","cable on garage door came off","en","us","0","-"
1880,"garage door","Google","Related","-","katy tx garage door repair","en","us","0","-"
1881,"garage door","Google","Related","-","garage door remote stanley","en","us","0","-"
1882,"garage door","Google","Related","-","garage door squeaky","en","us","0","-"
1883,"garage door","Google","Related","-","garage door opener remote overhead door","en","us","0","-"
1884,"garage door","Google","Related","-","garage door broken","en","us","0","-"
1885,"garage door","Google","Related","-","garage door insulation at lowe's","en","us","0","-"
1886,"garage door","Google","Related","-","garage door quality","en","us","0","-"
1887,"garage door","Google","Related","-","christmas garage door banner","en","us","0","-"
1888,"garage door","Google","Related","-","change lock on garage door","en","us","0","-"
1889,"garage door","Google","Related","-","xtreme garage door opener","en","us","0","-"
1890,"garage door","Google","Related","-","myq garage door opener setup","en","us","0","-"
1891,"garage door","Google","Related","-","replacement garage door opener remote chamberlain","en","us","0","-"
1892,"garage door","Google","Related","-","how to set chamberlain garage door opener remote","en","us","0","-"
1893,"garage door","Google","Related","-","ideal garage door","en","us","0","-"
1894,"garage door","Google","Related","-","standard car garage door size","en","us","0","-"
1895,"garage door","Google","Related","-","garage door springs types","en","us","0","-"
1896,"garage door","Google","Related","-","garage door electric","en","us","0","-"
1897,"garage door","Google","Related","-","curtain for garage door","en","us","0","-"
1898,"garage door","Google","Related","-","garage door repairs sacramento","en","us","0","-"
1899,"garage door","Google","Related","-","garage door repair in huntington beach","en","us","0","-"
1900,"garage door","Google","Related","-","boca raton garage door repair","en","us","0","-"
1901,"garage door","Google","Related","-","clicker garage door remote manual","en","us","0","-"
1902,"garage door","Google","Related","-","garage door motor chain","en","us","0","-"
1903,"garage door","Google","Related","-","garage door portland","en","us","0","-"
1904,"garage door","Google","Related","-","vertistack garage door","en","us","0","-"
1905,"garage door","Google","Related","-","liftmaster elite series garage door opener","en","us","0","-"
1906,"garage door","Google","Related","-","manual garage door","en","us","0","-"
1907,"garage door","Google","Related","-","how much does garage door repair cost","en","us","0","-"
1908,"garage door","Google","Related","-","my q garage door keypad","en","us","0","-"
1909,"garage door","Google","Related","-","select garage door","en","us","0","-"
1910,"garage door","Google","Related","-","commercial garage door installation","en","us","0","-"
1911,"garage door","Google","Related","-","garage door repair cincinnati","en","us","0","-"
1912,"garage door","Google","Related","-","garage door trim vinyl","en","us","0","-"
1913,"garage door","Google","Related","-","black garage door with glass","en","us","0","-"
1914,"garage door","Google","Related","-","garage door remote dip switch","en","us","0","-"
1915,"garage door","Google","Related","-","belt drive vs chain drive garage door openers","en","us","0","-"
1916,"garage door","Google","Related","-","garage door repair in philadelphia","en","us","0","-"
1917,"garage door","Google","Related","-","how much is garage door opener installation","en","us","0","-"
1918,"garage door","Google","Related","-","garage door repair in tulsa","en","us","0","-"
1919,"garage door","Google","Related","-","single garage door size","en","us","0","-"
1920,"garage door","Google","Related","-","pergola over garage door","en","us","0","-"
1921,"garage door","Google","Related","-","fix garage door pulley","en","us","0","-"
1922,"garage door","Google","Related","-","garage door sensor sun shield","en","us","0","-"
1923,"garage door","Google","Related","-","garage door las vegas","en","us","0","-"
1924,"garage door","Google","Related","-","my garage door won t close","en","us","0","-"
1925,"garage door","Google","Related","-","garage door parts and supplies","en","us","0","-"
1926,"garage door","Google","Related","-","rod holder garage door","en","us","0","-"
1927,"garage door","Google","Related","-","garage door repair nashville tennessee","en","us","0","-"
1928,"garage door","Google","Related","-","garage door repairs pittsburgh","en","us","0","-"
1929,"garage door","Google","Related","-","garage door spring tools","en","us","0","-"
1930,"garage door","Google","Related","-","2 car garage door width","en","us","0","-"
1931,"garage door","Google","Related","-","genie garage door opener instructions manual","en","us","0","-"
1932,"garage door","Google","Related","-","how to program clicker garage door remote","en","us","0","-"
1933,"garage door","Google","Related","-","rigid foam garage door insulation","en","us","0","-"
1934,"garage door","Google","Related","-","genie garage door sensors","en","us","0","-"
1935,"garage door","Google","Related","-","garage door repair tallahassee","en","us","0","-"
1936,"garage door","Google","Related","-","lexington ky garage door repair","en","us","0","-"
1937,"garage door","Google","Related","-","spring garage door repair","en","us","0","-"
1938,"garage door","Google","Related","-","garage door opener sensors","en","us","0","-"
1939,"garage door","Google","Related","-","unique garage door","en","us","0","-"
1940,"garage door","Google","Related","-","10x16 garage door","en","us","0","-"
1941,"garage door","Google","Related","-","garage door repair long island","en","us","0","-"
1942,"garage door","Google","Related","-","how to reprogram a garage door opener keypad","en","us","0","-"
1943,"garage door","Google","Related","-","how wide is a garage door","en","us","0","-"
1944,"garage door","Google","Related","-","steel garage door panels","en","us","0","-"
1945,"garage door","Google","Related","-","richardson garage door repair","en","us","0","-"
1946,"garage door","Google","Related","-","insulated roll up garage door","en","us","0","-"
1947,"garage door","Google","Related","-","garage door company san antonio","en","us","0","-"
1948,"garage door","Google","Related","-","garage door 16'","en","us","0","-"
1949,"garage door","Google","Related","-","garage door opener company","en","us","0","-"
1950,"garage door","Google","Related","-","atlanta garage door","en","us","0","-"
1951,"garage door","Google","Related","-","how to change garage door bottom seal","en","us","0","-"
1952,"garage door","Google","Related","-","st louis garage door repair","en","us","0","-"
1953,"garage door","Google","Related","-","garage door springs adjustment","en","us","0","-"
1954,"garage door","Google","Related","-","10 x10 insulated garage door","en","us","0","-"
1955,"garage door","Google","Related","-","garage door opener with camera","en","us","0","-"
1956,"garage door","Google","Related","-","18 foot garage door","en","us","0","-"
1957,"garage door","Google","Related","-","garage door reinforcement bracket","en","us","0","-"
1958,"garage door","Google","Related","-","walk through garage door","en","us","0","-"
1959,"garage door","Google","Related","-","garage door repair in columbus","en","us","0","-"
1960,"garage door","Google","Related","-","garage door open by itself","en","us","0","-"
1961,"garage door","Google","Related","-","garage door not shutting all the way","en","us","0","-"
1962,"garage door","Google","Related","-","rubber weather stripping garage door","en","us","0","-"
1963,"garage door","Google","Related","-","exterior garage door","en","us","0","-"
1964,"garage door","Google","Related","-","liftmaster garage door opener 8550w","en","us","0","-"
1965,"garage door","Google","Related","-","wifi extender for garage door opener","en","us","0","-"
1966,"garage door","Google","Related","-","keypad for overhead garage door","en","us","0","-"
1967,"garage door","Google","Related","-","garage door emergency services","en","us","0","-"
1968,"garage door","Google","Related","-","open garage door no power","en","us","0","-"
1969,"garage door","Google","Related","-","french garage door","en","us","0","-"
1970,"garage door","Google","Related","-","garage door repair oklahoma city","en","us","0","-"
1971,"garage door","Google","Related","-","metal garage door","en","us","0","-"
1972,"garage door","Google","Related","-","sears garage door opener","en","us","0","-"
1973,"garage door","Google","Related","-","where to buy garage door replacement panels online","en","us","0","-"
1974,"garage door","Google","Related","-","genie garage door opener learn button","en","us","0","-"
1975,"garage door","Google","Related","-","universal remote for chamberlain garage door opener","en","us","0","-"
1976,"garage door","Google","Related","-","genie garage door opener belt","en","us","0","-"
1977,"garage door","Google","Related","-","garage door maintenance service","en","us","0","-"
1978,"garage door","Google","Related","-","new garage door installed","en","us","0","-"
1979,"garage door","Google","Related","-","garage door opener repair mesa","en","us","0","-"
1980,"garage door","Google","Related","-","all star garage door","en","us","0","-"
1981,"garage door","Google","Related","-","replacement garage door opener remote for craftsman","en","us","0","-"
1982,"garage door","Google","Related","-","insulate steel garage door","en","us","0","-"
1983,"garage door","Google","Related","-","garage door repair grand rapids michigan","en","us","0","-"
1984,"garage door","Google","Related","-","garage door repair in milwaukee","en","us","0","-"
1985,"garage door","Google","Related","-","all seasons garage door","en","us","0","-"
1986,"garage door","Google","Related","-","garage door width 2 car","en","us","0","-"
1987,"garage door","Google","Related","-","garage door doctor repair","en","us","0","-"
1988,"garage door","Google","Related","-","10 ft garage door","en","us","0","-"
1989,"garage door","Google","Related","-","best garage door company near me","en","us","0","-"
1990,"garage door","Google","Related","-","residential garage door opener","en","us","0","-"
1991,"garage door","Google","Related","-","garage door 12 ft","en","us","0","-"
1992,"garage door","Google","Related","-","all season garage door","en","us","0","-"
1993,"garage door","Google","Related","-","garage door service houston","en","us","0","-"
1994,"garage door","Google","Related","-","garage door repair sarasota florida","en","us","0","-"
1995,"garage door","Google","Related","-","home automation garage door opener","en","us","0","-"
1996,"garage door","Google","Related","-","repair torsion spring garage door","en","us","0","-"
1997,"garage door","Google","Related","-","chain for garage door opener","en","us","0","-"
1998,"garage door","Google","Related","-","modern garage door windows","en","us","0","-"
1999,"garage door","Google","Related","-","garage door springs winding bars","en","us","0","-"
2000,"garage door","Google","Related","-","outside garage door","en","us","0","-"
2001,"garage door","Google","Related","-","garage door precision","en","us","0","-"
2002,"garage door","Google","Related","-","liftmaster 1 2 hp garage door opener","en","us","0","-"
2003,"garage door","Google","Related","-","how much for a garage door opener installed","en","us","0","-"
2004,"garage door","Google","Related","-","paint metal garage door","en","us","0","-"
2005,"garage door","Google","Related","-","garage door opener compatible with myq","en","us","0","-"
2006,"garage door","Google","Related","-","residential garage door repair near me","en","us","0","-"
2007,"garage door","Google","Related","-","how to replace chamberlain garage door opener","en","us","0","-"
2008,"garage door","Google","Related","-","im garage door service","en","us","0","-"
2009,"garage door","Google","Related","-","16 garage door","en","us","0","-"
2010,"garage door","Google","Related","-","garage door replacement san antonio tx","en","us","0","-"
2011,"garage door","Google","Related","-","my garage door won't close","en","us","0","-"
2012,"garage door","Google","Related","-","how much explo ammo for garage door","en","us","0","-"
2013,"garage door","Google","Related","-","garage door repair lewis center","en","us","0","-"
2014,"garage door","Google","Related","-","chamberlain rjo101 garage door opener","en","us","0","-"
2015,"garage door","Google","Related","-","shop garage door","en","us","0","-"
2016,"garage door","Google","Related","-","garage door lithium grease","en","us","0","-"
2017,"garage door","Google","Related","-","tension bar garage door","en","us","0","-"
2018,"garage door","Google","Related","-","diy garage door insulation","en","us","0","-"
2019,"garage door","Google","Related","-","garage door windsor","en","us","0","-"
2020,"garage door","Google","Related","-","garage door repair renton","en","us","0","-"
2021,"garage door","Google","Related","-","linear garage door remote programming","en","us","0","-"
2022,"garage door","Google","Related","-","new garage door cost installed","en","us","0","-"
2023,"garage door","Google","Related","-","garage door opener safety sensors","en","us","0","-"
2024,"garage door","Google","Related","-","garage door chain drive vs belt drive","en","us","0","-"
2025,"garage door","Google","Related","-","aladdin garage door","en","us","0","-"
2026,"garage door","Google","Related","-","craftsman garage door","en","us","0","-"
2027,"garage door","Google","Related","-","liftmaster jackshaft garage door opener","en","us","0","-"
2028,"garage door","Google","Related","-","program genie garage door opener keypad","en","us","0","-"
2029,"garage door","Google","Related","-","universal liftmaster garage door remote","en","us","0","-"
2030,"garage door","Google","Related","-","garage door opener outside","en","us","0","-"
2031,"garage door","Google","Related","-","garage door opener repair kit","en","us","0","-"
2032,"garage door","Google","Related","-","how much garage door spring","en","us","0","-"
2033,"garage door","Google","Related","-","retractable garage door screen kit","en","us","0","-"
2034,"garage door","Google","Related","-","garage door repair in katy","en","us","0","-"
2035,"garage door","Google","Related","-","garage door paint color","en","us","0","-"
2036,"garage door","Google","Related","-","liftmaster garage door opener jackshaft","en","us","0","-"
2037,"garage door","Google","Related","-","universal garage door remote keypad","en","us","0","-"
2038,"garage door","Google","Related","-","garage door dealer","en","us","0","-"
2039,"garage door","Google","Related","-","garage door button","en","us","0","-"
2040,"garage door","Google","Related","-","garage door lock and handle","en","us","0","-"
2041,"garage door","Google","Related","-","precision garage door repair","en","us","0","-"
2042,"garage door","Google","Related","-","lowes garage door insulation","en","us","0","-"
2043,"garage door","Google","Related","-","garage door opener app genie","en","us","0","-"
2044,"garage door","Google","Related","-","garage door emergency release","en","us","0","-"
2045,"garage door","Google","Related","-","used garage door","en","us","0","-"
2046,"garage door","Google","Related","-","black glass garage door","en","us","0","-"
2047,"garage door","Google","Related","-","gator garage door repair","en","us","0","-"
2048,"garage door","Google","Related","-","garage door repair mesa az","en","us","0","-"
2049,"garage door","Google","Related","-","garage door employment","en","us","0","-"
2050,"garage door","Google","Related","-","garage door sims 4","en","us","0","-"
2051,"garage door","Google","Related","-","liftmaster chain drive garage door opener","en","us","0","-"
2052,"garage door","Google","Related","-","awning for garage door","en","us","0","-"
2053,"garage door","Google","Related","-","insulated garage door glass","en","us","0","-"
2054,"garage door","Google","Related","-","clean garage door","en","us","0","-"
2055,"garage door","Google","Related","-","standard garage door size single","en","us","0","-"
2056,"garage door","Google","Related","-","garage door option","en","us","0","-"
2057,"garage door","Google","Related","-","garage door high lift conversion kit","en","us","0","-"
2058,"garage door","Google","Related","-","garage door cable came off","en","us","0","-"
2059,"garage door","Google","Related","-","roll up glass garage door","en","us","0","-"
2060,"garage door","Google","Related","-","garage door repair rockwall texas","en","us","0","-"
2061,"garage door","Google","Related","-","garage door open with phone","en","us","0","-"
2062,"garage door","Google","Related","-","cypress tx garage door repair","en","us","0","-"
2063,"garage door","Google","Related","-","best smart garage door openers","en","us","0","-"
2064,"garage door","Google","Related","-","how to program a genie garage door opener remote","en","us","0","-"
2065,"garage door","Google","Related","-","garage door average cost","en","us","0","-"
2066,"garage door","Google","Related","-","bluetooth garage door remote","en","us","0","-"
2067,"garage door","Google","Related","-","how to open a garage door with broken spring","en","us","0","-"
2068,"garage door","Google","Related","-","garage door industry","en","us","0","-"
2069,"garage door","Google","Related","-","why garage door won't open","en","us","0","-"
2070,"garage door","Google","Related","-","program garage door keypad clicker","en","us","0","-"
2071,"garage door","Google","Related","-","how to reset a garage door","en","us","0","-"
2072,"garage door","Google","Related","-","garage door stop","en","us","0","-"
2073,"garage door","Google","Related","-","garage door bottom seal kits","en","us","0","-"
2074,"garage door","Google","Related","-","cost of double garage door","en","us","0","-"
2075,"garage door","Google","Related","-","renner garage door","en","us","0","-"
2076,"garage door","Google","Related","-","how to open garage door when power is out","en","us","0","-"
2077,"garage door","Google","Related","-","how much do garage door openers cost","en","us","0","-"
2078,"garage door","Google","Related","-","smart garage door opener installation","en","us","0","-"
2079,"garage door","Google","Related","-","genie remote garage door opener not working","en","us","0","-"
2080,"garage door","Google","Related","-","garage door repair miami llc","en","us","0","-"
2081,"garage door","Google","Related","-","open garage door with phone","en","us","0","-"
2082,"garage door","Google","Related","-","insulfoam garage door insulation kit","en","us","0","-"
2083,"garage door","Google","Related","-","how to lock a garage door manually","en","us","0","-"
2084,"garage door","Google","Related","-","garage door repair carrollton","en","us","0","-"
2085,"garage door","Google","Related","-","garage door repair lexington","en","us","0","-"
2086,"garage door","Google","Related","-","buy garage door","en","us","0","-"
2087,"garage door","Google","Related","-","garage door openers belt","en","us","0","-"
2088,"garage door","Google","Related","-","garage door opener lubrication","en","us","0","-"
2089,"garage door","Google","Related","-","replace garage door trim","en","us","0","-"
2090,"garage door","Google","Related","-","program garage door opener in car","en","us","0","-"
2091,"garage door","Google","Related","-","led light for garage door opener","en","us","0","-"
2092,"garage door","Google","Related","-","liftmaster garage door opener is beeping","en","us","0","-"
2093,"garage door","Google","Related","-","torquemaster garage door springs","en","us","0","-"
2094,"garage door","Google","Related","-","loose garage door chain","en","us","0","-"
2095,"garage door","Google","Related","-","1 3 hp garage door opener","en","us","0","-"
2096,"garage door","Google","Related","-","cost of replacing garage door cables","en","us","0","-"
2097,"garage door","Google","Related","-","black garage door paint","en","us","0","-"
2098,"garage door","Google","Related","-","garage door side open","en","us","0","-"
2099,"garage door","Google","Related","-","garage door repair hollywood","en","us","0","-"
2100,"garage door","Google","Related","-","garage door window panel","en","us","0","-"
2101,"garage door","Google","Related","-","cleveland garage door repair","en","us","0","-"
2102,"garage door","Google","Related","-","painting garage door black","en","us","0","-"
2103,"garage door","Google","Related","-","garage door modern wood","en","us","0","-"
2104,"garage door","Google","Related","-","garage door part supply","en","us","0","-"
2105,"garage door","Google","Related","-","vertical track for garage door","en","us","0","-"
2106,"garage door","Google","Related","-","garage door repair in fresno","en","us","0","-"
2107,"garage door","Google","Related","-","garage door options","en","us","0","-"
2108,"garage door","Google","Related","-","garage door frosted glass","en","us","0","-"
2109,"garage door","Google","Related","-","welborn garage door repair","en","us","0","-"
2110,"garage door","Google","Related","-","garage door repair sacramento","en","us","0","-"
2111,"garage door","Google","Related","-","fake windows for garage door","en","us","0","-"
2112,"garage door","Google","Related","-","replacing garage door extension spring","en","us","0","-"
2113,"garage door","Google","Related","-","garage door repair huntington beach","en","us","0","-"
2114,"garage door","Google","Related","-","garage door banner","en","us","0","-"
2115,"garage door","Google","Related","-","eds garage door","en","us","0","-"
2116,"garage door","Google","Related","-","myq garage door opener battery","en","us","0","-"
2117,"garage door","Google","Related","-","garage door not closing all the way","en","us","0","-"
2118,"garage door","Google","Related","-","how to program garage door with car","en","us","0","-"
2119,"garage door","Google","Related","-","liftmaster garage door remote control not working","en","us","0","-"
2120,"garage door","Google","Related","-","garage door windows kits","en","us","0","-"
2121,"garage door","Google","Related","-","opening garage door with phone","en","us","0","-"
2122,"garage door","Google","Related","-","latch for garage door","en","us","0","-"
2123,"garage door","Google","Related","-","24 hour garage door repair","en","us","0","-"
2124,"garage door","Google","Related","-","garage door tune up cost","en","us","0","-"
2125,"garage door","Google","Related","-","average cost garage door","en","us","0","-"
2126,"garage door","Google","Related","-","garage door repair bradenton florida","en","us","0","-"
2127,"garage door","Google","Related","-","garage door repair spring","en","us","0","-"
2128,"garage door","Google","Related","-","metal garage door painting","en","us","0","-"
2129,"garage door","Google","Related","-","best paint for a garage door","en","us","0","-"
2130,"garage door","Google","Related","-","san diego garage door","en","us","0","-"
2131,"garage door","Google","Related","-","wifi enabled garage door opener","en","us","0","-"
2132,"garage door","Google","Related","-","garage door repair eden prairie mn","en","us","0","-"
2133,"garage door","Google","Related","-","best garage door seal","en","us","0","-"
2134,"garage door","Google","Related","-","garage door installation quote","en","us","0","-"
2135,"garage door","Google","Related","-","garage door repair in omaha ne","en","us","0","-"
2136,"garage door","Google","Related","-","garage door opener button","en","us","0","-"
2137,"garage door","Google","Related","-","garage door insulation lowes","en","us","0","-"
2138,"garage door","Google","Related","-","oc garage door repair","en","us","0","-"
2139,"garage door","Google","Related","-","garage door window insert replacements","en","us","0","-"
2140,"garage door","Google","Related","-","insulated garage door lowes","en","us","0","-"
2141,"garage door","Google","Related","-","garage door head","en","us","0","-"
2142,"garage door","Google","Related","-","garage door repair sherman oaks ca","en","us","0","-"
2143,"garage door","Google","Related","-","cost to replace garage door rollers","en","us","0","-"
2144,"garage door","Google","Related","-","garage door 18 x 7","en","us","0","-"
2145,"garage door","Google","Related","-","garage door screens on tracks","en","us","0","-"
2146,"garage door","Google","Related","-","retractable roll up garage door screen","en","us","0","-"
2147,"garage door","Google","Related","-","a1 garage door repair","en","us","0","-"
2148,"garage door","Google","Related","-","how to reengage garage door","en","us","0","-"
2149,"garage door","Google","Related","-","pittsburgh garage door repair","en","us","0","-"
2150,"garage door","Google","Related","-","garage door opener home depot installation","en","us","0","-"
2151,"garage door","Google","Related","-","my garage door won't open","en","us","0","-"
2152,"garage door","Google","Related","-","garage door window coverings","en","us","0","-"
2153,"garage door","Google","Related","-","genie garage door opener troubleshooting","en","us","0","-"
2154,"garage door","Google","Related","-","it garage door cover","en","us","0","-"
2155,"garage door","Google","Related","-","chamberlain vs genie garage door openers","en","us","0","-"
2156,"garage door","Google","Related","-","space saving garage door","en","us","0","-"
2157,"garage door","Google","Related","-","madison garage door repair","en","us","0","-"
2158,"garage door","Google","Related","-","install garage door keypad","en","us","0","-"
2159,"garage door","Google","Related","-","garage door repair in boca raton","en","us","0","-"
2160,"garage door","Google","Related","-","garage door repair in memphis","en","us","0","-"
2161,"garage door","Google","Related","-","how to program garage door to car without remote","en","us","0","-"
2162,"garage door","Google","Related","-","chamberlain garage door opener 3/4 hp","en","us","0","-"
2163,"garage door","Google","Related","-","garage door see through","en","us","0","-"
2164,"garage door","Google","Related","-","garage door sensors genie","en","us","0","-"
2165,"garage door","Google","Related","-","reprogramming a clicker garage door keypad","en","us","0","-"
2166,"garage door","Google","Related","-","marantec remote garage door opener","en","us","0","-"
2167,"garage door","Google","Related","-","programming garage door to car","en","us","0","-"
2168,"garage door","Google","Related","-","garage door opener sears craftsman","en","us","0","-"
2169,"garage door","Google","Related","-","garage door technician job","en","us","0","-"
2170,"garage door","Google","Related","-","all american garage door","en","us","0","-"
2171,"garage door","Google","Related","-","raised panel garage door","en","us","0","-"
2172,"garage door","Google","Related","-","veteran garage door","en","us","0","-"
2173,"garage door","Google","Related","-","sacramento garage door repair","en","us","0","-"
2174,"garage door","Google","Related","-","fix garage door dent","en","us","0","-"
2175,"garage door","Google","Related","-","duke's garage door","en","us","0","-"
2176,"garage door","Google","Related","-","space saving garage door opener","en","us","0","-"
2177,"garage door","Google","Related","-","10 x 16 garage door","en","us","0","-"
2178,"garage door","Google","Related","-","the garage door company","en","us","0","-"
2179,"garage door","Google","Related","-","holmes garage door company","en","us","0","-"
2180,"garage door","Google","Related","-","garage door track vertical","en","us","0","-"
2181,"garage door","Google","Related","-","my garage door won t open","en","us","0","-"
2182,"garage door","Google","Related","-","garage door repair cost broken spring","en","us","0","-"
2183,"garage door","Google","Related","-","24 7 garage door repair","en","us","0","-"
2184,"garage door","Google","Related","-","curtain garage door","en","us","0","-"
2185,"garage door","Google","Related","-","garage door repair precision","en","us","0","-"
2186,"garage door","Google","Related","-","rolling garage door repair","en","us","0","-"
2187,"garage door","Google","Related","-","replace genie garage door opener remote","en","us","0","-"
2188,"garage door","Google","Related","-","tallahassee garage door repair","en","us","0","-"
2189,"garage door","Google","Related","-","garage door torsion springs chart","en","us","0","-"
2190,"garage door","Google","Related","-","garage door automatic screen","en","us","0","-"
2191,"garage door","Google","Related","-","garage door change code","en","us","0","-"
2192,"garage door","Google","Related","-","precision garage door remote","en","us","0","-"
2193,"garage door","Google","Related","-","quiet rollers for garage door","en","us","0","-"
2194,"garage door","Google","Related","-","garage door system","en","us","0","-"
2195,"garage door","Google","Related","-","liftmaster garage door motor","en","us","0","-"
2196,"garage door","Google","Related","-","lowes garage door insulation kit","en","us","0","-"
2197,"garage door","Google","Related","-","garage door panel with windows","en","us","0","-"
2198,"garage door","Google","Related","-","garage door repair tulsa ok","en","us","0","-"
2199,"garage door","Google","Related","-","how to install a garage door opener chamberlain","en","us","0","-"
2200,"garage door","Google","Related","-","parts to a garage door","en","us","0","-"
2201,"garage door","Google","Related","-","garage door fishing pole holders","en","us","0","-"
2202,"garage door","Google","Related","-","all glass garage door","en","us","0","-"
2203,"garage door","Google","Related","-","brooklyn garage door repair","en","us","0","-"
2204,"garage door","Google","Related","-","garage door weather stripping side","en","us","0","-"
2205,"garage door","Google","Related","-","broken garage door","en","us","0","-"
2206,"garage door","Google","Related","-","insulated garage door windows","en","us","0","-"
2207,"garage door","Google","Related","-","felluca garage door rochester ny","en","us","0","-"
2208,"garage door","Google","Related","-","garage door repair richardson","en","us","0","-"
2209,"garage door","Google","Related","-","quiet garage door openers","en","us","0","-"
2210,"garage door","Google","Related","-","menards garage door spring","en","us","0","-"
2211,"garage door","Google","Related","-","cost of new garage door installed","en","us","0","-"
2212,"garage door","Google","Related","-","garage door repair coral springs fl","en","us","0","-"
2213,"garage door","Google","Related","-","garage door repair brooklyn","en","us","0","-"
2214,"garage door","Google","Related","-","garage door clicker","en","us","0","-"
2215,"garage door","Google","Related","-","owens corning garage door insulation","en","us","0","-"
2216,"garage door","Google","Related","-","garage door opener review","en","us","0","-"
2217,"garage door","Google","Related","-","garage door chain grease","en","us","0","-"
2218,"garage door","Google","Related","-","white lithium grease for garage door springs","en","us","0","-"
2219,"garage door","Google","Related","-","garage door repair philadelphia pa","en","us","0","-"
2220,"garage door","Google","Related","-","garage door repair residential","en","us","0","-"
2221,"garage door","Google","Related","-","buttons on garage door opener","en","us","0","-"
2222,"garage door","Google","Related","-","superior garage door repair","en","us","0","-"
2223,"garage door","Google","Related","-","garage door repair garland texas","en","us","0","-"
2224,"garage door","Google","Related","-","repair garage door keypad","en","us","0","-"
2225,"garage door","Google","Related","-","garage door parts supply near me","en","us","0","-"
2226,"garage door","Google","Related","-","garage door dog gate","en","us","0","-"
2227,"garage door","Google","Related","-","sims 4 garage door","en","us","0","-"
2228,"garage door","Google","Related","-","precision garage door openers","en","us","0","-"
2229,"garage door","Google","Related","-","how to fix a garage door sensor","en","us","0","-"
2230,"garage door","Google","Related","-","parts to garage door","en","us","0","-"
2231,"garage door","Google","Related","-","garage door hardware kits","en","us","0","-"
2232,"garage door","Google","Related","-","lift master garage door opener price","en","us","0","-"
2233,"garage door","Google","Related","-","12 foot garage door","en","us","0","-"
2234,"garage door","Google","Related","-","garage door opener parts liftmaster","en","us","0","-"
2235,"garage door","Google","Related","-","better garage door seal","en","us","0","-"
2236,"garage door","Google","Related","-","buy a garage door","en","us","0","-"
2237,"garage door","Google","Related","-","garage door dealers","en","us","0","-"
2238,"garage door","Google","Related","-","the garage door","en","us","0","-"
2239,"garage door","Google","Related","-","reprogram garage door opener genie","en","us","0","-"
2240,"garage door","Google","Related","-","skylink garage door opener","en","us","0","-"
2241,"garage door","Google","Related","-","garage door conversion cost","en","us","0","-"
2242,"garage door","Google","Related","-","see through garage door","en","us","0","-"
2243,"garage door","Google","Related","-","cost of a double garage door","en","us","0","-"
2244,"garage door","Google","Related","-","garage door replacement parts","en","us","0","-"
2245,"garage door","Google","Related","-","genie vs chamberlain garage door opener","en","us","0","-"
2246,"garage door","Google","Related","-","program garage door to car","en","us","0","-"
2247,"garage door","Google","Related","-","garage door opener belt","en","us","0","-"
2248,"garage door","Google","Related","-","garage door banners","en","us","0","-"
2249,"garage door","Google","Related","-","how to replace a chamberlain garage door opener","en","us","0","-"
2250,"garage door","Google","Related","-","garage door sensor flashing red","en","us","0","-"
2251,"garage door","Google","Related","-","garage door handle and lock","en","us","0","-"
2252,"garage door","Google","Related","-","lift master garage door repair near me","en","us","0","-"
2253,"garage door","Google","Related","-","garage door gate for dogs","en","us","0","-"
2254,"garage door","Google","Related","-","paint garage door black","en","us","0","-"
2255,"garage door","Google","Related","-","learn button on craftsman garage door opener","en","us","0","-"
2256,"garage door","Google","Related","-","painting metal garage door","en","us","0","-"
2257,"garage door","Google","Related","-","residential garage door san diego","en","us","0","-"
2258,"garage door","Google","Related","-","garage door repair fresno california","en","us","0","-"
2259,"garage door","Google","Related","-","rise and shine garage door","en","us","0","-"
2260,"garage door","Google","Related","-","garage door rollers repair","en","us","0","-"
2261,"garage door","Google","Related","-","led garage door opener light","en","us","0","-"
2262,"garage door","Google","Related","-","programming car to garage door","en","us","0","-"
2263,"garage door","Google","Related","-","glass garage door insulated","en","us","0","-"
2264,"garage door","Google","Related","-","home depot garage door openers installation","en","us","0","-"
2265,"garage door","Google","Related","-","wyze garage door opener","en","us","0","-"
2266,"garage door","Google","Related","-","lube for garage door chain","en","us","0","-"
2267,"garage door","Google","Related","-","garage door repair orange county","en","us","0","-"
2268,"garage door","Google","Related","-","chain drive garage door opener vs belt drive","en","us","0","-"
2269,"garage door","Google","Related","-","blitz garage door repair","en","us","0","-"
2270,"garage door","Google","Related","-","silicone lubricant garage door","en","us","0","-"
2271,"garage door","Google","Related","-","garage door opener homekit","en","us","0","-"
2272,"garage door","Google","Related","-","replacement garage door remote liftmaster","en","us","0","-"
2273,"garage door","Google","Related","-","replace garage door extension spring","en","us","0","-"
2274,"garage door","Google","Related","-","24 hr garage door repair","en","us","0","-"
2275,"garage door","Google","Related","-","garage door fake windows","en","us","0","-"
2276,"garage door","Google","Related","-","how to reset garage door","en","us","0","-"
2277,"garage door","Google","Related","-","garage door stops","en","us","0","-"
2278,"garage door","Google","Related","-","okc garage door repair","en","us","0","-"
2279,"garage door","Google","Related","-","problems with genie garage door opener","en","us","0","-"
2280,"garage door","Google","Related","-","garage door repair scottsdale arizona","en","us","0","-"
2281,"garage door","Google","Related","-","garage door rod holders","en","us","0","-"
2282,"garage door","Google","Related","-","wash garage door","en","us","0","-"
2283,"garage door","Google","Related","-","windsor door garage door","en","us","0","-"
2284,"garage door","Google","Related","-","spring repair on garage door","en","us","0","-"
2285,"garage door","Google","Related","-","motorized garage door screen","en","us","0","-"
2286,"garage door","Google","Related","-","garage door tune ups near me","en","us","0","-"
2287,"garage door","Google","Related","-","garage door buttons","en","us","0","-"
2288,"garage door","Google","Related","-","wallen garage door repair and installation","en","us","0","-"
2289,"garage door","Google","Related","-","mesh screen garage door","en","us","0","-"
2290,"garage door","Google","Related","-","outdoor garage door opener","en","us","0","-"
2291,"garage door","Google","Related","-","garage door track installation","en","us","0","-"
2292,"garage door","Google","Related","-","garage door systems","en","us","0","-"
2293,"garage door","Google","Related","-","chamberlain whisper drive garage door opener","en","us","0","-"
2294,"garage door","Google","Related","-","genie pro garage door opener","en","us","0","-"
2295,"garage door","Google","Related","-","garage door torsion spring near me","en","us","0","-"
2296,"garage door","Google","Related","-","garage door screen track","en","us","0","-"
2297,"garage door","Google","Related","-","garage door portland oregon","en","us","0","-"
2298,"garage door","Google","Related","-","garage door repair in santa clarita","en","us","0","-"
2299,"garage door","Google","Related","-","garage door repair garland","en","us","0","-"
2300,"garage door","Google","Related","-","garage door battery replacement","en","us","0","-"
2301,"garage door","Google","Related","-","garage door weather stripping kit","en","us","0","-"
2302,"garage door","Google","Related","-","how much does a garage door opener cost","en","us","0","-"
2303,"garage door","Google","Related","-","insulation for garage door lowes","en","us","0","-"
2304,"garage door","Google","Related","-","rigid foam board for garage door insulation","en","us","0","-"
2305,"garage door","Google","Related","-","garage door repair eden prairie","en","us","0","-"
2306,"garage door","Google","Related","-","garage door repair in brooklyn new york","en","us","0","-"
2307,"garage door","Google","Related","-","why won't garage door open","en","us","0","-"
2308,"garage door","Google","Related","-","garage door repair in sacramento ca","en","us","0","-"
2309,"garage door","Google","Related","-","universal garage door remote for liftmaster","en","us","0","-"
2310,"garage door","Google","Related","-","cost to replace garage door cables","en","us","0","-"
2311,"garage door","Google","Related","-","elite garage door repairs","en","us","0","-"
2312,"garage door","Google","Related","-","tip top garage door","en","us","0","-"
2313,"garage door","Google","Related","-","painting garage door ideas","en","us","0","-"
2314,"garage door","Google","Related","-","garage door tech jobs","en","us","0","-"
2315,"garage door","Google","Related","-","manual garage door release","en","us","0","-"
2316,"garage door","Google","Related","-","genie garage door remote stopped working","en","us","0","-"
2317,"garage door","Google","Related","-","marantec garage door opener remote","en","us","0","-"
2318,"garage door","Google","Related","-","garage door repair pittsburgh","en","us","0","-"
2319,"garage door","Google","Related","-","paint colours for garage door","en","us","0","-"
2320,"garage door","Google","Related","-","high lift garage door conversion kit","en","us","0","-"
2321,"garage door","Google","Related","-","liftmaster garage door opener not working with remote","en","us","0","-"
2322,"garage door","Google","Related","-","chamberlain myq smart garage door opener","en","us","0","-"
2323,"garage door","Google","Related","-","same day garage door services","en","us","0","-"
2324,"garage door","Google","Related","-","10x10 insulated garage door price","en","us","0","-"
2325,"garage door","Google","Related","-","how much for a garage door spring","en","us","0","-"
2326,"garage door","Google","Related","-","replacing garage door molding","en","us","0","-"
2327,"garage door","Google","Related","-","genie garage door opener programming keypad","en","us","0","-"
2328,"garage door","Google","Related","-","garage door repair in st louis mo","en","us","0","-"
2329,"garage door","Google","Related","-","century garage door","en","us","0","-"
2330,"garage door","Google","Related","-","garage door upgrade","en","us","0","-"
2331,"garage door","Google","Related","-","genie garage door opener manual","en","us","0","-"
2332,"garage door","Google","Related","-","best paint for garage door","en","us","0","-"
2333,"garage door","Google","Related","-","garage door code opener","en","us","0","-"
2334,"garage door","Google","Related","-","open garage door without power","en","us","0","-"
2335,"garage door","Google","Related","-","replacement garage door window inserts","en","us","0","-"
2336,"garage door","Google","Related","-","why garage door wont open","en","us","0","-"
2337,"garage door","Google","Related","-","garage door repair renton wa","en","us","0","-"
2338,"garage door","Google","Related","-","stanley garage door remote","en","us","0","-"
2339,"garage door","Google","Related","-","cost for new garage door installed","en","us","0","-"
2340,"garage door","Google","Related","-","genie aladdin connect garage door opener","en","us","0","-"
2341,"garage door","Google","Related","-","cost of single car garage door","en","us","0","-"
2342,"garage door","Google","Related","-","wood garage door modern","en","us","0","-"
2343,"garage door","Google","Related","-","do it yourself garage door insulation","en","us","0","-"
2344,"garage door","Google","Related","-","vertical garage door track","en","us","0","-"
2345,"garage door","Google","Related","-","chamberlain garage door openers 3 4 hp","en","us","0","-"
2346,"garage door","Google","Related","-","cost of a new garage door installed","en","us","0","-"
2347,"garage door","Google","Related","-","linear garage door opener programming","en","us","0","-"
2348,"garage door","Google","Related","-","garage door open from phone","en","us","0","-"
2349,"garage door","Google","Related","-","precision garage door repairs","en","us","0","-"
2350,"garage door","Google","Related","-","reliable garage door","en","us","0","-"
2351,"garage door","Google","Related","-","liftmaster garage door opener beeping","en","us","0","-"
2352,"garage door","Google","Related","-","quiet garage door wheels","en","us","0","-"
2353,"garage door","Google","Related","-","garage door repair in cleveland","en","us","0","-"
2354,"garage door","Google","Related","-","space saving garage door openers","en","us","0","-"
2355,"garage door","Google","Related","-","garage door window covers","en","us","0","-"
2356,"garage door","Google","Related","-","how do you reengage a garage door","en","us","0","-"
2357,"garage door","Google","Related","-","garage door buddy","en","us","0","-"
2358,"garage door","Google","Related","-","garage door doesn't open all the way","en","us","0","-"
2359,"garage door","Google","Related","-","garage door medics","en","us","0","-"
2360,"garage door","Google","Related","-","lifetime garage door","en","us","0","-"
2361,"garage door","Google","Related","-","garage door spring replacement cost calculator","en","us","0","-"
2362,"garage door","Google","Related","-","garage door weatherstripping sides","en","us","0","-"
2363,"garage door","Google","Related","-","ratgdo garage door opener","en","us","0","-"
2364,"garage door","Google","Related","-","garage door roller replacement cost","en","us","0","-"
2365,"garage door","Google","Related","-","garage door repair sacramento ca","en","us","0","-"
2366,"garage door","Google","Related","-","universal keypad garage door opener","en","us","0","-"
2367,"garage door","Google","Related","-","garage door repair tulsa","en","us","0","-"
2368,"garage door","Google","Related","-","replacing garage door extension springs","en","us","0","-"
2369,"garage door","Google","Related","-","garage door service company","en","us","0","-"
2370,"garage door","Google","Related","-","garage door repair in mesa","en","us","0","-"
2371,"garage door","Google","Related","-","white lithium grease for garage door rollers","en","us","0","-"
2372,"garage door","Google","Related","-","installing garage door struts","en","us","0","-"
2373,"garage door","Google","Related","-","programming a clicker garage door keypad","en","us","0","-"
2374,"garage door","Google","Related","-","garage door in denver","en","us","0","-"
2375,"garage door","Google","Related","-","wayne dalton garage door spring","en","us","0","-"
2376,"garage door","Google","Related","-","universal garage door remotes","en","us","0","-"
2377,"garage door","Google","Related","-","modern wood look garage door","en","us","0","-"
2378,"garage door","Google","Related","-","fresno garage door repair","en","us","0","-"
2379,"garage door","Google","Related","-","pensacola garage door repair","en","us","0","-"
2380,"garage door","Google","Related","-","roll up garage door installation","en","us","0","-"
2381,"garage door","Google","Related","-","g&g garage door","en","us","0","-"
2382,"garage door","Google","Related","-","garage door panel cover","en","us","0","-"
2383,"garage door","Google","Related","-","close the garage door","en","us","0","-"
2384,"garage door","Google","Related","-","quiet belt drive garage door opener","en","us","0","-"
2385,"garage door","Google","Related","-","garage door installation pasadena","en","us","0","-"
2386,"garage door","Google","Related","-","express garage door parts","en","us","0","-"
2387,"garage door","Google","Related","-","garage door repair hugo mn","en","us","0","-"
2388,"garage door","Google","Related","-","garage door companies san antonio","en","us","0","-"
2389,"garage door","Google","Related","-","garage door curtains","en","us","0","-"
2390,"garage door","Google","Related","-","memphis tn garage door repair","en","us","0","-"
2391,"garage door","Google","Related","-","garage door bug screen","en","us","0","-"
2392,"garage door","Google","Related","-","garage door repair and parts","en","us","0","-"
2393,"garage door","Google","Related","-","garage door installed price","en","us","0","-"
2394,"garage door","Google","Related","-","garage door 14 x 14","en","us","0","-"
2395,"garage door","Google","Related","-","oil for garage door","en","us","0","-"
2396,"garage door","Google","Related","-","liftmaster garage door opener 8500","en","us","0","-"
2397,"garage door","Google","Related","-","mounting bracket for garage door opener","en","us","0","-"
2398,"garage door","Google","Related","-","where to buy garage door","en","us","0","-"
2399,"garage door","Google","Related","-","overhead garage door llc fort worth tx","en","us","0","-"
2400,"garage door","Google","Related","-","how many turn on garage door spring","en","us","0","-"
2401,"garage door","Google","Related","-","chamberlain b6753t garage door opener","en","us","0","-"
2402,"garage door","Google","Related","-","flood barrier for garage door","en","us","0","-"
2403,"garage door","Google","Related","-","garage door repair in mckinney","en","us","0","-"
2404,"garage door","Google","Related","-","craftsman garage door control","en","us","0","-"
2405,"garage door","Google","Related","-","boulder garage door","en","us","0","-"
2406,"garage door","Google","Related","-","century garage door repair service","en","us","0","-"
2407,"garage door","Google","Related","-","torquemaster garage door spring","en","us","0","-"
2408,"garage door","Google","Related","-","how to program garage door opener keypad liftmaster","en","us","0","-"
2409,"garage door","Google","Related","-","garage door repair franklin","en","us","0","-"
2410,"garage door","Google","Related","-","garage door insulation kit lowes","en","us","0","-"
2411,"garage door","Google","Related","-","garage door repair mesa","en","us","0","-"
2412,"garage door","Google","Related","-","allied garage door","en","us","0","-"
2413,"garage door","Google","Related","-","affordable garage door repair near me","en","us","0","-"
2414,"garage door","Google","Related","-","replace garage door battery","en","us","0","-"
2415,"garage door","Google","Related","-","linear garage door openers manual","en","us","0","-"
2416,"garage door","Google","Related","-","pergola on garage door","en","us","0","-"
2417,"garage door","Google","Related","-","garage door will not open all the way","en","us","0","-"
2418,"garage door","Google","Related","-","garage door lights outside","en","us","0","-"
2419,"garage door","Google","Related","-","golf car garage door","en","us","0","-"
2420,"garage door","Google","Related","-","cabinet garage door","en","us","0","-"
2421,"garage door","Google","Related","-","wiring diagram for garage door opener","en","us","0","-"
2422,"garage door","Google","Related","-","where to buy garage door spring","en","us","0","-"
2423,"garage door","Google","Related","-","garage door repair in pittsburgh pa","en","us","0","-"
2424,"garage door","Google","Related","-","custom size garage door","en","us","0","-"
2425,"garage door","Google","Related","-","garage door repair in cypress tx","en","us","0","-"
2426,"garage door","Google","Related","-","garage door cable repair near me","en","us","0","-"
2427,"garage door","Google","Related","-","garage door standard","en","us","0","-"
2428,"garage door","Google","Related","-","garage door spring replacement service","en","us","0","-"
2429,"garage door","Google","Related","-","garage door torsion springs near me","en","us","0","-"
2430,"garage door","Google","Related","-","long panel garage door","en","us","0","-"
2431,"garage door","Google","Related","-","garage door paint colours","en","us","0","-"
2432,"garage door","Google","Related","-","how to get garage door back on track","en","us","0","-"
2433,"garage door","Google","Related","-","garage door broken spring repair cost","en","us","0","-"
2434,"garage door","Google","Related","-","garage door opener 1 3 hp","en","us","0","-"
2435,"garage door","Google","Related","-","upgrade garage door","en","us","0","-"
2436,"garage door","Google","Related","-","genie garage door replacement remote","en","us","0","-"
2437,"garage door","Google","Related","-","garage door repair elk grove ca","en","us","0","-"
2438,"garage door","Google","Related","-","123 garage door","en","us","0","-"
2439,"garage door","Google","Related","-","what garage door opener is best","en","us","0","-"
2440,"garage door","Google","Related","-","garage door control wifi","en","us","0","-"
2441,"garage door","Google","Related","-","garage door 18","en","us","0","-"
2442,"garage door","Google","Related","-","commercial garage door installer","en","us","0","-"
2443,"garage door","Google","Related","-","wayne dalton garage door seal","en","us","0","-"
2444,"garage door","Google","Related","-","reset a clicker garage door keypad","en","us","0","-"
2445,"garage door","Google","Related","-","garage door installers houston","en","us","0","-"
2446,"garage door","Google","Related","-","garage door opener control","en","us","0","-"
2447,"garage door","Google","Related","-","garage door chain loose","en","us","0","-"
2448,"garage door","Google","Related","-","garage door grey","en","us","0","-"
2449,"garage door","Google","Related","-","garage door repair 24/7","en","us","0","-"
2450,"garage door","Google","Related","-","how install garage door spring","en","us","0","-"
2451,"garage door","Google","Related","-","ed garage door","en","us","0","-"
2452,"garage door","Google","Related","-","how to reset garage door opener craftsman","en","us","0","-"
2453,"garage door","Google","Related","-","10 x 10 insulated garage door price","en","us","0","-"
2454,"garage door","Google","Related","-","frosted glass garage door","en","us","0","-"
2455,"garage door","Google","Related","-","garage door jobs","en","us","0","-"
2456,"garage door","Google","Related","-","redmond garage door repair","en","us","0","-"
2457,"garage door","Google","Related","-","garage door repair in naperville","en","us","0","-"
2458,"garage door","Google","Related","-","garage door repair in carrollton","en","us","0","-"
2459,"garage door","Google","Related","-","garage door spring replacement kit","en","us","0","-"
2460,"garage door","Google","Related","-","garage door replacement window inserts","en","us","0","-"
2461,"garage door","Google","Related","-","fix garage door roller","en","us","0","-"
2462,"garage door","Google","Related","-","garage door light repair","en","us","0","-"
2463,"garage door","Google","Related","-","garage door handle lock","en","us","0","-"
2464,"garage door","Google","Related","-","garage door repair st louis","en","us","0","-"
2465,"garage door","Google","Related","-","garage door won't close all the way","en","us","0","-"
2466,"garage door","Google","Related","-","hilliard garage door repair","en","us","0","-"
2467,"garage door","Google","Related","-","water barrier garage door","en","us","0","-"
2468,"garage door","Google","Related","-","how to replace a garage door torsion spring","en","us","0","-"
2469,"garage door","Google","Related","-","resetting a clicker garage door opener","en","us","0","-"
2470,"garage door","Google","Related","-","garage door quote","en","us","0","-"
2471,"garage door","Google","Related","-","geis garage door","en","us","0","-"
2472,"garage door","Google","Related","-","install garage door seal bottom","en","us","0","-"
2473,"garage door","Google","Related","-","garage door long panel","en","us","0","-"
2474,"garage door","Google","Related","-","garage door hinges with springs","en","us","0","-"
2475,"garage door","Google","Related","-","garage door repair jacksonville fl","en","us","0","-"
2476,"garage door","Google","Related","-","garage door service pro","en","us","0","-"
2477,"garage door","Google","Related","-","how fix garage door spring","en","us","0","-"
2478,"garage door","Google","Related","-","how to open a garage door remote","en","us","0","-"
2479,"garage door","Google","Related","-","eden prairie garage door repair","en","us","0","-"
2480,"garage door","Google","Related","-","how to fix garage door remote","en","us","0","-"
2481,"garage door","Google","Related","-","garage door repair boca","en","us","0","-"
2482,"garage door","Google","Related","-","on track garage door","en","us","0","-"
2483,"garage door","Google","Related","-","hardware kit for garage door","en","us","0","-"
2484,"garage door","Google","Related","-","tint for garage door windows","en","us","0","-"
2485,"garage door","Google","Related","-","how to program garage door opener linear","en","us","0","-"
2486,"garage door","Google","Related","-","garage door repair bakersfield california","en","us","0","-"
2487,"garage door","Google","Related","-","garage door repair in pasadena","en","us","0","-"
2488,"garage door","Google","Related","-","chain drive liftmaster garage door opener","en","us","0","-"
2489,"garage door","Google","Related","-","garage door strut installation","en","us","0","-"
2490,"garage door","Google","Related","-","allen garage door repair","en","us","0","-"
2491,"garage door","Google","Related","-","garage door magnetic panels","en","us","0","-"
2492,"garage door","Google","Related","-","garage door spring injury","en","us","0","-"
2493,"garage door","Google","Related","-","chamberlain clicker garage door opener remote","en","us","0","-"
2494,"garage door","Google","Related","-","clopay modern steel garage door","en","us","0","-"
2495,"garage door","Google","Related","-","average garage door size","en","us","0","-"
2496,"garage door","Google","Related","-","how to get a garage door back on track","en","us","0","-"
2497,"garage door","Google","Related","-","how to program a new garage door remote","en","us","0","-"
2498,"garage door","Google","Related","-","avondale garage door","en","us","0","-"
2499,"garage door","Google","Related","-","garage door track brackets","en","us","0","-"
2500,"garage door","Google","Related","-","craftsman garage door keypads","en","us","0","-"
2501,"garage door","Google","Related","-","garage door spring color code","en","us","0","-"
2502,"garage door","Google","Related","-","garage door repair reno nv","en","us","0","-"
2503,"garage door","Google","Related","-","garage door styles with windows","en","us","0","-"
2504,"garage door","Google","Related","-","premium garage door repair","en","us","0","-"
2505,"garage door","Google","Related","-","ann arbor garage door repair","en","us","0","-"
2506,"garage door","Google","Related","-","illinois garage door repair","en","us","0","-"
2507,"garage door","Google","Related","-","chamberlain garage door opener light bulb","en","us","0","-"
2508,"garage door","Google","Related","-","best garage door roller","en","us","0","-"
2509,"garage door","Google","Related","-","garage door repair santa clarita","en","us","0","-"
2510,"garage door","Google","Related","-","garage door remote liftmaster 371lm","en","us","0","-"
2511,"garage door","Google","Related","-","garage door spring chart","en","us","0","-"
2512,"garage door","Google","Related","-","garage door repair quote","en","us","0","-"
2513,"garage door","Google","Related","-","garage door repair bradenton","en","us","0","-"
2514,"garage door","Google","Related","-","chamberlain garage door opener reviews","en","us","0","-"
2515,"garage door","Google","Related","-","how to lock garage door","en","us","0","-"
2516,"garage door","Google","Related","-","minecraft garage door","en","us","0","-"
2517,"garage door","Google","Related","-","garage door opening framing","en","us","0","-"
2518,"garage door","Google","Related","-","insulated garage door near me","en","us","0","-"
2519,"garage door","Google","Related","-","how to replace a garage door","en","us","0","-"
2520,"garage door","Google","Related","-","closing garage door","en","us","0","-"
2521,"garage door","Google","Related","-","garage door hurricane","en","us","0","-"
2522,"garage door","Google","Related","-","garage door cable replacement kit","en","us","0","-"
2523,"garage door","Google","Related","-","weather seal garage door bottom","en","us","0","-"
2524,"garage door","Google","Related","-","universal remote genie garage door opener","en","us","0","-"
2525,"garage door","Google","Related","-","compatible garage door remote control","en","us","0","-"
2526,"garage door","Google","Related","-","where to buy garage door window inserts","en","us","0","-"
2527,"garage door","Google","Related","-","contemporary wood garage door","en","us","0","-"
2528,"garage door","Google","Related","-","fix garage door opener chain","en","us","0","-"
2529,"garage door","Google","Related","-","garage door roller hinges","en","us","0","-"
2530,"garage door","Google","Related","-","garage door seal types","en","us","0","-"
2531,"garage door","Google","Related","-","chamberlain garage door motor","en","us","0","-"
2532,"garage door","Google","Related","-","oregon city garage door","en","us","0","-"
2533,"garage door","Google","Related","-","magnetic garage door skins","en","us","0","-"
2534,"garage door","Google","Related","-","garage door repair overland park","en","us","0","-"
2535,"garage door","Google","Related","-","garage door opener nearby","en","us","0","-"
2536,"garage door","Google","Related","-","garage door torsion spring winding chart","en","us","0","-"
2537,"garage door","Google","Related","-","where to buy a garage door","en","us","0","-"
2538,"garage door","Google","Related","-","install garage door torsion spring","en","us","0","-"
2539,"garage door","Google","Related","-","performax garage door openers","en","us","0","-"
2540,"garage door","Google","Related","-","how to fix garage door springs","en","us","0","-"
2541,"garage door","Google","Related","-","genie garage door opener remote control not working","en","us","0","-"
2542,"garage door","Google","Related","-","garage door painting cost","en","us","0","-"
2543,"garage door","Google","Related","-","genie garage door remote home depot","en","us","0","-"
2544,"garage door","Google","Related","-","roller garage door","en","us","0","-"
2545,"garage door","Google","Related","-","garage door repair green bay","en","us","0","-"
2546,"garage door","Google","Related","-","garage door repair in cape coral","en","us","0","-"
2547,"garage door","Google","Related","-","garage door with side entry door","en","us","0","-"
2548,"garage door","Google","Related","-","garage door openers installers near me","en","us","0","-"
2549,"garage door","Google","Related","-","how to repair garage door sensors","en","us","0","-"
2550,"garage door","Google","Related","-","garage door repair long island ny","en","us","0","-"
2551,"garage door","Google","Related","-","vidor garage door","en","us","0","-"
2552,"garage door","Google","Related","-","clopay garage door insulation","en","us","0","-"
2553,"garage door","Google","Related","-","green hinge garage door system","en","us","0","-"
2554,"garage door","Google","Related","-","garage door repair west bloomfield","en","us","0","-"
2555,"garage door","Google","Related","-","garage door repair rochester mn","en","us","0","-"
2556,"garage door","Google","Related","-","garage door trim replacement","en","us","0","-"
2557,"garage door","Google","Related","-","how long should a garage door last","en","us","0","-"
2558,"garage door","Google","Related","-","garage door repair renton washington","en","us","0","-"
2559,"garage door","Google","Related","-","farmers garage door","en","us","0","-"
2560,"garage door","Google","Related","-","how do you seal a garage door","en","us","0","-"
2561,"garage door","Google","Related","-","garage door opener with installation","en","us","0","-"
2562,"garage door","Google","Related","-","heavy duty garage door openers","en","us","0","-"
2563,"garage door","Google","Related","-","garage door 8'","en","us","0","-"
2564,"garage door","Google","Related","-","low headroom track garage door","en","us","0","-"
2565,"garage door","Google","Related","-","garage door keypad repair","en","us","0","-"
2566,"garage door","Google","Related","-","garage door mesh screen","en","us","0","-"
2567,"garage door","Google","Related","-","costco garage door","en","us","0","-"
2568,"garage door","Google","Related","-","cost to install garage door motor","en","us","0","-"
2569,"garage door","Google","Related","-","adjust garage door","en","us","0","-"
2570,"garage door","Google","Related","-","r value garage door","en","us","0","-"
2571,"garage door","Google","Related","-","garage door opener wall","en","us","0","-"
2572,"garage door","Google","Related","-","r&s overhead garage door","en","us","0","-"
2573,"garage door","Google","Related","-","garage door is not opening all the way","en","us","0","-"
2574,"garage door","Google","Related","-","luxury garage door","en","us","0","-"
2575,"garage door","Google","Related","-","garage door repair and installation","en","us","0","-"
2576,"garage door","Google","Related","-","north west garage door","en","us","0","-"
2577,"garage door","Google","Related","-","chamberlain garage door opener b970","en","us","0","-"
2578,"garage door","Google","Related","-","residential garage door seattle","en","us","0","-"
2579,"garage door","Google","Related","-","menards garage door seal","en","us","0","-"
2580,"garage door","Google","Related","-","garage door window kit","en","us","0","-"
2581,"garage door","Google","Related","-","garage door repair carrollton tx","en","us","0","-"
2582,"garage door","Google","Related","-","katy texas garage door repair","en","us","0","-"
2583,"garage door","Google","Related","-","premier garage door","en","us","0","-"
2584,"garage door","Google","Related","-","spring loaded garage door hinges","en","us","0","-"
2585,"garage door","Google","Related","-","garage door torsion spring chart","en","us","0","-"
2586,"garage door","Google","Related","-","a1 garage door phoenix","en","us","0","-"
2587,"garage door","Google","Related","-","garage door painting ideas","en","us","0","-"
2588,"garage door","Google","Related","-","genie universal 4 button garage door opener remote","en","us","0","-"
2589,"garage door","Google","Related","-","garage door to house","en","us","0","-"
2590,"garage door","Google","Related","-","how much are new garage door openers","en","us","0","-"
2591,"garage door","Google","Related","-","garage door repair port st lucie fl","en","us","0","-"
2592,"garage door","Google","Related","-","garage door contractor near me","en","us","0","-"
2593,"garage door","Google","Related","-","garage door springs nearby","en","us","0","-"
2594,"garage door","Google","Related","-","smart garage door opener genie","en","us","0","-"
2595,"garage door","Google","Related","-","garage door motor running but door not opening","en","us","0","-"
2596,"garage door","Google","Related","-","locking t handle garage door","en","us","0","-"
2597,"garage door","Google","Related","-","portland oregon garage door","en","us","0","-"
2598,"garage door","Google","Related","-","how wide is double garage door","en","us","0","-"
2599,"garage door","Google","Related","-","pro seal garage door seal","en","us","0","-"
2600,"garage door","Google","Related","-","genie garage door opener chain drive","en","us","0","-"
2601,"garage door","Google","Related","-","how to program new garage door remote","en","us","0","-"
2602,"garage door","Google","Related","-","dura lift garage door rollers","en","us","0","-"
2603,"garage door","Google","Related","-","industrial garage door","en","us","0","-"
2604,"garage door","Google","Related","-","garage door will not go down","en","us","0","-"
2605,"garage door","Google","Related","-","how long do garage door last","en","us","0","-"
2606,"garage door","Google","Related","-","10 x 10 roll up garage door","en","us","0","-"
2607,"garage door","Google","Related","-","liftmaster garage door opener remote 891lm","en","us","0","-"
2608,"garage door","Google","Related","-","garage door opener installation scottsdale az","en","us","0","-"
2609,"garage door","Google","Related","-","liftmaster garage door opener manuals pdf","en","us","0","-"
2610,"garage door","Google","Related","-","garage door repair in dayton","en","us","0","-"
2611,"garage door","Google","Related","-","garage door opener remote sears","en","us","0","-"
2612,"garage door","Google","Related","-","grease for garage door track","en","us","0","-"
2613,"garage door","Google","Related","-","garage door services houston","en","us","0","-"
2614,"garage door","Google","Related","-","garage door roller sleeve","en","us","0","-"
2615,"garage door","Google","Related","-","see thru garage door","en","us","0","-"
2616,"garage door","Google","Related","-","garage door repair fort wayne","en","us","0","-"
2617,"garage door","Google","Related","-","high lift track garage door","en","us","0","-"
2618,"garage door","Google","Related","-","garage door privacy screen","en","us","0","-"
2619,"garage door","Google","Related","-","change garage door code","en","us","0","-"
2620,"garage door","Google","Related","-","apex garage door","en","us","0","-"
2621,"garage door","Google","Related","-","8 garage door","en","us","0","-"
2622,"garage door","Google","Related","-","greensboro nc garage door repair","en","us","0","-"
2623,"garage door","Google","Related","-","bottom bracket for garage door","en","us","0","-"
2624,"garage door","Google","Related","-","bulb for garage door opener","en","us","0","-"
2625,"garage door","Google","Related","-","clopay garage door installers","en","us","0","-"
2626,"garage door","Google","Related","-","programming mercedes garage door opener","en","us","0","-"
2627,"garage door","Google","Related","-","garage door cable spool","en","us","0","-"
2628,"garage door","Google","Related","-","blinking light garage door opener","en","us","0","-"
2629,"garage door","Google","Related","-","door within a garage door","en","us","0","-"
2630,"garage door","Google","Related","-","craftsman garage door remote troubleshooting","en","us","0","-"
2631,"garage door","Google","Related","-","garage door is opening on its own","en","us","0","-"
2632,"garage door","Google","Related","-","does garage door opener have battery","en","us","0","-"
2633,"garage door","Google","Related","-","garage door repair in richmond","en","us","0","-"
2634,"garage door","Google","Related","-","muskegon garage door repair","en","us","0","-"
2635,"garage door","Google","Related","-","overhead door garage door bottom seal","en","us","0","-"
2636,"garage door","Google","Related","-","garage door tension bars","en","us","0","-"
2637,"garage door","Google","Related","-","woodland garage door repair","en","us","0","-"
2638,"garage door","Google","Related","-","garage door and front door match","en","us","0","-"
2639,"garage door","Google","Related","-","garage door opener clip","en","us","0","-"
2640,"garage door","Google","Related","-","garage door repairs nearby","en","us","0","-"
2641,"garage door","Google","Related","-","boca garage door repair","en","us","0","-"
2642,"garage door","Google","Related","-","garage door repair california","en","us","0","-"
2643,"garage door","Google","Related","-","garage door opener for harley","en","us","0","-"
2644,"garage door","Google","Related","-","framing garage door opening","en","us","0","-"
2645,"garage door","Google","Related","-","delaware garage door repair","en","us","0","-"
2646,"garage door","Google","Related","-","16 x7 garage door installed price","en","us","0","-"
2647,"garage door","Google","Related","-","surprise az garage door repair","en","us","0","-"
2648,"garage door","Google","Related","-","how much do springs cost for garage door","en","us","0","-"
2649,"garage door","Google","Related","-","16 x 9 garage door","en","us","0","-"
2650,"garage door","Google","Related","-","garage door opener replacement near me","en","us","0","-"
2651,"garage door","Google","Related","-","christmas lights garage door","en","us","0","-"
2652,"garage door","Google","Related","-","outside garage door lights","en","us","0","-"
2653,"garage door","Google","Related","-","father and son garage door","en","us","0","-"
2654,"garage door","Google","Related","-","garage door companies in my area","en","us","0","-"
2655,"garage door","Google","Related","-","garage door cincinnati oh","en","us","0","-"
2656,"garage door","Google","Related","-","garage door torsion springs installation","en","us","0","-"
2657,"garage door","Google","Related","-","garage door 6x7","en","us","0","-"
2658,"garage door","Google","Related","-","painting garage door to look like wood","en","us","0","-"
2659,"garage door","Google","Related","-","tinting garage door windows","en","us","0","-"
2660,"garage door","Google","Related","-","liftmaster garage door issues","en","us","0","-"
2661,"garage door","Google","Related","-","garage door cost home depot","en","us","0","-"
2662,"garage door","Google","Related","-","garage door cape coral fl","en","us","0","-"
2663,"garage door","Google","Related","-","garage door repair in aurora co","en","us","0","-"
2664,"garage door","Google","Related","-","battery size garage door opener","en","us","0","-"
2665,"garage door","Google","Related","-","how to paint garage door metal","en","us","0","-"
2666,"garage door","Google","Related","-","mvp garage door remote","en","us","0","-"
2667,"garage door","Google","Related","-","glass overhead garage door","en","us","0","-"
2668,"garage door","Google","Related","-","sideways garage door","en","us","0","-"
2669,"garage door","Google","Related","-","change battery in genie garage door opener","en","us","0","-"
2670,"garage door","Google","Related","-","garage door tampa fl","en","us","0","-"
2671,"garage door","Google","Related","-","20 feet garage door","en","us","0","-"
2672,"garage door","Google","Related","-","garage door repair marietta georgia","en","us","0","-"
2673,"garage door","Google","Related","-","garage door sensor install","en","us","0","-"
2674,"garage door","Google","Related","-","garage door seattle wa","en","us","0","-"
2675,"garage door","Google","Related","-","memphis garage door repair","en","us","0","-"
2676,"garage door","Google","Related","-","best garage door insulation kits","en","us","0","-"
2677,"garage door","Google","Related","-","garage door vinyl seal","en","us","0","-"
2678,"garage door","Google","Related","-","spring loaded hinges garage door","en","us","0","-"
2679,"garage door","Google","Related","-","best way to insulate garage door","en","us","0","-"
2680,"garage door","Google","Related","-","how much is a new garage door installed","en","us","0","-"
2681,"garage door","Google","Related","-","garage door spring nearby","en","us","0","-"
2682,"garage door","Google","Related","-","garage door style windows","en","us","0","-"
2683,"garage door","Google","Related","-","new garage door installers near me","en","us","0","-"
2684,"garage door","Google","Related","-","how to connect liftmaster garage door opener","en","us","0","-"
2685,"garage door","Google","Related","-","24 hour garage door repairs near me","en","us","0","-"
2686,"garage door","Google","Related","-","cost of a 2 car garage door","en","us","0","-"
2687,"garage door","Google","Related","-","garage door bottom seal installation","en","us","0","-"
2688,"garage door","Google","Related","-","garage door opener service","en","us","0","-"
2689,"garage door","Google","Related","-","garage door repair in pensacola","en","us","0","-"
2690,"garage door","Google","Related","-","garage door halloween","en","us","0","-"
2691,"garage door","Google","Related","-","coast garage door","en","us","0","-"
2692,"garage door","Google","Related","-","pre cut garage door insulation kit","en","us","0","-"
2693,"garage door","Google","Related","-","painting a garage door white","en","us","0","-"
2694,"garage door","Google","Related","-","garage door opener with rolling code","en","us","0","-"
2695,"garage door","Google","Related","-","my garage door remote stopped working","en","us","0","-"
2696,"garage door","Google","Related","-","how to paint steel garage door","en","us","0","-"
2697,"garage door","Google","Related","-","garage door matching front door","en","us","0","-"
2698,"garage door","Google","Related","-","best brand garage door opener","en","us","0","-"
2699,"garage door","Google","Related","-","secure garage door openers","en","us","0","-"
2700,"garage door","Google","Related","-","garage door repair in round rock","en","us","0","-"
2701,"garage door","Google","Related","-","local garage door and gates","en","us","0","-"
2702,"garage door","Google","Related","-","garage door rollers replacement kit","en","us","0","-"
2703,"garage door","Google","Related","-","garage door service phoenix az","en","us","0","-"
2704,"garage door","Google","Related","-","garage door locked from outside","en","us","0","-"
2705,"garage door","Google","Related","-","how to replace garage door spring cable","en","us","0","-"
2706,"garage door","Google","Related","-","garage door pole barn","en","us","0","-"
2707,"garage door","Google","Related","-","garage door sensor brackets","en","us","0","-"
2708,"garage door","Google","Related","-","craftsman garage door openers troubleshooting","en","us","0","-"
2709,"garage door","Google","Related","-","2 car garage door christmas decorations","en","us","0","-"
2710,"garage door","Google","Related","-","garage door repairs irvine","en","us","0","-"
2711,"garage door","Google","Related","-","free estimate for garage door repair","en","us","0","-"
2712,"garage door","Google","Related","-","best lubrication for garage door rollers","en","us","0","-"
2713,"garage door","Google","Related","-","how to repair a garage door off track","en","us","0","-"
2714,"garage door","Google","Related","-","garage door retail","en","us","0","-"
2715,"garage door","Google","Related","-","garage door opener wall controls","en","us","0","-"
2716,"garage door","Google","Related","-","amarr garage door lawrence ks","en","us","0","-"
2717,"garage door","Google","Related","-","auto garage door lock","en","us","0","-"
2718,"garage door","Google","Related","-","garage door repair new braunfels","en","us","0","-"
2719,"garage door","Google","Related","-","garage door hurricane proof","en","us","0","-"
2720,"garage door","Google","Related","-","omaha garage door","en","us","0","-"
2721,"garage door","Google","Related","-","garage door won't close liftmaster","en","us","0","-"
2722,"garage door","Google","Related","-","how much garage door cost","en","us","0","-"
2723,"garage door","Google","Related","-","garage door lock manual","en","us","0","-"
2724,"garage door","Google","Related","-","how to frame in garage door","en","us","0","-"
2725,"garage door","Google","Related","-","garage door specialists near me","en","us","0","-"
2726,"garage door","Google","Related","-","proline garage door","en","us","0","-"
2727,"garage door","Google","Related","-","side mount garage door","en","us","0","-"
2728,"garage door","Google","Related","-","tempered glass garage door","en","us","0","-"
2729,"garage door","Google","Related","-","mercedes garage door programming","en","us","0","-"
2730,"garage door","Google","Related","-","garage door repair springfield","en","us","0","-"
2731,"garage door","Google","Related","-","garage door repair killeen tx","en","us","0","-"
2732,"garage door","Google","Related","-","garage door draft stopper","en","us","0","-"
2733,"garage door","Google","Related","-","garage door repair greensboro","en","us","0","-"
2734,"garage door","Google","Related","-","garage door framing diagram","en","us","0","-"
2735,"garage door","Google","Related","-","programing lexus garage door opener","en","us","0","-"
2736,"garage door","Google","Related","-","dallas garage door","en","us","0","-"
2737,"garage door","Google","Related","-","garage door openers services near me","en","us","0","-"
2738,"garage door","Google","Related","-","buy a garage door online","en","us","0","-"
2739,"garage door","Google","Related","-","rv garage door size","en","us","0","-"
2740,"garage door","Google","Related","-","remote for stanley garage door opener","en","us","0","-"
2741,"garage door","Google","Related","-","garage door openers for car","en","us","0","-"
2742,"garage door","Google","Related","-","garage door in miami","en","us","0","-"
2743,"garage door","Google","Related","-","garage door keypad wired","en","us","0","-"
2744,"garage door","Google","Related","-","broken torsion spring garage door","en","us","0","-"
2745,"garage door","Google","Related","-","garage door raleigh nc","en","us","0","-"
2746,"garage door","Google","Related","-","garage door limit switches","en","us","0","-"
2747,"garage door","Google","Related","-","oklahoma city garage door","en","us","0","-"
2748,"garage door","Google","Related","-","replacement garage door opener craftsman","en","us","0","-"
2749,"garage door","Google","Related","-","how wide is single car garage door","en","us","0","-"
2750,"garage door","Google","Related","-","carriage house style garage door","en","us","0","-"
2751,"garage door","Google","Related","-","8ft garage door opener","en","us","0","-"
2752,"garage door","Google","Related","-","halls garage door","en","us","0","-"
2753,"garage door","Google","Related","-","forest garage door","en","us","0","-"
2754,"garage door","Google","Related","-","black garage door weather stripping","en","us","0","-"
2755,"garage door","Google","Related","-","problem with garage door opener","en","us","0","-"
2756,"garage door","Google","Related","-","garage door heavy duty springs","en","us","0","-"
2757,"garage door","Google","Related","-","fix broken garage door spring","en","us","0","-"
2758,"garage door","Google","Related","-","garage door nashville tn","en","us","0","-"
2759,"garage door","Google","Related","-","how to install a keypad for a garage door","en","us","0","-"
2760,"garage door","Google","Related","-","bend garage door repair","en","us","0","-"
2761,"garage door","Google","Related","-","single car garage door installed","en","us","0","-"
2762,"garage door","Google","Related","-","rubber garage door threshold","en","us","0","-"
2763,"garage door","Google","Related","-","garage door screws","en","us","0","-"
2764,"garage door","Google","Related","-","elegant garage door","en","us","0","-"
2765,"garage door","Google","Related","-","woodlands garage door","en","us","0","-"
2766,"garage door","Google","Related","-","over garage door trellis","en","us","0","-"
2767,"garage door","Google","Related","-","homelink garage door opener programming","en","us","0","-"
2768,"garage door","Google","Related","-","8 foot tall garage door","en","us","0","-"
2769,"garage door","Google","Related","-","garage door repair aurora co","en","us","0","-"
2770,"garage door","Google","Related","-","smart garage door system","en","us","0","-"
2771,"garage door","Google","Related","-","average cost of a new garage door","en","us","0","-"
2772,"garage door","Google","Related","-","amazon garage door","en","us","0","-"
2773,"garage door","Google","Related","-","youngstown garage door repair","en","us","0","-"
2774,"garage door","Google","Related","-","framed garage door","en","us","0","-"
2775,"garage door","Google","Related","-","garage door repair in pearland tx","en","us","0","-"
2776,"garage door","Google","Related","-","overhead garage door repair near me","en","us","0","-"
2777,"garage door","Google","Related","-","garage door repair long beach","en","us","0","-"
2778,"garage door","Google","Related","-","garage door trim kit","en","us","0","-"
2779,"garage door","Google","Related","-","st louis garage door","en","us","0","-"
2780,"garage door","Google","Related","-","how to fix garage door dents","en","us","0","-"
2781,"garage door","Google","Related","-","garage door average size","en","us","0","-"
2782,"garage door","Google","Related","-","genie garage door openers at lowe's","en","us","0","-"
2783,"garage door","Google","Related","-","salem garage door","en","us","0","-"
2784,"garage door","Google","Related","-","silicone lubricant for garage door","en","us","0","-"
2785,"garage door","Google","Related","-","garage door rolling","en","us","0","-"
2786,"garage door","Google","Related","-","safety cable for garage door","en","us","0","-"
2787,"garage door","Google","Related","-","garage door repair ocala fl","en","us","0","-"
2788,"garage door","Google","Related","-","garage door repair in rockwall tx","en","us","0","-"
2789,"garage door","Bing","Alphabeticals","a","garage door accessories","en","us","1.3K","1.27"
2790,"garage door","Bing","Alphabeticals","a","garage door app","en","us","1.3K","1.61"
2791,"garage door","Bing","Alphabeticals","a","garage door awning","en","us","0","-"
2792,"garage door","Bing","Alphabeticals","a","garage door adjustment","en","us","0","-"
2793,"garage door","Bing","Alphabeticals","a","garage door augusta ga","en","us","0","-"
2794,"garage door","Bing","Alphabeticals","a","garage door austin","en","us","0","-"
2795,"garage door","Bing","Alphabeticals","a","garage door alarm","en","us","0","-"
2796,"garage door","Bing","Alphabeticals","a","garage door arm","en","us","0","-"
2797,"garage door","Bing","Alphabeticals","a","garage door and more","en","us","0","-"
2798,"garage door","Bing","Alphabeticals","a","garage door allen","en","us","0","-"
2799,"garage door","Bing","Alphabeticals","a","garage door anatomy","en","us","0","-"
2800,"garage door","Bing","Alphabeticals","a","garage door anchorage","en","us","0","-"
2801,"garage door","Bing","Alphabeticals","a","garage door air curtain","en","us","0","-"
2802,"garage door","Bing","Alphabeticals","a","garage door assembly","en","us","0","-"
2803,"garage door","Bing","Alphabeticals","a","garage door anchorage ak","en","us","0","-"
2804,"garage door","Bing","Alphabeticals","a","garage door apps for iphone","en","us","0","-"
2805,"garage door","Bing","Alphabeticals","a","garage door amarillo tx","en","us","0","-"
2806,"garage door","Bing","Alphabeticals","a","garage door auburn","en","us","0","-"
2807,"garage door","Bing","Alphabeticals","a","garage door accessories parts","en","us","0","-"
2808,"garage door","Bing","Alphabeticals","a","garage door autocad","en","us","0","-"
2809,"garage door","Bing","Alphabeticals","a","garage door abilene tx","en","us","0","-"
2810,"garage door","Bing","Alphabeticals","a","garage door and gate company","en","us","0","-"
2811,"garage door","Bing","Alphabeticals","a","garage door and more charlotte nc","en","us","0","-"
2812,"garage door","Bing","Alphabeticals","a","garage door adjustment instructions","en","us","0","-"
2813,"garage door","Bing","Alphabeticals","a","garage door accessories magnetic","en","us","0","-"
2814,"garage door","Bing","Alphabeticals","b","garage door bottom seal","en","us","27.1K","0.87"
2815,"garage door","Bing","Alphabeticals","b","garage door bottom seal replacement","en","us","8.1K","1.65"
2816,"garage door","Bing","Alphabeticals","b","garage door brands","en","us","0","-"
2817,"garage door","Bing","Alphabeticals","b","garage door bracket","en","us","0","-"
2818,"garage door","Bing","Alphabeticals","b","garage door bottom seal types","en","us","0","-"
2819,"garage door","Bing","Alphabeticals","b","garage door brace","en","us","0","-"
2820,"garage door","Bing","Alphabeticals","b","garage door brush seal","en","us","0","-"
2821,"garage door","Bing","Alphabeticals","b","garage door battery","en","us","0","-"
2822,"garage door","Bing","Alphabeticals","b","garage door belt replacement","en","us","0","-"
2823,"garage door","Bing","Alphabeticals","b","garage door banners","en","us","0","-"
2824,"garage door","Bing","Alphabeticals","b","garage door buddy","en","us","0","-"
2825,"garage door","Bing","Alphabeticals","b","garage door button","en","us","0","-"
2826,"garage door","Bing","Alphabeticals","b","garage door battery replacement","en","us","0","-"
2827,"garage door","Bing","Alphabeticals","b","garage door bottom weather seal","en","us","0","-"
2828,"garage door","Bing","Alphabeticals","b","garage door bottom seal for uneven floor","en","us","0","-"
2829,"garage door","Bing","Alphabeticals","b","garage door brokers joplin mo","en","us","0","-"
2830,"garage door","Bing","Alphabeticals","b","garage door brokers joplin missouri","en","us","0","-"
2831,"garage door","Bing","Alphabeticals","b","garage door buddy covers","en","us","0","-"
2832,"garage door","Bing","Alphabeticals","c","garage door costs installed","en","us","33.1K","7.67"
2833,"garage door","Bing","Alphabeticals","c","garage door companies near me","en","us","27.1K","27.52"
2834,"garage door","Bing","Alphabeticals","c","garage door company","en","us","0","-"
2835,"garage door","Bing","Alphabeticals","c","garage door covers","en","us","0","-"
2836,"garage door","Bing","Alphabeticals","c","garage door cost","en","us","0","-"
2837,"garage door","Bing","Alphabeticals","c","garage door cables","en","us","0","-"
2838,"garage door","Bing","Alphabeticals","c","garage door cable repair","en","us","0","-"
2839,"garage door","Bing","Alphabeticals","c","garage door cables replacement","en","us","0","-"
2840,"garage door","Bing","Alphabeticals","c","garage door colors","en","us","0","-"
2841,"garage door","Bing","Alphabeticals","c","garage door controller","en","us","0","-"
2842,"garage door","Bing","Alphabeticals","c","garage door colours","en","us","0","-"
2843,"garage door","Bing","Alphabeticals","c","garage door company carson city 775 overhead","en","us","0","-"
2844,"garage door","Bing","Alphabeticals","d","garage door dimensions","en","us","9.9K","3.17"
2845,"garage door","Bing","Alphabeticals","d","garage door doctor","en","us","5.4K","29.21"
2846,"garage door","Bing","Alphabeticals","d","garage door dr","en","us","0","-"
2847,"garage door","Bing","Alphabeticals","d","garage door decorations","en","us","0","-"
2848,"garage door","Bing","Alphabeticals","d","garage door designs","en","us","0","-"
2849,"garage door","Bing","Alphabeticals","d","garage door decorative hardware","en","us","0","-"
2850,"garage door","Bing","Alphabeticals","d","garage door dealers near me","en","us","0","-"
2851,"garage door","Bing","Alphabeticals","d","garage door drums","en","us","0","-"
2852,"garage door","Bing","Alphabeticals","d","garage door dayton ohio","en","us","0","-"
2853,"garage door","Bing","Alphabeticals","d","garage door diagram","en","us","0","-"
2854,"garage door","Bing","Alphabeticals","d","garage door doctor houston","en","us","0","-"
2855,"garage door","Bing","Alphabeticals","d","garage door doctor katy tx","en","us","0","-"
2856,"garage door","Bing","Alphabeticals","d","garage door doctor indianapolis","en","us","0","-"
2857,"garage door","Bing","Alphabeticals","d","garage door designs pictures","en","us","0","-"
2858,"garage door","Bing","Alphabeticals","d","garage door depot","en","us","0","-"
2859,"garage door","Bing","Alphabeticals","d","garage door doctor charlotte","en","us","0","-"
2860,"garage door","Bing","Alphabeticals","d","garage door denton","en","us","0","-"
2861,"garage door","Bing","Alphabeticals","d","garage door dwg","en","us","0","-"
2862,"garage door","Bing","Alphabeticals","d","garage door depot kokomo","en","us","0","-"
2863,"garage door","Bing","Alphabeticals","d","garage door doctor bloomington indiana","en","us","0","-"
2864,"garage door","Bing","Alphabeticals","d","garage door danville ky","en","us","0","-"
2865,"garage door","Bing","Alphabeticals","e","garage door extension springs","en","us","3.6K","2.93"
2866,"garage door","Bing","Alphabeticals","e","garage door experts","en","us","2.4K","11.03"
2867,"garage door","Bing","Alphabeticals","e","garage door electric opener","en","us","0","-"
2868,"garage door","Bing","Alphabeticals","e","garage door extension spring replacement","en","us","0","-"
2869,"garage door","Bing","Alphabeticals","e","garage door emergency release","en","us","0","-"
2870,"garage door","Bing","Alphabeticals","e","garage door express","en","us","0","-"
2871,"garage door","Bing","Alphabeticals","e","garage door eyes sensors","en","us","0","-"
2872,"garage door","Bing","Alphabeticals","e","garage door exterior trim","en","us","0","-"
2873,"garage door","Bing","Alphabeticals","e","garage door el paso texas","en","us","0","-"
2874,"garage door","Bing","Alphabeticals","e","garage door emergency release lock","en","us","0","-"
2875,"garage door","Bing","Alphabeticals","e","garage door extension spring size chart","en","us","0","-"
2876,"garage door","Bing","Alphabeticals","e","garage door examples","en","us","0","-"
2877,"garage door","Bing","Alphabeticals","e","garage door erie pa","en","us","0","-"
2878,"garage door","Bing","Alphabeticals","e","garage door exhaust port kit","en","us","0","-"
2879,"garage door","Bing","Alphabeticals","e","garage door eugene oregon","en","us","0","-"
2880,"garage door","Bing","Alphabeticals","e","garage door experts of cincinnati","en","us","0","-"
2881,"garage door","Bing","Alphabeticals","e","garage door evansville in","en","us","0","-"
2882,"garage door","Bing","Alphabeticals","e","garage door extension spring color code chart","en","us","0","-"
2883,"garage door","Bing","Alphabeticals","e","garage door emergency pull cord","en","us","0","-"
2884,"garage door","Bing","Alphabeticals","e","garage door experts lebanon ohio","en","us","0","-"
2885,"garage door","Bing","Alphabeticals","e","garage door express lone rock","en","us","0","-"
2886,"garage door","Bing","Alphabeticals","e","garage door express lone rock wi","en","us","0","-"
2887,"garage door","Bing","Alphabeticals","e","garage door enterprises san diego","en","us","0","-"
2888,"garage door","Bing","Alphabeticals","e","garage door enterprises chesapeake va","en","us","0","-"
2889,"garage door","Bing","Alphabeticals","e","garage door experts in atlanta","en","us","0","-"
2890,"garage door","Bing","Alphabeticals","f","garage door fix","en","us","246.0K","51.94"
2891,"garage door","Bing","Alphabeticals","f","garage door for sale","en","us","12.1K","7.13"
2892,"garage door","Bing","Alphabeticals","f","garage door for sale near me","en","us","0","-"
2893,"garage door","Bing","Alphabeticals","f","garage door framing","en","us","0","-"
2894,"garage door","Bing","Alphabeticals","f","garage door floor seal","en","us","0","-"
2895,"garage door","Bing","Alphabeticals","f","garage door fishing rod holder","en","us","0","-"
2896,"garage door","Bing","Alphabeticals","f","garage door framing diagram","en","us","0","-"
2897,"garage door","Bing","Alphabeticals","f","garage door floor seal strip","en","us","0","-"
2898,"garage door","Bing","Alphabeticals","f","garage door fresno ca","en","us","0","-"
2899,"garage door","Bing","Alphabeticals","f","garage door floor plan","en","us","0","-"
2900,"garage door","Bing","Alphabeticals","f","garage door fob","en","us","0","-"
2901,"garage door","Bing","Alphabeticals","f","garage door fixers near me","en","us","0","-"
2902,"garage door","Bing","Alphabeticals","f","garage door foam insulation panels","en","us","0","-"
2903,"garage door","Bing","Alphabeticals","f","garage door fargo","en","us","0","-"
2904,"garage door","Bing","Alphabeticals","f","garage door freedom","en","us","0","-"
2905,"garage door","Bing","Alphabeticals","f","garage door flags","en","us","0","-"
2906,"garage door","Bing","Alphabeticals","f","garage door fredericksburg va","en","us","0","-"
2907,"garage door","Bing","Alphabeticals","f","garage door flower mound","en","us","0","-"
2908,"garage door","Bing","Alphabeticals","f","garage door fort wayne","en","us","0","-"
2909,"garage door","Bing","Alphabeticals","f","garage door fort myers","en","us","0","-"
2910,"garage door","Bing","Alphabeticals","f","garage door fort worth","en","us","0","-"
2911,"garage door","Bing","Alphabeticals","f","garage door fort collins","en","us","0","-"
2912,"garage door","Bing","Alphabeticals","f","garage door fishers in","en","us","0","-"
2913,"garage door","Bing","Alphabeticals","f","garage door farmington hills mi","en","us","0","-"
2914,"garage door","Bing","Alphabeticals","f","garage door florida product approval","en","us","0","-"
2915,"garage door","Bing","Alphabeticals","g","garage door genie","en","us","40.5K","4.95"
2916,"garage door","Bing","Alphabeticals","g","garage door glass","en","us","18.1K","4.73"
2917,"garage door","Bing","Alphabeticals","g","garage door green hinges","en","us","0","-"
2918,"garage door","Bing","Alphabeticals","g","garage door grease","en","us","0","-"
2919,"garage door","Bing","Alphabeticals","g","garage door grease lubricant","en","us","0","-"
2920,"garage door","Bing","Alphabeticals","g","garage door guy","en","us","0","-"
2921,"garage door","Bing","Alphabeticals","g","garage door gate","en","us","0","-"
2922,"garage door","Bing","Alphabeticals","g","garage door glass replacement","en","us","0","-"
2923,"garage door","Bing","Alphabeticals","g","garage door guru","en","us","0","-"
2924,"garage door","Bing","Alphabeticals","g","garage door geeks","en","us","0","-"
2925,"garage door","Bing","Alphabeticals","g","garage door goes down then back up","en","us","0","-"
2926,"garage door","Bing","Alphabeticals","g","garage door garland","en","us","0","-"
2927,"garage door","Bing","Alphabeticals","g","garage door green hinge system","en","us","0","-"
2928,"garage door","Bing","Alphabeticals","g","garage door geeks richmond va","en","us","0","-"
2929,"garage door","Bing","Alphabeticals","g","garage door guru charlotte nc","en","us","0","-"
2930,"garage door","Bing","Alphabeticals","g","garage door guys jacksonville fl","en","us","0","-"
2931,"garage door","Bing","Alphabeticals","g","garage door garland tx","en","us","0","-"
2932,"garage door","Bing","Alphabeticals","g","garage door guru fort mill sc","en","us","0","-"
2933,"garage door","Bing","Alphabeticals","g","garage door giant san diego","en","us","0","-"
2934,"garage door","Bing","Alphabeticals","g","garage door geeks fredericksburg va","en","us","0","-"
2935,"garage door","Bing","Alphabeticals","g","garage door guy springfield mo","en","us","0","-"
2936,"garage door","Bing","Alphabeticals","g","garage door gaskets bottom seal","en","us","0","-"
2937,"garage door","Bing","Alphabeticals","g","garage door gaskets for sides of door","en","us","0","-"
2938,"garage door","Bing","Alphabeticals","g","garage door grunts phoenix","en","us","0","-"
2939,"garage door","Bing","Alphabeticals","g","garage door gillette wy","en","us","0","-"
2940,"garage door","Bing","Alphabeticals","h","garage door hinges","en","us","6.6K","0.71"
2941,"garage door","Bing","Alphabeticals","h","garage door hardware","en","us","2.9K","1.41"
2942,"garage door","Bing","Alphabeticals","h","garage door handles","en","us","0","-"
2943,"garage door","Bing","Alphabeticals","h","garage door home depot","en","us","0","-"
2944,"garage door","Bing","Alphabeticals","h","garage door hinges replacement","en","us","0","-"
2945,"garage door","Bing","Alphabeticals","h","garage door height","en","us","0","-"
2946,"garage door","Bing","Alphabeticals","h","garage door houston tx","en","us","0","-"
2947,"garage door","Bing","Alphabeticals","h","garage door houston","en","us","0","-"
2948,"garage door","Bing","Alphabeticals","h","garage door houston texas","en","us","0","-"
2949,"garage door","Bing","Alphabeticals","h","garage door header","en","us","0","-"
2950,"garage door","Bing","Alphabeticals","h","garage door hinges and rollers","en","us","0","-"
2951,"garage door","Bing","Alphabeticals","h","garage door hinges with springs","en","us","0","-"
2952,"garage door","Bing","Alphabeticals","h","garage door hardware kit","en","us","0","-"
2953,"garage door","Bing","Alphabeticals","h","garage door handle replacement","en","us","0","-"
2954,"garage door","Bing","Alphabeticals","h","garage door hardware parts","en","us","0","-"
2955,"garage door","Bing","Alphabeticals","h","garage door hero in anaheim ca","en","us","0","-"
2956,"garage door","Bing","Alphabeticals","i","garage door insulation","en","us","49.5K","1.51"
2957,"garage door","Bing","Alphabeticals","i","garage door installation","en","us","49.5K","25.69"
2958,"garage door","Bing","Alphabeticals","i","garage door insulation kit","en","us","0","-"
2959,"garage door","Bing","Alphabeticals","i","garage door installers near me","en","us","0","-"
2960,"garage door","Bing","Alphabeticals","i","garage door insulation panels","en","us","0","-"
2961,"garage door","Bing","Alphabeticals","i","garage door images","en","us","0","-"
2962,"garage door","Bing","Alphabeticals","i","garage door ideas","en","us","0","-"
2963,"garage door","Bing","Alphabeticals","i","garage door installation price","en","us","0","-"
2964,"garage door","Bing","Alphabeticals","i","garage door indianapolis","en","us","0","-"
2965,"garage door","Bing","Alphabeticals","i","garage door insulation houston","en","us","0","-"
2966,"garage door","Bing","Alphabeticals","i","garage door installation friendswood","en","us","0","-"
2967,"garage door","Bing","Alphabeticals","i","garage door installation la porte","en","us","0","-"
2968,"garage door","Bing","Alphabeticals","i","garage door installations in hudson oaks","en","us","0","-"
2969,"garage door","Bing","Alphabeticals","i","garage door insulation panels kit","en","us","0","-"
2970,"garage door","Bing","Alphabeticals","i","garage door installation near dfw airport","en","us","0","-"
2971,"garage door","Bing","Alphabeticals","j","garage door jamb","en","us","1.6K","0.43"
2972,"garage door","Bing","Alphabeticals","j","garage door jobs","en","us","720","2.42"
2973,"garage door","Bing","Alphabeticals","j","garage door jobs near me","en","us","0","-"
2974,"garage door","Bing","Alphabeticals","j","garage door jamb wrap","en","us","0","-"
2975,"garage door","Bing","Alphabeticals","j","garage door jamb detail","en","us","0","-"
2976,"garage door","Bing","Alphabeticals","j","garage door jacksonville fl","en","us","0","-"
2977,"garage door","Bing","Alphabeticals","j","garage door jamb replacement","en","us","0","-"
2978,"garage door","Bing","Alphabeticals","j","garage door jackshaft","en","us","0","-"
2979,"garage door","Bing","Alphabeticals","j","garage door jerks when closing","en","us","0","-"
2980,"garage door","Bing","Alphabeticals","j","garage door jamb seal","en","us","0","-"
2981,"garage door","Bing","Alphabeticals","j","garage door jamb trim replacement","en","us","0","-"
2982,"garage door","Bing","Alphabeticals","j","garage door j arm","en","us","0","-"
2983,"garage door","Bing","Alphabeticals","j","garage door jackson tn","en","us","0","-"
2984,"garage door","Bing","Alphabeticals","j","garage door joplin mo","en","us","0","-"
2985,"garage door","Bing","Alphabeticals","j","garage door jonesboro ar","en","us","0","-"
2986,"garage door","Bing","Alphabeticals","j","garage door jefferson city mo","en","us","0","-"
2987,"garage door","Bing","Alphabeticals","j","garage door jackson ms","en","us","0","-"
2988,"garage door","Bing","Alphabeticals","j","garage door jamb repair near me","en","us","0","-"
2989,"garage door","Bing","Alphabeticals","j","garage door jackson mi","en","us","0","-"
2990,"garage door","Bing","Alphabeticals","j","garage door jpg","en","us","0","-"
2991,"garage door","Bing","Alphabeticals","k","garage door keypad","en","us","8.1K","1.25"
2992,"garage door","Bing","Alphabeticals","k","garage door keypad openers","en","us","6.6K","1.1"
2993,"garage door","Bing","Alphabeticals","k","garage door keypad replacement","en","us","0","-"
2994,"garage door","Bing","Alphabeticals","k","garage door kit","en","us","0","-"
2995,"garage door","Bing","Alphabeticals","k","garage door keypad not working","en","us","0","-"
2996,"garage door","Bing","Alphabeticals","k","garage door kansas city","en","us","0","-"
2997,"garage door","Bing","Alphabeticals","k","garage door keeps going back up","en","us","0","-"
2998,"garage door","Bing","Alphabeticals","k","garage door keypad with camera","en","us","0","-"
2999,"garage door","Bing","Alphabeticals","k","garage door knoxville tn","en","us","0","-"
3000,"garage door","Bing","Alphabeticals","k","garage door knob","en","us","0","-"
3001,"garage door","Bing","Alphabeticals","k","garage door kalispell","en","us","0","-"
3002,"garage door","Bing","Alphabeticals","k","garage door katy","en","us","0","-"
3003,"garage door","Bing","Alphabeticals","k","garage door key switch","en","us","0","-"
3004,"garage door","Bing","Alphabeticals","k","garage door keypad baytown tx","en","us","0","-"
3005,"garage door","Bing","Alphabeticals","k","garage door keller tx","en","us","0","-"
3006,"garage door","Bing","Alphabeticals","k","garage door kits for sale","en","us","0","-"
3007,"garage door","Bing","Alphabeticals","k","garage door katy tx","en","us","0","-"
3008,"garage door","Bing","Alphabeticals","k","garage door keypads wireless","en","us","0","-"
3009,"garage door","Bing","Alphabeticals","k","garage door keypad houston tx","en","us","0","-"
3010,"garage door","Bing","Alphabeticals","k","garage door kings big bear","en","us","0","-"
3011,"garage door","Bing","Alphabeticals","k","garage door kingman az","en","us","0","-"
3012,"garage door","Bing","Alphabeticals","k","garage door kalispell mt","en","us","0","-"
3013,"garage door","Bing","Alphabeticals","k","garage door kennewick wa","en","us","0","-"
3014,"garage door","Bing","Alphabeticals","k","garage door king palm beach","en","us","0","-"
3015,"garage door","Bing","Alphabeticals","k","garage door keypad installation flower mound","en","us","0","-"
3016,"garage door","Bing","Alphabeticals","l","garage door lubricant","en","us","18.1K","1.3"
3017,"garage door","Bing","Alphabeticals","l","garage door lowes","en","us","12.1K","1.65"
3018,"garage door","Bing","Alphabeticals","l","garage door lock","en","us","0","-"
3019,"garage door","Bing","Alphabeticals","l","garage door lubricant spray","en","us","0","-"
3020,"garage door","Bing","Alphabeticals","l","garage door lubrication","en","us","0","-"
3021,"garage door","Bing","Alphabeticals","l","garage door lights","en","us","0","-"
3022,"garage door","Bing","Alphabeticals","l","garage door light bulb","en","us","0","-"
3023,"garage door","Bing","Alphabeticals","l","garage door locks replacements","en","us","0","-"
3024,"garage door","Bing","Alphabeticals","l","garage door las vegas","en","us","0","-"
3025,"garage door","Bing","Alphabeticals","l","garage door latch","en","us","0","-"
3026,"garage door","Bing","Alphabeticals","l","garage door lubricant home depot","en","us","0","-"
3027,"garage door","Bing","Alphabeticals","l","garage door lube home depot","en","us","0","-"
3028,"garage door","Bing","Alphabeticals","l","garage door lift","en","us","0","-"
3029,"garage door","Bing","Alphabeticals","l","garage door locking mechanism","en","us","0","-"
3030,"garage door","Bing","Alphabeticals","l","garage door lift cable","en","us","0","-"
3031,"garage door","Bing","Alphabeticals","l","garage door lubricant silicone or lithium","en","us","0","-"
3032,"garage door","Bing","Alphabeticals","l","garage door laser sensor","en","us","0","-"
3033,"garage door","Bing","Alphabeticals","l","garage door lexington ky","en","us","0","-"
3034,"garage door","Bing","Alphabeticals","l","garage door lewisville tx","en","us","0","-"
3035,"garage door","Bing","Alphabeticals","l","garage door land","en","us","0","-"
3036,"garage door","Bing","Alphabeticals","l","garage door lift spring","en","us","0","-"
3037,"garage door","Bing","Alphabeticals","l","garage door lancaster ca","en","us","0","-"
3038,"garage door","Bing","Alphabeticals","l","garage door locks kit","en","us","0","-"
3039,"garage door","Bing","Alphabeticals","m","garage door maintenance near me","en","us","18.1K","45.89"
3040,"garage door","Bing","Alphabeticals","m","garage door motor","en","us","8.1K","3.12"
3041,"garage door","Bing","Alphabeticals","m","garage door maintenance","en","us","0","-"
3042,"garage door","Bing","Alphabeticals","m","garage door menards","en","us","0","-"
3043,"garage door","Bing","Alphabeticals","m","garage door molding","en","us","0","-"
3044,"garage door","Bing","Alphabeticals","m","garage door manufacturers","en","us","0","-"
3045,"garage door","Bing","Alphabeticals","m","garage door motor replacement cost","en","us","0","-"
3046,"garage door","Bing","Alphabeticals","m","garage door motor replacement","en","us","0","-"
3047,"garage door","Bing","Alphabeticals","m","garage door magnets","en","us","0","-"
3048,"garage door","Bing","Alphabeticals","m","garage door masters","en","us","0","-"
3049,"garage door","Bing","Alphabeticals","m","garage door maintenance service","en","us","0","-"
3050,"garage door","Bing","Alphabeticals","m","garage door medics","en","us","0","-"
3051,"garage door","Bing","Alphabeticals","m","garage door magnetic panels","en","us","0","-"
3052,"garage door","Bing","Alphabeticals","m","garage door manual release","en","us","0","-"
3053,"garage door","Bing","Alphabeticals","m","garage door murals","en","us","0","-"
3054,"garage door","Bing","Alphabeticals","m","garage door monitor","en","us","0","-"
3055,"garage door","Bing","Alphabeticals","m","garage door mechanism","en","us","0","-"
3056,"garage door","Bing","Alphabeticals","m","garage door magnetic decorative hardware","en","us","0","-"
3057,"garage door","Bing","Alphabeticals","m","garage door motors prices","en","us","0","-"
3058,"garage door","Bing","Alphabeticals","m","garage door minder","en","us","0","-"
3059,"garage door","Bing","Alphabeticals","m","garage door monitor open or closed","en","us","0","-"
3060,"garage door","Bing","Alphabeticals","m","garage door manufacturers residential","en","us","0","-"
3061,"garage door","Bing","Alphabeticals","n","garage door near me","en","us","14.8K","28.45"
3062,"garage door","Bing","Alphabeticals","n","garage door new","en","us","12.1K","11.06"
3063,"garage door","Bing","Alphabeticals","n","garage door nylon roller","en","us","0","-"
3064,"garage door","Bing","Alphabeticals","n","garage door not opening","en","us","0","-"
3065,"garage door","Bing","Alphabeticals","n","garage door not closing","en","us","0","-"
3066,"garage door","Bing","Alphabeticals","n","garage door netting","en","us","0","-"
3067,"garage door","Bing","Alphabeticals","n","garage door not opening but motor running","en","us","0","-"
3068,"garage door","Bing","Alphabeticals","n","garage door not working","en","us","0","-"
3069,"garage door","Bing","Alphabeticals","n","garage door nashville tn","en","us","0","-"
3070,"garage door","Bing","Alphabeticals","n","garage door nj","en","us","0","-"
3071,"garage door","Bing","Alphabeticals","n","garage door not closing light flashing","en","us","0","-"
3072,"garage door","Bing","Alphabeticals","n","garage door naples","en","us","0","-"
3073,"garage door","Bing","Alphabeticals","n","garage door naples fl","en","us","0","-"
3074,"garage door","Bing","Alphabeticals","n","garage door name","en","us","0","-"
3075,"garage door","Bing","Alphabeticals","n","garage door nation","en","us","0","-"
3076,"garage door","Bing","Alphabeticals","n","garage door not closing fully","en","us","0","-"
3077,"garage door","Bing","Alphabeticals","n","garage door new hampshire","en","us","0","-"
3078,"garage door","Bing","Alphabeticals","n","garage door norwalk ct","en","us","0","-"
3079,"garage door","Bing","Alphabeticals","n","garage door new frisco tx","en","us","0","-"
3080,"garage door","Bing","Alphabeticals","n","garage door nashua nh","en","us","0","-"
3081,"garage door","Bing","Alphabeticals","n","garage door near me repair","en","us","0","-"
3082,"garage door","Bing","Alphabeticals","n","garage door net screen with magnet","en","us","0","-"
3083,"garage door","Bing","Alphabeticals","n","garage door nisswa","en","us","0","-"
3084,"garage door","Bing","Alphabeticals","n","garage door nanuet","en","us","0","-"
3085,"garage door","Bing","Alphabeticals","n","garage door nisswa mn","en","us","0","-"
3086,"garage door","Bing","Alphabeticals","o","garage door openers","en","us","165.0K","7.14"
3087,"garage door","Bing","Alphabeticals","o","garage door opener repair","en","us","110.0K","36.87"
3088,"garage door","Bing","Alphabeticals","o","garage door openers liftmaster","en","us","0","-"
3089,"garage door","Bing","Alphabeticals","o","garage door opener remote","en","us","0","-"
3090,"garage door","Bing","Alphabeticals","o","garage door opener installation","en","us","0","-"
3091,"garage door","Bing","Alphabeticals","o","garage door opener battery","en","us","0","-"
3092,"garage door","Bing","Alphabeticals","o","garage door openers home depot","en","us","0","-"
3093,"garage door","Bing","Alphabeticals","o","garage door opener replacement","en","us","0","-"
3094,"garage door","Bing","Alphabeticals","o","garage door opener keypad","en","us","0","-"
3095,"garage door","Bing","Alphabeticals","o","garage door opener repair near me","en","us","0","-"
3096,"garage door","Bing","Alphabeticals","o","garage door opener installation near me","en","us","0","-"
3097,"garage door","Bing","Alphabeticals","o","garage door opener parts","en","us","0","-"
3098,"garage door","Bing","Alphabeticals","o","garage door openers near me","en","us","0","-"
3099,"garage door","Bing","Alphabeticals","o","garage door opener brands","en","us","0","-"
3100,"garage door","Bing","Alphabeticals","o","garage door opener remote highland park tx","en","us","0","-"
3101,"garage door","Bing","Alphabeticals","p","garage door parts","en","us","14.8K","2.47"
3102,"garage door","Bing","Alphabeticals","p","garage door panels","en","us","12.1K","5.07"
3103,"garage door","Bing","Alphabeticals","p","garage door paint","en","us","0","-"
3104,"garage door","Bing","Alphabeticals","p","garage door panel replacement","en","us","0","-"
3105,"garage door","Bing","Alphabeticals","p","garage door prices","en","us","0","-"
3106,"garage door","Bing","Alphabeticals","p","garage door pros","en","us","0","-"
3107,"garage door","Bing","Alphabeticals","p","garage door parts near me","en","us","0","-"
3108,"garage door","Bing","Alphabeticals","p","garage door pictures","en","us","0","-"
3109,"garage door","Bing","Alphabeticals","p","garage door parts diagram","en","us","0","-"
3110,"garage door","Bing","Alphabeticals","p","garage door panels for sale","en","us","0","-"
3111,"garage door","Bing","Alphabeticals","p","garage door parts replacement","en","us","0","-"
3112,"garage door","Bing","Alphabeticals","p","garage door painters near me","en","us","0","-"
3113,"garage door","Bing","Alphabeticals","p","garage door png","en","us","0","-"
3114,"garage door","Bing","Alphabeticals","p","garage door parts supply","en","us","0","-"
3115,"garage door","Bing","Alphabeticals","p","garage door panel replacement houston county","en","us","0","-"
3116,"garage door","Bing","Alphabeticals","p","garage door parts uk","en","us","0","-"
3117,"garage door","Bing","Alphabeticals","q","garage door quiet rollers","en","us","720","0.81"
3118,"garage door","Bing","Alphabeticals","q","garage door quotes","en","us","480","35.83"
3119,"garage door","Bing","Alphabeticals","q","garage door quick turn brackets","en","us","0","-"
3120,"garage door","Bing","Alphabeticals","q","garage door quote near me","en","us","0","-"
3121,"garage door","Bing","Alphabeticals","q","garage door quiet kit","en","us","0","-"
3122,"garage door","Bing","Alphabeticals","q","garage door quick release","en","us","0","-"
3123,"garage door","Bing","Alphabeticals","q","garage door questions","en","us","0","-"
3124,"garage door","Bing","Alphabeticals","q","garage door quiet hinges","en","us","0","-"
3125,"garage door","Bing","Alphabeticals","q","garage door quote near me online","en","us","0","-"
3126,"garage door","Bing","Alphabeticals","q","garage door quote near me best price","en","us","0","-"
3127,"garage door","Bing","Alphabeticals","q","garage door qualify for energy credit","en","us","0","-"
3128,"garage door","Bing","Alphabeticals","q","garage door quotes renton wa highlands","en","us","0","-"
3129,"garage door","Bing","Alphabeticals","q","garage door quote near me free","en","us","0","-"
3130,"garage door","Bing","Alphabeticals","r","garage door repair","en","us","246.0K","51.67"
3131,"garage door","Bing","Alphabeticals","r","garage door repair services near me","en","us","201.0K","41.58"
3132,"garage door","Bing","Alphabeticals","r","garage door repair near me","en","us","0","-"
3133,"garage door","Bing","Alphabeticals","r","garage door repair service","en","us","0","-"
3134,"garage door","Bing","Alphabeticals","r","garage door replacement","en","us","0","-"
3135,"garage door","Bing","Alphabeticals","r","garage door replacement cost","en","us","0","-"
3136,"garage door","Bing","Alphabeticals","r","garage door rollers","en","us","0","-"
3137,"garage door","Bing","Alphabeticals","r","garage door replacement panels","en","us","0","-"
3138,"garage door","Bing","Alphabeticals","r","garage door replacement near me","en","us","0","-"
3139,"garage door","Bing","Alphabeticals","r","garage door remotes replacement","en","us","0","-"
3140,"garage door","Bing","Alphabeticals","r","garage door remote","en","us","0","-"
3141,"garage door","Bing","Alphabeticals","r","garage door rollers replacement","en","us","0","-"
3142,"garage door","Bing","Alphabeticals","r","garage door rust","en","us","0","-"
3143,"garage door","Bing","Alphabeticals","r","garage door repair arlington tx","en","us","0","-"
3144,"garage door","Bing","Alphabeticals","r","garage door repair okc","en","us","0","-"
3145,"garage door","Bing","Alphabeticals","r","garage door repair near me free estimate","en","us","0","-"
3146,"garage door","Bing","Alphabeticals","r","garage door repair near me reviews","en","us","0","-"
3147,"garage door","Bing","Alphabeticals","s","garage door springs","en","us","40.5K","8.25"
3148,"garage door","Bing","Alphabeticals","s","garage door seal","en","us","27.1K","1.13"
3149,"garage door","Bing","Alphabeticals","s","garage door seals bottom","en","us","0","-"
3150,"garage door","Bing","Alphabeticals","s","garage door screens","en","us","0","-"
3151,"garage door","Bing","Alphabeticals","s","garage door spring replacement","en","us","0","-"
3152,"garage door","Bing","Alphabeticals","s","garage door spring replacement cost","en","us","0","-"
3153,"garage door","Bing","Alphabeticals","s","garage door service near me","en","us","0","-"
3154,"garage door","Bing","Alphabeticals","s","garage door spring repair","en","us","0","-"
3155,"garage door","Bing","Alphabeticals","s","garage door sizes","en","us","0","-"
3156,"garage door","Bing","Alphabeticals","s","garage door sensors","en","us","0","-"
3157,"garage door","Bing","Alphabeticals","s","garage door screens retractable","en","us","0","-"
3158,"garage door","Bing","Alphabeticals","s","garage door services","en","us","0","-"
3159,"garage door","Bing","Alphabeticals","s","garage door styles","en","us","0","-"
3160,"garage door","Bing","Alphabeticals","s","garage door seals for top and sides","en","us","0","-"
3161,"garage door","Bing","Alphabeticals","s","garage door sizes chart","en","us","0","-"
3162,"garage door","Bing","Alphabeticals","t","garage door torsion springs","en","us","18.1K","8.6"
3163,"garage door","Bing","Alphabeticals","t","garage door trim","en","us","6.6K","0.56"
3164,"garage door","Bing","Alphabeticals","t","garage door track","en","us","0","-"
3165,"garage door","Bing","Alphabeticals","t","garage door trim molding","en","us","0","-"
3166,"garage door","Bing","Alphabeticals","t","garage door torsion spring replacement","en","us","0","-"
3167,"garage door","Bing","Alphabeticals","t","garage door tune up near me","en","us","0","-"
3168,"garage door","Bing","Alphabeticals","t","garage door threshold seal","en","us","0","-"
3169,"garage door","Bing","Alphabeticals","t","garage door types","en","us","0","-"
3170,"garage door","Bing","Alphabeticals","t","garage door tension spring","en","us","0","-"
3171,"garage door","Bing","Alphabeticals","t","garage door threshold","en","us","0","-"
3172,"garage door","Bing","Alphabeticals","t","garage door tune up","en","us","0","-"
3173,"garage door","Bing","Alphabeticals","t","garage door top seal","en","us","0","-"
3174,"garage door","Bing","Alphabeticals","t","garage door texture","en","us","0","-"
3175,"garage door","Bing","Alphabeticals","t","garage door tracks rails","en","us","0","-"
3176,"garage door","Bing","Alphabeticals","t","garage door trim weather seal","en","us","0","-"
3177,"garage door","Bing","Alphabeticals","t","garage door track repair plano","en","us","0","-"
3178,"garage door","Bing","Alphabeticals","u","garage door universal remote","en","us","18.1K","0.38"
3179,"garage door","Bing","Alphabeticals","u","garage door usa","en","us","2.9K","13.62"
3180,"garage door","Bing","Alphabeticals","u","garage door used for sale","en","us","0","-"
3181,"garage door","Bing","Alphabeticals","u","garage door upgrades","en","us","0","-"
3182,"garage door","Bing","Alphabeticals","u","garage door used","en","us","0","-"
3183,"garage door","Bing","Alphabeticals","u","garage door utah","en","us","0","-"
3184,"garage door","Bing","Alphabeticals","u","garage door unit","en","us","0","-"
3185,"garage door","Bing","Alphabeticals","u","garage door unlimited","en","us","0","-"
3186,"garage door","Bing","Alphabeticals","u","garage door upgrade kit","en","us","0","-"
3187,"garage door","Bing","Alphabeticals","u","garage door uk","en","us","0","-"
3188,"garage door","Bing","Alphabeticals","u","garage door u-factor","en","us","0","-"
3189,"garage door","Bing","Alphabeticals","u","garage door up and over price","en","us","0","-"
3190,"garage door","Bing","Alphabeticals","u","garage door uniontown pa","en","us","0","-"
3191,"garage door","Bing","Alphabeticals","u","garage door unlimited poway ca","en","us","0","-"
3192,"garage door","Bing","Alphabeticals","v","garage door vendors","en","us","3.6K","7.41"
3193,"garage door","Bing","Alphabeticals","v","garage door vents","en","us","1.9K","0.97"
3194,"garage door","Bing","Alphabeticals","v","garage door ventilation","en","us","0","-"
3195,"garage door","Bing","Alphabeticals","v","garage door vertical track","en","us","0","-"
3196,"garage door","Bing","Alphabeticals","v","garage door vinyl trim","en","us","0","-"
3197,"garage door","Bing","Alphabeticals","v","garage door vent kit","en","us","0","-"
3198,"garage door","Bing","Alphabeticals","v","garage door vinyl wrap","en","us","0","-"
3199,"garage door","Bing","Alphabeticals","v","garage door visualizer","en","us","0","-"
3200,"garage door","Bing","Alphabeticals","v","garage door videos","en","us","0","-"
3201,"garage door","Bing","Alphabeticals","v","garage door veterans","en","us","0","-"
3202,"garage door","Bing","Alphabeticals","v","garage door vacaville","en","us","0","-"
3203,"garage door","Bing","Alphabeticals","v","garage door valdosta ga","en","us","0","-"
3204,"garage door","Bing","Alphabeticals","v","garage door vendors near me","en","us","0","-"
3205,"garage door","Bing","Alphabeticals","v","garage door vancouver wa","en","us","0","-"
3206,"garage door","Bing","Alphabeticals","v","garage door venice fl","en","us","0","-"
3207,"garage door","Bing","Alphabeticals","v","garage door vents panel","en","us","0","-"
3208,"garage door","Bing","Alphabeticals","v","garage door videos youtube","en","us","0","-"
3209,"garage door","Bing","Alphabeticals","v","garage door visualiser","en","us","0","-"
3210,"garage door","Bing","Alphabeticals","v","garage door veterans reviews","en","us","0","-"
3211,"garage door","Bing","Alphabeticals","v","garage door valdosta","en","us","0","-"
3212,"garage door","Bing","Alphabeticals","v","garage door vero beach","en","us","0","-"
3213,"garage door","Bing","Alphabeticals","v","garage door victoria texas","en","us","0","-"
3214,"garage door","Bing","Alphabeticals","w","garage door weatherstripping","en","us","27.1K","1.02"
3215,"garage door","Bing","Alphabeticals","w","garage door windows","en","us","12.1K","1.89"
3216,"garage door","Bing","Alphabeticals","w","garage door widths","en","us","0","-"
3217,"garage door","Bing","Alphabeticals","w","garage door window inserts","en","us","0","-"
3218,"garage door","Bing","Alphabeticals","w","garage door won't open","en","us","0","-"
3219,"garage door","Bing","Alphabeticals","w","garage door won't close","en","us","0","-"
3220,"garage door","Bing","Alphabeticals","w","garage door weather seal","en","us","0","-"
3221,"garage door","Bing","Alphabeticals","w","garage door with man door","en","us","0","-"
3222,"garage door","Bing","Alphabeticals","w","garage door weather strip bottom","en","us","0","-"
3223,"garage door","Bing","Alphabeticals","w","garage door wheels","en","us","0","-"
3224,"garage door","Bing","Alphabeticals","w","garage door window replacement","en","us","0","-"
3225,"garage door","Bing","Alphabeticals","w","garage door winding bars","en","us","0","-"
3226,"garage door","Bing","Alphabeticals","w","garage door with pedestrian door","en","us","0","-"
3227,"garage door","Bing","Alphabeticals","w","garage door window inserts replacements","en","us","0","-"
3228,"garage door","Bing","Alphabeticals","w","garage door weather stripping side and top","en","us","0","-"
3229,"garage door","Bing","Alphabeticals","x","garage door xmas decorations","en","us","4.4K","0.46"
3230,"garage door","Bing","Alphabeticals","x","garage door xmas cover","en","us","170","7.74"
3231,"garage door","Bing","Alphabeticals","x","garage door xmas banner","en","us","0","-"
3232,"garage door","Bing","Alphabeticals","x","garage door xpress","en","us","0","-"
3233,"garage door","Bing","Alphabeticals","x","garage door xmas","en","us","0","-"
3234,"garage door","Bing","Alphabeticals","x","garage door xmas mural","en","us","0","-"
3235,"garage door","Bing","Alphabeticals","x","garage door xmas magnets","en","us","0","-"
3236,"garage door","Bing","Alphabeticals","x","garage door xenia ohio","en","us","0","-"
3237,"garage door","Bing","Alphabeticals","x","garage door xmas cover amazon","en","us","0","-"
3238,"garage door","Bing","Alphabeticals","y","garage door youtube","en","us","210","-"
3239,"garage door","Bing","Alphabeticals","y","garage door yelp","en","us","170","19.32"
3240,"garage door","Bing","Alphabeticals","y","garage door yellow light","en","us","0","-"
3241,"garage door","Bing","Alphabeticals","y","garage door yuma az","en","us","0","-"
3242,"garage door","Bing","Alphabeticals","y","garage door yukon ok","en","us","0","-"
3243,"garage door","Bing","Alphabeticals","y","garage door york","en","us","0","-"
3244,"garage door","Bing","Alphabeticals","y","garage door yeovil","en","us","0","-"
3245,"garage door","Bing","Alphabeticals","y","garage door yamba","en","us","0","-"
3246,"garage door","Bing","Alphabeticals","y","garage door yorkton","en","us","0","-"
3247,"garage door","Bing","Alphabeticals","y","garage door yearly maintenance","en","us","0","-"
3248,"garage door","Bing","Alphabeticals","z","z-wave garage door opener","en","us","720","0.7"
3249,"garage door","Bing","Alphabeticals","z","zigbee garage door opener","en","us","140","0.43"
3250,"garage door","Bing","Alphabeticals","z","zumi garage door opener","en","us","0","-"
3251,"garage door","Bing","Alphabeticals","z","garage door zone","en","us","0","-"
3252,"garage door","Bing","Alphabeticals","z","zap garage door opener","en","us","0","-"
3253,"garage door","Bing","Alphabeticals","z","zigbee garage door controller","en","us","0","-"
3254,"garage door","Bing","Alphabeticals","z","garage door zappers","en","us","0","-"
3255,"garage door","Bing","Alphabeticals","z","garage door zone coupon","en","us","0","-"
3256,"garage door","Bing","Alphabeticals","z","garage door zionsville in","en","us","0","-"
3257,"garage door","Bing","Alphabeticals","z","zumwalt garage door st louis","en","us","0","-"
3258,"garage door","Bing","Comparisons","and","garage door and opener","en","us","135.0K","7.61"
3259,"garage door","Bing","Comparisons","and","garage door and installation","en","us","49.5K","21.16"
3260,"garage door","Bing","Comparisons","and","garage door and frame","en","us","0","-"
3261,"garage door","Bing","Comparisons","and","garage door and gates","en","us","0","-"
3262,"garage door","Bing","Comparisons","and","garage door and more","en","us","0","-"
3263,"garage door","Bing","Comparisons","and","garage door and gate services","en","us","0","-"
3264,"garage door","Bing","Comparisons","and","garage door and gate company","en","us","0","-"
3265,"garage door","Bing","Comparisons","and","garage door and gate repair in houston tx","en","us","0","-"
3266,"garage door","Bing","Comparisons","and","garage door and more charlotte nc","en","us","0","-"
3267,"garage door","Bing","Comparisons","and","garage door and automation company","en","us","0","-"
3268,"garage door","Bing","Comparisons","and","garage door and gate company hull","en","us","0","-"
3269,"garage door","Bing","Comparisons","and","garage door and gate company isle of man","en","us","0","-"
3270,"garage door","Bing","Comparisons","and","garage door and gate repair diy","en","us","0","-"
3271,"garage door","Bing","Comparisons","and","garage door and gate repair kit","en","us","0","-"
3272,"garage door","Bing","Comparisons","and","garage door and gate store san diego","en","us","0","-"
3273,"garage door","Bing","Comparisons","vs","garage door vs roll up door","en","us","110","0.03"
3274,"garage door","Bing","Comparisons","vs","garage door vs armored double door rust","en","us","10","-"
3275,"garage door","Bing","Numbers","1","garage door 16x7","en","us","4.4K","6.32"
3276,"garage door","Bing","Numbers","1","garage door 10x10","en","us","3.6K","2.37"
3277,"garage door","Bing","Numbers","1","garage door 16 x 8","en","us","0","-"
3278,"garage door","Bing","Numbers","1","garage door 10x8","en","us","0","-"
3279,"garage door","Bing","Numbers","1","garage door 16 ft x 7 ft","en","us","0","-"
3280,"garage door","Bing","Numbers","1","garage door 10x7","en","us","0","-"
3281,"garage door","Bing","Numbers","1","garage door 16x7 insulated","en","us","0","-"
3282,"garage door","Bing","Numbers","1","garage door 16x7 for sale","en","us","0","-"
3283,"garage door","Bing","Numbers","1","garage door 10 wide by 12 high","en","us","0","-"
3284,"garage door","Bing","Numbers","1","garage door 18 ft by 7 ft","en","us","0","-"
3285,"garage door","Bing","Numbers","1","garage door 16ft wide 7 feet tall","en","us","0","-"
3286,"garage door","Bing","Numbers","1","garage door 10 ft x 8 ft","en","us","0","-"
3287,"garage door","Bing","Numbers","1","garage door 18 x 8 price","en","us","0","-"
3288,"garage door","Bing","Numbers","2","garage door 2 car","en","us","4.4K","4.45"
3289,"garage door","Bing","Numbers","2","garage door 2 car width","en","us","1.0K","2.5"
3290,"garage door","Bing","Numbers","2","garage door 24/7","en","us","0","-"
3291,"garage door","Bing","Numbers","2","garage door 20 x 8","en","us","0","-"
3292,"garage door","Bing","Numbers","2","garage door 24","en","us","0","-"
3293,"garage door","Bing","Numbers","2","garage door 2 car size","en","us","0","-"
3294,"garage door","Bing","Numbers","2","garage door 20 ft wide","en","us","0","-"
3295,"garage door","Bing","Numbers","2","garage door 250 banners","en","us","0","-"
3296,"garage door","Bing","Numbers","2","garage door 2251","en","us","0","-"
3297,"garage door","Bing","Numbers","2","garage door 2 door","en","us","0","-"
3298,"garage door","Bing","Numbers","2","garage door 24 foot","en","us","0","-"
3299,"garage door","Bing","Numbers","2","garage door 20 x 12 insulated","en","us","0","-"
3300,"garage door","Bing","Numbers","2","garage door 20 ft x 9 ft prices","en","us","0","-"
3301,"garage door","Bing","Numbers","2","garage door 2 car steel sectional","en","us","0","-"
3302,"garage door","Bing","Numbers","3","garage door 3d model","en","us","50","5.13"
3303,"garage door","Bing","Numbers","3","garage door 360","en","us","50","12.04"
3304,"garage door","Bing","Numbers","3","garage door 3 button switch","en","us","0","-"
3305,"garage door","Bing","Numbers","3","garage door 3d","en","us","0","-"
3306,"garage door","Bing","Numbers","3","garage door 365","en","us","0","-"
3307,"garage door","Bing","Numbers","3","garage door 3d model free download","en","us","0","-"
3308,"garage door","Bing","Numbers","3","garage door 3d warehouse","en","us","0","-"
3309,"garage door","Bing","Numbers","3","garage door 3690","en","us","0","-"
3310,"garage door","Bing","Numbers","3","garage door 347-55 spring","en","us","0","-"
3311,"garage door","Bing","Numbers","3","garage door 3 button wiring","en","us","0","-"
3312,"garage door","Bing","Numbers","4","garage door sims 4","en","us","880","-"
3313,"garage door","Bing","Numbers","4","garage door 4 less","en","us","170","7.93"
3314,"garage door","Bing","Numbers","4","garage door 4 panel","en","us","0","-"
3315,"garage door","Bing","Numbers","4","garage door 45 degree track","en","us","0","-"
3316,"garage door","Bing","Numbers","4","garage door sims 4 cc","en","us","0","-"
3317,"garage door","Bing","Numbers","4","433 garage door receiver","en","us","0","-"
3318,"garage door","Bing","Numbers","4","garage door 45891","en","us","0","-"
3319,"garage door","Bing","Numbers","4","garage door 48 bracket","en","us","0","-"
3320,"garage door","Bing","Numbers","4","garage door 4283","en","us","0","-"
3321,"garage door","Bing","Numbers","4","garage door 4 point locking","en","us","0","-"
3322,"garage door","Bing","Numbers","5","garage door 5x7","en","us","110","5.41"
3323,"garage door","Bing","Numbers","6","6x7 garage door","en","us","590","1.48"
3324,"garage door","Bing","Numbers","6","garage door 6 x 7","en","us","590","1.63"
3325,"garage door","Bing","Numbers","6","6' garage door","en","us","0","-"
3326,"garage door","Bing","Numbers","6","garage door 6x8","en","us","0","-"
3327,"garage door","Bing","Numbers","6","garage door 6x6","en","us","0","-"
3328,"garage door","Bing","Numbers","6","6x7 garage door for shed","en","us","0","-"
3329,"garage door","Bing","Numbers","6","garage door 6 foot wide","en","us","0","-"
3330,"garage door","Bing","Numbers","6","garage door 6ft","en","us","0","-"
3331,"garage door","Bing","Numbers","6","garage door 6'6 height","en","us","0","-"
3332,"garage door","Bing","Numbers","7","garage door 7x9","en","us","1.6K","3.22"
3333,"garage door","Bing","Numbers","7","garage door 7x10","en","us","1.3K","2.16"
3334,"garage door","Bing","Numbers","7","garage door 7x16","en","us","0","-"
3335,"garage door","Bing","Numbers","7","garage door 7x8","en","us","0","-"
3336,"garage door","Bing","Numbers","7","garage door 7 x 7","en","us","0","-"
3337,"garage door","Bing","Numbers","7","garage door 7ft x 7ft","en","us","0","-"
3338,"garage door","Bing","Numbers","7","garage door 73130","en","us","0","-"
3339,"garage door","Bing","Numbers","7","garage door 7 ft wide","en","us","0","-"
3340,"garage door","Bing","Numbers","7","garage door 73020","en","us","0","-"
3341,"garage door","Bing","Numbers","7","garage door 7x18","en","us","0","-"
3342,"garage door","Bing","Numbers","7","garage door 75455","en","us","0","-"
3343,"garage door","Bing","Numbers","8","garage door 8x7","en","us","3.6K","1.59"
3344,"garage door","Bing","Numbers","8","garage door 8x16","en","us","2.9K","3.53"
3345,"garage door","Bing","Numbers","8","garage door 8x10","en","us","0","-"
3346,"garage door","Bing","Numbers","8","garage door 8x8","en","us","0","-"
3347,"garage door","Bing","Numbers","8","garage door 8x9","en","us","0","-"
3348,"garage door","Bing","Numbers","8","garage door 8x7 insulated","en","us","0","-"
3349,"garage door","Bing","Numbers","8","garage door 8x7 price","en","us","0","-"
3350,"garage door","Bing","Numbers","8","garage door 8 ft","en","us","0","-"
3351,"garage door","Bing","Numbers","8","garage door 8x10 price","en","us","0","-"
3352,"garage door","Bing","Numbers","8","garage door 8500","en","us","0","-"
3353,"garage door","Bing","Numbers","8","garage door 88310","en","us","0","-"
3354,"garage door","Bing","Numbers","8","garage door 8 ft by 7 ft","en","us","0","-"
3355,"garage door","Bing","Numbers","9","garage door 9x7","en","us","3.6K","3.27"
3356,"garage door","Bing","Numbers","9","garage door 9x7 insulated","en","us","1.6K","3.22"
3357,"garage door","Bing","Numbers","9","garage door 9x9","en","us","0","-"
3358,"garage door","Bing","Numbers","9","garage door 9x10","en","us","0","-"
3359,"garage door","Bing","Numbers","9","garage door 9x7 for sale","en","us","0","-"
3360,"garage door","Bing","Numbers","9","garage door 911","en","us","0","-"
3361,"garage door","Bing","Numbers","9","garage door 9 x 8","en","us","0","-"
3362,"garage door","Bing","Numbers","9","garage door 9x8 insulated","en","us","0","-"
3363,"garage door","Bing","Numbers","9","garage door 911 nampa","en","us","0","-"
3364,"garage door","Bing","Numbers","9","garage door 911 nampa idaho","en","us","0","-"
3365,"garage door","Bing","Numbers","9","garage door 96x80","en","us","0","-"
3366,"garage door","Bing","Numbers","9","garage door 9' tracks","en","us","0","-"
3367,"garage door","Bing","Numbers","9","garage door 9x7 with windows","en","us","0","-"
3368,"garage door","Bing","Prepositions","for","garage door for sale","en","us","12.1K","7.13"
3369,"garage door","Bing","Prepositions","for","garage door for barn","en","us","3.6K","4.24"
3370,"garage door","Bing","Prepositions","for","garage door for sale near me","en","us","0","-"
3371,"garage door","Bing","Prepositions","for","garage door for shed","en","us","0","-"
3372,"garage door","Bing","Prepositions","for","garage door for carport","en","us","0","-"
3373,"garage door","Bing","Prepositions","for","garage door for sale online","en","us","0","-"
3374,"garage door","Bing","Prepositions","for","garage door for rv","en","us","0","-"
3375,"garage door","Bing","Prepositions","for","garage door for golf cart","en","us","0","-"
3376,"garage door","Bing","Prepositions","for","garage door for revit","en","us","0","-"
3377,"garage door","Bing","Prepositions","for","garage door for 2 car garage","en","us","0","-"
3378,"garage door","Bing","Prepositions","for","garage door for sale 16x7","en","us","0","-"
3379,"garage door","Bing","Prepositions","for","garage door for dogs","en","us","0","-"
3380,"garage door","Bing","Prepositions","for","garage door for bar top","en","us","0","-"
3381,"garage door","Bing","Prepositions","for","garage door for sale near me installation","en","us","0","-"
3382,"garage door","Bing","Prepositions","for","garage door for sale near me cheap","en","us","0","-"
3383,"garage door","Bing","Prepositions","for","garage door for florida","en","us","0","-"
3384,"garage door","Bing","Prepositions","is","garage door is not opening","en","us","1.9K","27.64"
3385,"garage door","Bing","Prepositions","is","garage door is stuck","en","us","590","26.76"
3386,"garage door","Bing","Prepositions","is","garage door is crooked","en","us","0","-"
3387,"garage door","Bing","Prepositions","is","garage door is noisy","en","us","0","-"
3388,"garage door","Bing","Prepositions","is","garage door is loud","en","us","0","-"
3389,"garage door","Bing","Prepositions","is","garage door is binding","en","us","0","-"
3390,"garage door","Bing","Prepositions","is","garage door is heavy to lift","en","us","0","-"
3391,"garage door","Bing","Prepositions","is","garage door is squeaking","en","us","0","-"
3392,"garage door","Bing","Prepositions","is","garage door is beeping","en","us","0","-"
3393,"garage door","Bing","Prepositions","is","garage door is bent","en","us","0","-"
3394,"garage door","Bing","Prepositions","is","garage door is opening randomly","en","us","0","-"
3395,"garage door","Bing","Prepositions","is","garage door is offline","en","us","0","-"
3396,"garage door","Bing","Prepositions","is","garage door is not level when closed","en","us","0","-"
3397,"garage door","Bing","Prepositions","is","garage door is loud when opening and closing","en","us","0","-"
3398,"garage door","Bing","Prepositions","near","garage door near me","en","us","14.8K","28.45"
3399,"garage door","Bing","Prepositions","near","garage door near me dallas","en","us","40","-"
3400,"garage door","Bing","Prepositions","near","garage door near me prices","en","us","0","-"
3401,"garage door","Bing","Prepositions","near","garage door near me repair","en","us","0","-"
3402,"garage door","Bing","Prepositions","near","garage door near me reviews","en","us","0","-"
3403,"garage door","Bing","Prepositions","near","garage door near me installation","en","us","0","-"
3404,"garage door","Bing","Prepositions","near","garage door near me cost","en","us","0","-"
3405,"garage door","Bing","Prepositions","near","garage door near ceiba puerto rico","en","us","0","-"
3406,"garage door","Bing","Prepositions","near","garage door near greenwood de 19950","en","us","0","-"
3407,"garage door","Bing","Prepositions","to","garage door to window","en","us","12.1K","4.72"
3408,"garage door","Bing","Prepositions","to","garage door to house","en","us","720","1.15"
3409,"garage door","Bing","Prepositions","to","garage door to french door conversion","en","us","0","-"
3410,"garage door","Bing","Prepositions","to","garage door to buy","en","us","0","-"
3411,"garage door","Bing","Prepositions","to","garage door to house fire rated","en","us","0","-"
3412,"garage door","Bing","Prepositions","to","garage door to house requirements","en","us","0","-"
3413,"garage door","Bing","Prepositions","to","garage door to french doors","en","us","0","-"
3414,"garage door","Bing","Prepositions","to","garage door to outside","en","us","0","-"
3415,"garage door","Bing","Prepositions","to","garage door to window conversion ideas","en","us","0","-"
3416,"garage door","Bing","Prepositions","with","garage door with glass","en","us","18.1K","4.73"
3417,"garage door","Bing","Prepositions","with","garage door with windows","en","us","9.9K","1.87"
3418,"garage door","Bing","Prepositions","with","garage door with entry door","en","us","0","-"
3419,"garage door","Bing","Prepositions","with","garage door with man door","en","us","0","-"
3420,"garage door","Bing","Prepositions","with","garage door with pedestrian door","en","us","0","-"
3421,"garage door","Bing","Prepositions","with","garage door with glass panels","en","us","0","-"
3422,"garage door","Bing","Prepositions","with","garage door with walk through door","en","us","0","-"
3423,"garage door","Bing","Prepositions","with","garage door with door built in","en","us","0","-"
3424,"garage door","Bing","Prepositions","with","garage door with windows on top","en","us","0","-"
3425,"garage door","Bing","Prepositions","with","garage door with man door built in","en","us","0","-"
3426,"garage door","Bing","Prepositions","with","garage door with pedestrian door built in","en","us","0","-"
3427,"garage door","Bing","Prepositions","with","garage door with door entry near me cost","en","us","0","-"
3428,"garage door","Bing","Prepositions","with","garage door with door entry near me repair","en","us","0","-"
3429,"garage door","Bing","Prepositions","without","opening garage door without power","en","us","1.0K","2.99"
3430,"garage door","Bing","Prepositions","without","garage door without springs","en","us","260","10.49"
3431,"garage door","Bing","Prepositions","without","garage door without tracks","en","us","0","-"
3432,"garage door","Bing","Prepositions","without","garage door without windows","en","us","0","-"
3433,"garage door","Bing","Prepositions","without","garage door without torsion spring","en","us","0","-"
3434,"garage door","Bing","Prepositions","without","garage door without rails","en","us","0","-"
3435,"garage door","Bing","Prepositions","without","will garage door work without sensors","en","us","0","-"
3436,"garage door","Bing","Prepositions","without","garage door without opener","en","us","0","-"
3437,"garage door","Bing","Prepositions","without","garage door without vertical track","en","us","0","-"
3438,"garage door","Bing","Prepositions","without","garage door reverses without obstruction","en","us","0","-"
3439,"garage door","Bing","Questions","are","are garage door openers universal","en","us","260","2.7"
3440,"garage door","Bing","Questions","are","are garage door sensors universal","en","us","140","0.31"
3441,"garage door","Bing","Questions","are","are garage door springs dangerous","en","us","0","-"
3442,"garage door","Bing","Questions","are","are garage door remotes universal","en","us","0","-"
3443,"garage door","Bing","Questions","are","are garage door openers easy to install","en","us","0","-"
3444,"garage door","Bing","Questions","are","are garage door springs universal","en","us","0","-"
3445,"garage door","Bing","Questions","are","are garage door rollers universal","en","us","0","-"
3446,"garage door","Bing","Questions","are","are garage door sensors supposed to be green","en","us","0","-"
3447,"garage door","Bing","Questions","are","are garage door seals universal","en","us","0","-"
3448,"garage door","Bing","Questions","are","are garage door springs color coded","en","us","0","-"
3449,"garage door","Bing","Questions","are","are garage door safety sensors universal","en","us","0","-"
3450,"garage door","Bing","Questions","are","are garage door sensors interchangeable","en","us","0","-"
3451,"garage door","Bing","Questions","are","are garage door keypads safe","en","us","0","-"
3452,"garage door","Bing","Questions","are","are garage door openers secure","en","us","0","-"
3453,"garage door","Bing","Questions","are","are garage door rollers all the same size","en","us","0","-"
3454,"garage door","Bing","Questions","can","can garage door sensors go bad","en","us","170","14.91"
3455,"garage door","Bing","Questions","can","can garage door openers be reprogrammed","en","us","90","0.21"
3456,"garage door","Bing","Questions","can","can garage door panels be replaced","en","us","0","-"
3457,"garage door","Bing","Questions","can","can garage door opener remotes be replaced","en","us","0","-"
3458,"garage door","Bing","Questions","can","can garage door opener disturb a fob","en","us","0","-"
3459,"garage door","Bing","Questions","can","can garage door be opened with broken spring","en","us","0","-"
3460,"garage door","Bing","Questions","can","can garage door sensors be replaced","en","us","0","-"
3461,"garage door","Bing","Questions","can","can garage door remotes be replaced","en","us","0","-"
3462,"garage door","Bing","Questions","how","how to program garage door remote","en","us","18.1K","1.51"
3463,"garage door","Bing","Questions","how","how garage door works","en","us","170","-"
3464,"garage door","Bing","Questions","how","how garage door openers work","en","us","0","-"
3465,"garage door","Bing","Questions","what","what garage door opener do i need","en","us","50","0.76"
3466,"garage door","Bing","Questions","what","what garage door openers work with myq","en","us","30","1.28"
3467,"garage door","Bing","Questions","what","what garage door opener works with alexa","en","us","0","-"
3468,"garage door","Bing","Questions","what","what garage door should i buy","en","us","0","-"
3469,"garage door","Bing","Questions","what","what garage door spring do i have","en","us","0","-"
3470,"garage door","Bing","Questions","what","what garage door style suits my house","en","us","0","-"
3471,"garage door","Bing","Questions","what","what garage door openers are compatible","en","us","0","-"
3472,"garage door","Bing","Questions","what","what garage door openers work with tesla","en","us","0","-"
3473,"garage door","Bing","Questions","when","garage door stops when opening","en","us","390","9.44"
3474,"garage door","Bing","Questions","when","garage door noisy when opening","en","us","140","13.25"
3475,"garage door","Bing","Questions","when","when to replace garage door","en","us","0","-"
3476,"garage door","Bing","Questions","when","garage door squeaks when opening and closing","en","us","0","-"
3477,"garage door","Bing","Questions","when","garage door binding when opening","en","us","0","-"
3478,"garage door","Bing","Questions","when","when to replace garage door opener","en","us","0","-"
3479,"garage door","Bing","Questions","when","when garage door won't close","en","us","0","-"
3480,"garage door","Bing","Questions","when","when to replace garage door rollers","en","us","0","-"
3481,"garage door","Bing","Questions","when","when garage door closes then reopens","en","us","0","-"
3482,"garage door","Bing","Questions","when","when do garage door openers go on sale","en","us","0","-"
3483,"garage door","Bing","Questions","which","which garage door opener is best","en","us","140","2.27"
3484,"garage door","Bing","Questions","which","which garage door is best","en","us","30","11.99"
3485,"garage door","Bing","Questions","which","which garage door opener to buy","en","us","0","-"
3486,"garage door","Bing","Questions","which","which garage door spring to use","en","us","0","-"
3487,"garage door","Bing","Questions","which","which garage door style to choose","en","us","0","-"
3488,"garage door","Bing","Questions","which","which garage door material is best","en","us","0","-"
3489,"garage door","Bing","Questions","which","which garage door insulation to choose","en","us","0","-"
3490,"garage door","Bing","Questions","which","which garage door seal do i need","en","us","0","-"
3491,"garage door","Bing","Questions","who","who makes liftmaster garage door openers","en","us","260","2.27"
3492,"garage door","Bing","Questions","who","who sells garage door openers near me","en","us","0","-"
3493,"garage door","Bing","Questions","why","why garage door won't close","en","us","1.6K","8.8"
3494,"garage door","Bing","Questions","why","why garage door won't open","en","us","880","10.28"
3495,"garage door","Bing","Questions","why","why garage door opener not working","en","us","0","-"
3496,"garage door","Bing","Questions","why","why garage door stops halfway","en","us","0","-"
3497,"garage door","Bing","Questions","why","why garage door light blinking","en","us","0","-"
3498,"garage door","Bing","Questions","why","why garage door only opens a little","en","us","0","-"
3499,"garage door","Bing","Questions","why","why garage door opens randomly","en","us","0","-"
3500,"garage door","Bing","Questions","why","why garage door opened for no reason","en","us","0","-"
3501,"garage door","Bing","Questions","why","why garage door remote not working","en","us","0","-"
3502,"garage door","Bing","Questions","why","why garage door closes halfway then opens","en","us","0","-"
3503,"garage door","Bing","Questions","why","why garage door remote opener stop working","en","us","0","-"
3504,"garage door","Bing","Questions","will","garage door will not open","en","us","3.6K","27.57"
3505,"garage door","Bing","Questions","will","garage door will not close","en","us","590","11.25"
3506,"garage door","Bing","Questions","will","garage door will not close with remote","en","us","0","-"
3507,"garage door","Bing","Questions","will","garage door will not close all the way","en","us","0","-"
3508,"garage door","Bing","Questions","will","garage door will not stay closed","en","us","0","-"
3509,"garage door","Bing","Questions","will","will garage door work without sensors","en","us","0","-"
3510,"garage door","Bing","Questions","will","garage door will not close and light blinks","en","us","0","-"
3511,"garage door","Bing","Questions","will","garage door will not open or close","en","us","0","-"
3512,"garage door","Bing","Questions","will","will garage door opener work without sensors","en","us","0","-"
3513,"garage door","Bing","Questions","will","will garage door work with one spring","en","us","0","-"
3514,"garage door","YouTube","Alphabeticals","a","garage door app","en","us","1.3K","1.61"
3515,"garage door","YouTube","Alphabeticals","a","garage door awning","en","us","880","1.04"
3516,"garage door","YouTube","Alphabeticals","a","garage door adjustment","en","us","0","-"
3517,"garage door","YouTube","Alphabeticals","a","garage door alternatives","en","us","0","-"
3518,"garage door","YouTube","Alphabeticals","a","garage door alarm","en","us","0","-"
3519,"garage door","YouTube","Alphabeticals","a","garage door alarm sensor","en","us","0","-"
3520,"garage door","YouTube","Alphabeticals","a","garage door alignment","en","us","0","-"
3521,"garage door","YouTube","Alphabeticals","a","garage door assembly","en","us","0","-"
3522,"garage door","YouTube","Alphabeticals","a","garage door air seal","en","us","0","-"
3523,"garage door","YouTube","Alphabeticals","a","garage door almost closes then goes back up","en","us","0","-"
3524,"garage door","YouTube","Alphabeticals","a","garage door adjustment do it yourself","en","us","0","-"
3525,"garage door","YouTube","Alphabeticals","a","garage door accident","en","us","0","-"
3526,"garage door","YouTube","Alphabeticals","a","garage door automatically opens after closing","en","us","0","-"
3527,"garage door","YouTube","Alphabeticals","a","garage door arm adjustment","en","us","0","-"
3528,"garage door","YouTube","Alphabeticals","a","garage door arm ripped off","en","us","0","-"
3529,"garage door","YouTube","Alphabeticals","b","garage door bottom seal","en","us","27.1K","0.87"
3530,"garage door","YouTube","Alphabeticals","b","garage door bottom seal replacement","en","us","8.1K","1.65"
3531,"garage door","YouTube","Alphabeticals","b","garage door broken spring","en","us","0","-"
3532,"garage door","YouTube","Alphabeticals","b","garage door belt replacement","en","us","0","-"
3533,"garage door","YouTube","Alphabeticals","b","garage door broken","en","us","0","-"
3534,"garage door","YouTube","Alphabeticals","b","garage door battery replacement","en","us","0","-"
3535,"garage door","YouTube","Alphabeticals","b","garage door bottom seal installation","en","us","0","-"
3536,"garage door","YouTube","Alphabeticals","b","garage door business","en","us","0","-"
3537,"garage door","YouTube","Alphabeticals","b","garage door button not working","en","us","0","-"
3538,"garage door","YouTube","Alphabeticals","b","garage door bottom seal track replacement","en","us","0","-"
3539,"garage door","YouTube","Alphabeticals","b","garage door buddy installation","en","us","0","-"
3540,"garage door","YouTube","Alphabeticals","b","garage door banner installation","en","us","0","-"
3541,"garage door","YouTube","Alphabeticals","b","garage door bottom roller replacement","en","us","0","-"
3542,"garage door","YouTube","Alphabeticals","b","garage door balance adjustment","en","us","0","-"
3543,"garage door","YouTube","Alphabeticals","b","garage door belt adjustment","en","us","0","-"
3544,"garage door","YouTube","Alphabeticals","c","garage door cover","en","us","6.6K","1.02"
3545,"garage door","YouTube","Alphabeticals","c","garage door christmas cover","en","us","5.4K","0.83"
3546,"garage door","YouTube","Alphabeticals","c","garage door cable replacement","en","us","0","-"
3547,"garage door","YouTube","Alphabeticals","c","garage door cable","en","us","0","-"
3548,"garage door","YouTube","Alphabeticals","c","garage door cables came off","en","us","0","-"
3549,"garage door","YouTube","Alphabeticals","c","garage door chain","en","us","0","-"
3550,"garage door","YouTube","Alphabeticals","c","garage door crooked","en","us","0","-"
3551,"garage door","YouTube","Alphabeticals","c","garage door came off track","en","us","0","-"
3552,"garage door","YouTube","Alphabeticals","c","garage door code reset","en","us","0","-"
3553,"garage door","YouTube","Alphabeticals","c","garage door cover installation","en","us","0","-"
3554,"garage door","YouTube","Alphabeticals","c","garage door cable adjustment","en","us","0","-"
3555,"garage door","YouTube","Alphabeticals","c","garage door chain not moving","en","us","0","-"
3556,"garage door","YouTube","Alphabeticals","c","garage door chain moves but door not opening","en","us","0","-"
3557,"garage door","YouTube","Alphabeticals","c","garage door cables keep coming off pulley","en","us","0","-"
3558,"garage door","YouTube","Alphabeticals","c","garage door closes halfway then goes back up","en","us","0","-"
3559,"garage door","YouTube","Alphabeticals","d","garage door doctor","en","us","5.4K","29.21"
3560,"garage door","YouTube","Alphabeticals","d","garage door decoration","en","us","2.9K","1.09"
3561,"garage door","YouTube","Alphabeticals","d","garage door design","en","us","0","-"
3562,"garage door","YouTube","Alphabeticals","d","garage door doesn't open all the way","en","us","0","-"
3563,"garage door","YouTube","Alphabeticals","d","garage door dent repair","en","us","0","-"
3564,"garage door","YouTube","Alphabeticals","d","garage door draft stopper","en","us","0","-"
3565,"garage door","YouTube","Alphabeticals","d","garage door doesn't close all the way","en","us","0","-"
3566,"garage door","YouTube","Alphabeticals","d","garage door doesn't close","en","us","0","-"
3567,"garage door","YouTube","Alphabeticals","d","garage door diy","en","us","0","-"
3568,"garage door","YouTube","Alphabeticals","d","garage door drum replacement","en","us","0","-"
3569,"garage door","YouTube","Alphabeticals","d","garage door doesn't open","en","us","0","-"
3570,"garage door","YouTube","Alphabeticals","d","garage door double spring replacement","en","us","0","-"
3571,"garage door","YouTube","Alphabeticals","d","garage door derailed","en","us","0","-"
3572,"garage door","YouTube","Alphabeticals","d","garage door double spring adjustment","en","us","0","-"
3573,"garage door","YouTube","Alphabeticals","d","garage door drum adjustment","en","us","0","-"
3574,"garage door","YouTube","Alphabeticals","e","garage door extension spring","en","us","3.6K","8.4"
3575,"garage door","YouTube","Alphabeticals","e","garage door emergency release kit","en","us","2.9K","0.81"
3576,"garage door","YouTube","Alphabeticals","e","garage door emergency release","en","us","0","-"
3577,"garage door","YouTube","Alphabeticals","e","garage door extension spring replacement","en","us","0","-"
3578,"garage door","YouTube","Alphabeticals","e","garage door exhaust port","en","us","0","-"
3579,"garage door","YouTube","Alphabeticals","e","garage door emergency release lock","en","us","0","-"
3580,"garage door","YouTube","Alphabeticals","e","garage door edge seal","en","us","0","-"
3581,"garage door","YouTube","Alphabeticals","e","garage door extension spring installation","en","us","0","-"
3582,"garage door","YouTube","Alphabeticals","e","garage door emergency release from outside","en","us","0","-"
3583,"garage door","YouTube","Alphabeticals","e","garage door extension spring cable replacement","en","us","0","-"
3584,"garage door","YouTube","Alphabeticals","e","garage door extension spring adjustment","en","us","0","-"
3585,"garage door","YouTube","Alphabeticals","e","garage door ez-set torsion spring","en","us","0","-"
3586,"garage door","YouTube","Alphabeticals","e","garage door eye alignment","en","us","0","-"
3587,"garage door","YouTube","Alphabeticals","e","garage door error code 4-6","en","us","0","-"
3588,"garage door","YouTube","Alphabeticals","e","garage door error code 4-1","en","us","0","-"
3589,"garage door","YouTube","Alphabeticals","f","garage door fix","en","us","246.0K","51.94"
3590,"garage door","YouTube","Alphabeticals","f","garage door framing","en","us","2.4K","4.73"
3591,"garage door","YouTube","Alphabeticals","f","garage door floor seal","en","us","0","-"
3592,"garage door","YouTube","Alphabeticals","f","garage door fishing rod holder","en","us","0","-"
3593,"garage door","YouTube","Alphabeticals","f","garage door foam insulation","en","us","0","-"
3594,"garage door","YouTube","Alphabeticals","f","garage door flashing","en","us","0","-"
3595,"garage door","YouTube","Alphabeticals","f","garage door frame repair","en","us","0","-"
3596,"garage door","YouTube","Alphabeticals","f","garage door frame replacement","en","us","0","-"
3597,"garage door","YouTube","Alphabeticals","f","garage door frozen shut","en","us","0","-"
3598,"garage door","YouTube","Alphabeticals","f","garage door fails","en","us","0","-"
3599,"garage door","YouTube","Alphabeticals","f","garage door fell off track","en","us","0","-"
3600,"garage door","YouTube","Alphabeticals","f","garage door floor seal installation","en","us","0","-"
3601,"garage door","YouTube","Alphabeticals","f","garage door fishing rod holder diy","en","us","0","-"
3602,"garage door","YouTube","Alphabeticals","f","garage door falling down","en","us","0","-"
3603,"garage door","YouTube","Alphabeticals","f","garage door fails funny","en","us","0","-"
3604,"garage door","YouTube","Alphabeticals","g","garage door genie","en","us","40.5K","4.95"
3605,"garage door","YouTube","Alphabeticals","g","garage door gasket replacement","en","us","8.1K","4.43"
3606,"garage door","YouTube","Alphabeticals","g","garage door green hinge","en","us","0","-"
3607,"garage door","YouTube","Alphabeticals","g","garage door grease","en","us","0","-"
3608,"garage door","YouTube","Alphabeticals","g","garage door glass replacement","en","us","0","-"
3609,"garage door","YouTube","Alphabeticals","g","garage door gap","en","us","0","-"
3610,"garage door","YouTube","Alphabeticals","g","garage door gaps on sides","en","us","0","-"
3611,"garage door","YouTube","Alphabeticals","g","garage door goes up but not down","en","us","0","-"
3612,"garage door","YouTube","Alphabeticals","g","garage door gap at bottom","en","us","0","-"
3613,"garage door","YouTube","Alphabeticals","g","garage door gear replacement","en","us","0","-"
3614,"garage door","YouTube","Alphabeticals","g","garage door gap at top","en","us","0","-"
3615,"garage door","YouTube","Alphabeticals","g","garage door gets stuck going up","en","us","0","-"
3616,"garage door","YouTube","Alphabeticals","g","garage door genius","en","us","0","-"
3617,"garage door","YouTube","Alphabeticals","g","garage door gap on one side","en","us","0","-"
3618,"garage door","YouTube","Alphabeticals","g","garage door goes down and back up","en","us","0","-"
3619,"garage door","YouTube","Alphabeticals","h","garage door halloween cover","en","us","6.6K","0.26"
3620,"garage door","YouTube","Alphabeticals","h","garage door hinges","en","us","6.6K","0.71"
3621,"garage door","YouTube","Alphabeticals","h","garage door hardware","en","us","0","-"
3622,"garage door","YouTube","Alphabeticals","h","garage door handle","en","us","0","-"
3623,"garage door","YouTube","Alphabeticals","h","garage door hinge replacement","en","us","0","-"
3624,"garage door","YouTube","Alphabeticals","h","garage door header","en","us","0","-"
3625,"garage door","YouTube","Alphabeticals","h","garage door handle replacement","en","us","0","-"
3626,"garage door","YouTube","Alphabeticals","h","garage door high lift conversion","en","us","0","-"
3627,"garage door","YouTube","Alphabeticals","h","garage door handle installation","en","us","0","-"
3628,"garage door","YouTube","Alphabeticals","h","garage door height adjustment","en","us","0","-"
3629,"garage door","YouTube","Alphabeticals","h","garage door header replacement","en","us","0","-"
3630,"garage door","YouTube","Alphabeticals","h","garage door has no power","en","us","0","-"
3631,"garage door","YouTube","Alphabeticals","h","garage door hard to open manually","en","us","0","-"
3632,"garage door","YouTube","Alphabeticals","h","garage door hinge screws pulled out","en","us","0","-"
3633,"garage door","YouTube","Alphabeticals","h","garage door hit head","en","us","0","-"
3634,"garage door","YouTube","Alphabeticals","i","garage door insulation","en","us","49.5K","1.51"
3635,"garage door","YouTube","Alphabeticals","i","garage door installation","en","us","49.5K","25.69"
3636,"garage door","YouTube","Alphabeticals","i","garage door insulation kit","en","us","0","-"
3637,"garage door","YouTube","Alphabeticals","i","garage door is not opening","en","us","0","-"
3638,"garage door","YouTube","Alphabeticals","i","garage door is not closing","en","us","0","-"
3639,"garage door","YouTube","Alphabeticals","i","garage door ideas","en","us","0","-"
3640,"garage door","YouTube","Alphabeticals","i","garage door issues","en","us","0","-"
3641,"garage door","YouTube","Alphabeticals","i","garage door insulation diy","en","us","0","-"
3642,"garage door","YouTube","Alphabeticals","i","garage door in minecraft","en","us","0","-"
3643,"garage door","YouTube","Alphabeticals","i","garage door installation kit","en","us","0","-"
3644,"garage door","YouTube","Alphabeticals","i","garage door installer job","en","us","0","-"
3645,"garage door","YouTube","Alphabeticals","i","garage door insulation installation","en","us","0","-"
3646,"garage door","YouTube","Alphabeticals","i","garage door installation diy","en","us","0","-"
3647,"garage door","YouTube","Alphabeticals","i","garage door insulation for winter","en","us","0","-"
3648,"garage door","YouTube","Alphabeticals","i","garage door insulation kit installation","en","us","0","-"
3649,"garage door","YouTube","Alphabeticals","j","garage door jamb","en","us","1.6K","0.43"
3650,"garage door","YouTube","Alphabeticals","j","garage door jammed","en","us","590","33.24"
3651,"garage door","YouTube","Alphabeticals","j","garage door jamb wrap","en","us","0","-"
3652,"garage door","YouTube","Alphabeticals","j","garage door jamb replacement","en","us","0","-"
3653,"garage door","YouTube","Alphabeticals","j","garage door jerks when closing","en","us","0","-"
3654,"garage door","YouTube","Alphabeticals","j","garage door jamb repair","en","us","0","-"
3655,"garage door","YouTube","Alphabeticals","j","garage door jerks when opening","en","us","0","-"
3656,"garage door","YouTube","Alphabeticals","j","garage door j arm","en","us","0","-"
3657,"garage door","YouTube","Alphabeticals","j","garage door jumps when opening","en","us","0","-"
3658,"garage door","YouTube","Alphabeticals","j","garage door jerks when opening and closing","en","us","0","-"
3659,"garage door","YouTube","Alphabeticals","j","garage door jumps when closing","en","us","0","-"
3660,"garage door","YouTube","Alphabeticals","j","garage door just hums","en","us","0","-"
3661,"garage door","YouTube","Alphabeticals","j","garage door jump","en","us","0","-"
3662,"garage door","YouTube","Alphabeticals","j","garage door just clicks won't open","en","us","0","-"
3663,"garage door","YouTube","Alphabeticals","j","garage door joey cold cuts","en","us","0","-"
3664,"garage door","YouTube","Alphabeticals","k","garage door keypad","en","us","8.1K","1.25"
3665,"garage door","YouTube","Alphabeticals","k","garage door keypad programming","en","us","3.6K","1.58"
3666,"garage door","YouTube","Alphabeticals","k","garage door keypad reset","en","us","0","-"
3667,"garage door","YouTube","Alphabeticals","k","garage door keypad not working","en","us","0","-"
3668,"garage door","YouTube","Alphabeticals","k","garage door keypad replacement","en","us","0","-"
3669,"garage door","YouTube","Alphabeticals","k","garage door kit","en","us","0","-"
3670,"garage door","YouTube","Alphabeticals","k","garage door keypad installation","en","us","0","-"
3671,"garage door","YouTube","Alphabeticals","k","garage door keeps going back up","en","us","0","-"
3672,"garage door","YouTube","Alphabeticals","k","garage door keypad battery replacement","en","us","0","-"
3673,"garage door","YouTube","Alphabeticals","k","garage door keeps opening on its own","en","us","0","-"
3674,"garage door","YouTube","Alphabeticals","k","garage door keypad change code","en","us","0","-"
3675,"garage door","YouTube","Alphabeticals","k","garage door keeps opening after closing","en","us","0","-"
3676,"garage door","YouTube","Alphabeticals","k","garage door keyed lock set","en","us","0","-"
3677,"garage door","YouTube","Alphabeticals","k","garage door keeps stopping when closing","en","us","0","-"
3678,"garage door","YouTube","Alphabeticals","k","garage door keeps stopping when opening","en","us","0","-"
3679,"garage door","YouTube","Alphabeticals","l","garage door liftmaster","en","us","90.5K","7.7"
3680,"garage door","YouTube","Alphabeticals","l","garage door lube","en","us","22.2K","0.64"
3681,"garage door","YouTube","Alphabeticals","l","garage door lock","en","us","0","-"
3682,"garage door","YouTube","Alphabeticals","l","garage door lubrication","en","us","0","-"
3683,"garage door","YouTube","Alphabeticals","l","garage door lube 3-in-one","en","us","0","-"
3684,"garage door","YouTube","Alphabeticals","l","garage door lights","en","us","0","-"
3685,"garage door","YouTube","Alphabeticals","l","garage door lock replacement","en","us","0","-"
3686,"garage door","YouTube","Alphabeticals","l","garage door latch","en","us","0","-"
3687,"garage door","YouTube","Alphabeticals","l","garage door light blinking","en","us","0","-"
3688,"garage door","YouTube","Alphabeticals","l","garage door locking mechanism","en","us","0","-"
3689,"garage door","YouTube","Alphabeticals","l","garage door led lights","en","us","0","-"
3690,"garage door","YouTube","Alphabeticals","l","garage door lock installation","en","us","0","-"
3691,"garage door","YouTube","Alphabeticals","l","garage door light stays on","en","us","0","-"
3692,"garage door","YouTube","Alphabeticals","l","garage door lift cable replacement","en","us","0","-"
3693,"garage door","YouTube","Alphabeticals","l","garage door light not working","en","us","0","-"
3694,"garage door","YouTube","Alphabeticals","m","garage door motor","en","us","8.1K","3.12"
3695,"garage door","YouTube","Alphabeticals","m","garage door maintenance","en","us","6.6K","29.69"
3696,"garage door","YouTube","Alphabeticals","m","garage door motor replacement","en","us","0","-"
3697,"garage door","YouTube","Alphabeticals","m","garage door manual open","en","us","0","-"
3698,"garage door","YouTube","Alphabeticals","m","garage door minecraft","en","us","0","-"
3699,"garage door","YouTube","Alphabeticals","m","garage door motor installation","en","us","0","-"
3700,"garage door","YouTube","Alphabeticals","m","garage door manual release","en","us","0","-"
3701,"garage door","YouTube","Alphabeticals","m","garage door metal trim","en","us","0","-"
3702,"garage door","YouTube","Alphabeticals","m","garage door makeover","en","us","0","-"
3703,"garage door","YouTube","Alphabeticals","m","garage door minder","en","us","0","-"
3704,"garage door","YouTube","Alphabeticals","m","garage door motor not working","en","us","0","-"
3705,"garage door","YouTube","Alphabeticals","m","garage door misaligned","en","us","0","-"
3706,"garage door","YouTube","Alphabeticals","m","garage door makes loud noise when opening","en","us","0","-"
3707,"garage door","YouTube","Alphabeticals","m","garage door maintenance tips","en","us","0","-"
3708,"garage door","YouTube","Alphabeticals","m","garage door maintenance lubrication","en","us","0","-"
3709,"garage door","YouTube","Alphabeticals","n","garage door not closing","en","us","1.6K","19.26"
3710,"garage door","YouTube","Alphabeticals","n","garage door not opening","en","us","1.6K","32.65"
3711,"garage door","YouTube","Alphabeticals","n","garage door not closing all the way","en","us","0","-"
3712,"garage door","YouTube","Alphabeticals","n","garage door not opening all the way","en","us","0","-"
3713,"garage door","YouTube","Alphabeticals","n","garage door not opening but motor running","en","us","0","-"
3714,"garage door","YouTube","Alphabeticals","n","garage door noise","en","us","0","-"
3715,"garage door","YouTube","Alphabeticals","n","garage door not opening with remote","en","us","0","-"
3716,"garage door","YouTube","Alphabeticals","n","garage door not closing with remote","en","us","0","-"
3717,"garage door","YouTube","Alphabeticals","n","garage door no power","en","us","0","-"
3718,"garage door","YouTube","Alphabeticals","n","garage door not opening or closing","en","us","0","-"
3719,"garage door","YouTube","Alphabeticals","n","garage door not going all the way down","en","us","0","-"
3720,"garage door","YouTube","Alphabeticals","n","garage door not fully closing","en","us","0","-"
3721,"garage door","YouTube","Alphabeticals","n","garage door not closing evenly","en","us","0","-"
3722,"garage door","YouTube","Alphabeticals","n","garage door not catching chain","en","us","0","-"
3723,"garage door","YouTube","Alphabeticals","n","garage door not closing all the way and goes back up","en","us","0","-"
3724,"garage door","YouTube","Alphabeticals","o","garage door opener","en","us","165.0K","8.42"
3725,"garage door","YouTube","Alphabeticals","o","garage door opener repair","en","us","110.0K","36.87"
3726,"garage door","YouTube","Alphabeticals","o","garage door opener installation","en","us","0","-"
3727,"garage door","YouTube","Alphabeticals","o","garage door opener replacement","en","us","0","-"
3728,"garage door","YouTube","Alphabeticals","o","garage door opener programming","en","us","0","-"
3729,"garage door","YouTube","Alphabeticals","o","garage door opener remote programming","en","us","0","-"
3730,"garage door","YouTube","Alphabeticals","o","garage door opener battery replacement","en","us","0","-"
3731,"garage door","YouTube","Alphabeticals","o","garage door opener not working","en","us","0","-"
3732,"garage door","YouTube","Alphabeticals","o","garage door off track","en","us","0","-"
3733,"garage door","YouTube","Alphabeticals","o","garage door opens by itself","en","us","0","-"
3734,"garage door","YouTube","Alphabeticals","o","garage door opener review","en","us","0","-"
3735,"garage door","YouTube","Alphabeticals","o","garage door only opens a few inches","en","us","0","-"
3736,"garage door","YouTube","Alphabeticals","o","garage door opener troubleshooting","en","us","0","-"
3737,"garage door","YouTube","Alphabeticals","o","garage door opening and closing","en","us","0","-"
3738,"garage door","YouTube","Alphabeticals","o","garage door opening sound effect","en","us","0","-"
3739,"garage door","YouTube","Alphabeticals","p","garage door parts","en","us","14.8K","2.47"
3740,"garage door","YouTube","Alphabeticals","p","garage door panels","en","us","12.1K","5.07"
3741,"garage door","YouTube","Alphabeticals","p","garage door panel replacement","en","us","0","-"
3742,"garage door","YouTube","Alphabeticals","p","garage door painting","en","us","0","-"
3743,"garage door","YouTube","Alphabeticals","p","garage door panel repair","en","us","0","-"
3744,"garage door","YouTube","Alphabeticals","p","garage door problems","en","us","0","-"
3745,"garage door","YouTube","Alphabeticals","p","garage door pulley","en","us","0","-"
3746,"garage door","YouTube","Alphabeticals","p","garage door programming car","en","us","0","-"
3747,"garage door","YouTube","Alphabeticals","p","garage door paint ideas","en","us","0","-"
3748,"garage door","YouTube","Alphabeticals","p","garage door pulley replacement","en","us","0","-"
3749,"garage door","YouTube","Alphabeticals","p","garage door programming","en","us","0","-"
3750,"garage door","YouTube","Alphabeticals","p","garage door pull cord","en","us","0","-"
3751,"garage door","YouTube","Alphabeticals","p","garage door power outage","en","us","0","-"
3752,"garage door","YouTube","Alphabeticals","p","garage door partially opens then stops","en","us","0","-"
3753,"garage door","YouTube","Alphabeticals","p","garage door pulley cable off track","en","us","0","-"
3754,"garage door","YouTube","Alphabeticals","q","garage door opener quiet","en","us","5.4K","1"
3755,"garage door","YouTube","Alphabeticals","q","garage door opener quit working","en","us","2.9K","19.59"
3756,"garage door","YouTube","Alphabeticals","q","garage door quiet rollers","en","us","0","-"
3757,"garage door","YouTube","Alphabeticals","q","garage door quiet","en","us","0","-"
3758,"garage door","YouTube","Alphabeticals","q","garage door quieter","en","us","0","-"
3759,"garage door","YouTube","Alphabeticals","q","quiet garage door hinges","en","us","0","-"
3760,"garage door","YouTube","Alphabeticals","q","make garage door quiet","en","us","0","-"
3761,"garage door","YouTube","Alphabeticals","q","garage door quick release lock","en","us","0","-"
3762,"garage door","YouTube","Alphabeticals","q","garage door quick release","en","us","0","-"
3763,"garage door","YouTube","Alphabeticals","q","garage door hinge quiet roller sleeves","en","us","0","-"
3764,"garage door","YouTube","Alphabeticals","q","garage door opener audi q5","en","us","0","-"
3765,"garage door","YouTube","Alphabeticals","q","q7 garage door programming","en","us","0","-"
3766,"garage door","YouTube","Alphabeticals","q","garage door quick turn top fixture brackets","en","us","0","-"
3767,"garage door","YouTube","Alphabeticals","q","garage door opener audi q7","en","us","0","-"
3768,"garage door","YouTube","Alphabeticals","q","garage door opener audi q3","en","us","0","-"
3769,"garage door","YouTube","Alphabeticals","r","garage door repair","en","us","246.0K","51.67"
3770,"garage door","YouTube","Alphabeticals","r","garage door replacement","en","us","22.2K","23.37"
3771,"garage door","YouTube","Alphabeticals","r","garage door rollers","en","us","0","-"
3772,"garage door","YouTube","Alphabeticals","r","garage door remote programming","en","us","0","-"
3773,"garage door","YouTube","Alphabeticals","r","garage door remote","en","us","0","-"
3774,"garage door","YouTube","Alphabeticals","r","garage door roller replacement","en","us","0","-"
3775,"garage door","YouTube","Alphabeticals","r","garage door reinforcement bracket","en","us","0","-"
3776,"garage door","YouTube","Alphabeticals","r","garage door rodent guard","en","us","0","-"
3777,"garage door","YouTube","Alphabeticals","r","garage door rollers off track","en","us","0","-"
3778,"garage door","YouTube","Alphabeticals","r","garage door reset","en","us","0","-"
3779,"garage door","YouTube","Alphabeticals","r","garage door removal","en","us","0","-"
3780,"garage door","YouTube","Alphabeticals","r","garage door release latch","en","us","0","-"
3781,"garage door","YouTube","Alphabeticals","r","garage door repair business","en","us","0","-"
3782,"garage door","YouTube","Alphabeticals","r","garage door remote programming liftmaster","en","us","0","-"
3783,"garage door","YouTube","Alphabeticals","r","garage door remote not working","en","us","0","-"
3784,"garage door","YouTube","Alphabeticals","s","garage door spring","en","us","40.5K","8.25"
3785,"garage door","YouTube","Alphabeticals","s","garage door spring replacement","en","us","27.1K","30.37"
3786,"garage door","YouTube","Alphabeticals","s","garage door seal","en","us","0","-"
3787,"garage door","YouTube","Alphabeticals","s","garage door screen","en","us","0","-"
3788,"garage door","YouTube","Alphabeticals","s","garage door spring repair","en","us","0","-"
3789,"garage door","YouTube","Alphabeticals","s","garage door sensor alignment","en","us","0","-"
3790,"garage door","YouTube","Alphabeticals","s","garage door sensor","en","us","0","-"
3791,"garage door","YouTube","Alphabeticals","s","garage door spring broken","en","us","0","-"
3792,"garage door","YouTube","Alphabeticals","s","garage door side seal","en","us","0","-"
3793,"garage door","YouTube","Alphabeticals","s","garage door spring installation","en","us","0","-"
3794,"garage door","YouTube","Alphabeticals","s","garage door sensor replacement","en","us","0","-"
3795,"garage door","YouTube","Alphabeticals","s","garage door seal installation","en","us","0","-"
3796,"garage door","YouTube","Alphabeticals","s","garage door spring adjustment","en","us","0","-"
3797,"garage door","YouTube","Alphabeticals","s","garage door spring accident","en","us","0","-"
3798,"garage door","YouTube","Alphabeticals","s","garage door sensor no light","en","us","0","-"
3799,"garage door","YouTube","Alphabeticals","t","garage door technician","en","us","22.2K","59.84"
3800,"garage door","YouTube","Alphabeticals","t","garage door torsion spring","en","us","18.1K","7.53"
3801,"garage door","YouTube","Alphabeticals","t","garage door torsion spring replacement","en","us","0","-"
3802,"garage door","YouTube","Alphabeticals","t","garage door trim","en","us","0","-"
3803,"garage door","YouTube","Alphabeticals","t","garage door threshold seal","en","us","0","-"
3804,"garage door","YouTube","Alphabeticals","t","garage door tune up","en","us","0","-"
3805,"garage door","YouTube","Alphabeticals","t","garage door troubleshooting","en","us","0","-"
3806,"garage door","YouTube","Alphabeticals","t","garage door top seal","en","us","0","-"
3807,"garage door","YouTube","Alphabeticals","t","garage door track installation","en","us","0","-"
3808,"garage door","YouTube","Alphabeticals","t","garage door trim replacement","en","us","0","-"
3809,"garage door","YouTube","Alphabeticals","t","garage door torsion spring installation","en","us","0","-"
3810,"garage door","YouTube","Alphabeticals","t","garage door tension spring replacement","en","us","0","-"
3811,"garage door","YouTube","Alphabeticals","t","garage door track alignment","en","us","0","-"
3812,"garage door","YouTube","Alphabeticals","t","garage door torsion spring adjustment","en","us","0","-"
3813,"garage door","YouTube","Alphabeticals","t","garage door training school","en","us","0","-"
3814,"garage door","YouTube","Alphabeticals","u","garage door under seal","en","us","27.1K","1.46"
3815,"garage door","YouTube","Alphabeticals","u","garage door universal remote","en","us","18.1K","0.38"
3816,"garage door","YouTube","Alphabeticals","u","garage door upgrade","en","us","0","-"
3817,"garage door","YouTube","Alphabeticals","u","garage door update","en","us","0","-"
3818,"garage door","YouTube","Alphabeticals","u","garage door universal remote programming","en","us","0","-"
3819,"garage door","YouTube","Alphabeticals","u","garage door uneven","en","us","0","-"
3820,"garage door","YouTube","Alphabeticals","u","garage door uneven when closed","en","us","0","-"
3821,"garage door","YouTube","Alphabeticals","u","garage door uneven floor","en","us","0","-"
3822,"garage door","YouTube","Alphabeticals","u","garage door unbalanced","en","us","0","-"
3823,"garage door","YouTube","Alphabeticals","u","garage door unlock","en","us","0","-"
3824,"garage door","YouTube","Alphabeticals","u","garage door uneven at bottom","en","us","0","-"
3825,"garage door","YouTube","Alphabeticals","u","garage door upgrade ideas","en","us","0","-"
3826,"garage door","YouTube","Alphabeticals","u","garage door up and down","en","us","0","-"
3827,"garage door","YouTube","Alphabeticals","u","garage door unhooked","en","us","0","-"
3828,"garage door","YouTube","Alphabeticals","u","garage door unlatched","en","us","0","-"
3829,"garage door","YouTube","Alphabeticals","v","garage door vent","en","us","1.9K","0.97"
3830,"garage door","YouTube","Alphabeticals","v","garage door ventilation","en","us","1.9K","0.97"
3831,"garage door","YouTube","Alphabeticals","v","garage door vertical track replacement","en","us","0","-"
3832,"garage door","YouTube","Alphabeticals","v","garage door vinyl wrap","en","us","0","-"
3833,"garage door","YouTube","Alphabeticals","v","garage door vent kit","en","us","0","-"
3834,"garage door","YouTube","Alphabeticals","v","garage door videos","en","us","0","-"
3835,"garage door","YouTube","Alphabeticals","v","garage door video keypad","en","us","0","-"
3836,"garage door","YouTube","Alphabeticals","v","garage door vibration isolator","en","us","0","-"
3837,"garage door","YouTube","Alphabeticals","v","garage door very noisy","en","us","0","-"
3838,"garage door","YouTube","Alphabeticals","v","garage door van","en","us","0","-"
3839,"garage door","YouTube","Alphabeticals","v","garage door vs armored double door rust","en","us","0","-"
3840,"garage door","YouTube","Alphabeticals","v","garage door vertical track installation","en","us","0","-"
3841,"garage door","YouTube","Alphabeticals","v","garage door vent install","en","us","0","-"
3842,"garage door","YouTube","Alphabeticals","v","garage door vertical track adjustment","en","us","0","-"
3843,"garage door","YouTube","Alphabeticals","v","garage door vine","en","us","0","-"
3844,"garage door","YouTube","Alphabeticals","w","garage door weather stripping","en","us","27.1K","1.14"
3845,"garage door","YouTube","Alphabeticals","w","garage door window inserts","en","us","4.4K","1.27"
3846,"garage door","YouTube","Alphabeticals","w","garage door won't open","en","us","0","-"
3847,"garage door","YouTube","Alphabeticals","w","garage door won't close","en","us","0","-"
3848,"garage door","YouTube","Alphabeticals","w","garage door weather stripping installation","en","us","0","-"
3849,"garage door","YouTube","Alphabeticals","w","garage door weather stripping replacement","en","us","0","-"
3850,"garage door","YouTube","Alphabeticals","w","garage door won't open all the way","en","us","0","-"
3851,"garage door","YouTube","Alphabeticals","w","garage door won't close all the way","en","us","0","-"
3852,"garage door","YouTube","Alphabeticals","w","garage door wheel replacement","en","us","0","-"
3853,"garage door","YouTube","Alphabeticals","w","garage door won't stay closed","en","us","0","-"
3854,"garage door","YouTube","Alphabeticals","w","garage door wheel off track","en","us","0","-"
3855,"garage door","YouTube","Alphabeticals","w","garage door will not close","en","us","0","-"
3856,"garage door","YouTube","Alphabeticals","w","garage door won't open manually","en","us","0","-"
3857,"garage door","YouTube","Alphabeticals","w","garage door won't open or close","en","us","0","-"
3858,"garage door","YouTube","Alphabeticals","w","garage door won't close with remote","en","us","0","-"
3859,"garage door","YouTube","Alphabeticals","x","garage door xmas decor","en","us","5.4K","0.69"
3860,"garage door","YouTube","Alphabeticals","x","garage door xmas lights","en","us","590","0.67"
3861,"garage door","YouTube","Alphabeticals","x","xcluder garage door rodent shield","en","us","0","-"
3862,"garage door","YouTube","Alphabeticals","x","garage door xmas cover","en","us","0","-"
3863,"garage door","YouTube","Alphabeticals","x","xtreme garage door","en","us","0","-"
3864,"garage door","YouTube","Alphabeticals","x","garage door opener bmw x5","en","us","0","-"
3865,"garage door","YouTube","Alphabeticals","x","garage door opener volvo xc90","en","us","0","-"
3866,"garage door","YouTube","Alphabeticals","x","xike garage door rollers","en","us","0","-"
3867,"garage door","YouTube","Alphabeticals","x","garage door xmas banner","en","us","0","-"
3868,"garage door","YouTube","Alphabeticals","x","xcluder garage door","en","us","0","-"
3869,"garage door","YouTube","Alphabeticals","x","mag mesh garage door xl","en","us","0","-"
3870,"garage door","YouTube","Alphabeticals","x","x8r garage door seal","en","us","0","-"
3871,"garage door","YouTube","Alphabeticals","x","garage door xmas cover installation","en","us","0","-"
3872,"garage door","YouTube","Alphabeticals","x","garage door bmw x5","en","us","0","-"
3873,"garage door","YouTube","Alphabeticals","y","garage door yellow sensor light","en","us","1.3K","15.19"
3874,"garage door","YouTube","Alphabeticals","y","yolink garage door sensor","en","us","140","0.33"
3875,"garage door","YouTube","Alphabeticals","y","garage door adjustment do it yourself","en","us","0","-"
3876,"garage door","YouTube","Alphabeticals","y","garage door yellow light","en","us","0","-"
3877,"garage door","YouTube","Alphabeticals","y","garage door opener flashing yellow","en","us","0","-"
3878,"garage door","YouTube","Alphabeticals","y","liftmaster garage door yellow light blinking","en","us","0","-"
3879,"garage door","YouTube","Alphabeticals","y","chamberlain garage door yellow light blinking","en","us","0","-"
3880,"garage door","YouTube","Alphabeticals","y","liftmaster garage door flashing yellow light","en","us","0","-"
3881,"garage door","YouTube","Alphabeticals","y","garage door yellow light blinking","en","us","0","-"
3882,"garage door","YouTube","Alphabeticals","y","garage door fix it yourself","en","us","0","-"
3883,"garage door","YouTube","Alphabeticals","y","garage door tesla model y","en","us","0","-"
3884,"garage door","YouTube","Alphabeticals","y","garage door build your own","en","us","0","-"
3885,"garage door","YouTube","Alphabeticals","y","garage door flashing yellow light","en","us","0","-"
3886,"garage door","YouTube","Alphabeticals","y","garage door motor blinking yellow","en","us","0","-"
3887,"garage door","YouTube","Alphabeticals","z","garage door zone","en","us","90","0.32"
3888,"garage door","YouTube","Alphabeticals","z","garage door project zomboid","en","us","30","-"
3889,"garage door","YouTube","Alphabeticals","z","zigbee garage door","en","us","0","-"
3890,"garage door","YouTube","Alphabeticals","z","garage door flipper zero","en","us","0","-"
3891,"garage door","YouTube","Alphabeticals","z","secure garage door with zip tie","en","us","0","-"
3892,"garage door","YouTube","Alphabeticals","z","zimi garage door","en","us","0","-"
3893,"garage door","YouTube","Comparisons","like","garage door look like wood","en","us","390","4.09"
3894,"garage door","YouTube","Comparisons","like","garage door painted like wood","en","us","90","2.76"
3895,"garage door","YouTube","Comparisons","or","garage door won't open or close","en","us","170","28"
3896,"garage door","YouTube","Comparisons","vs","garage door belt vs chain","en","us","2.4K","5.15"
3897,"garage door","YouTube","Comparisons","vs","garage door chain vs belt drive","en","us","1.0K","2.49"
3898,"garage door","YouTube","Comparisons","vs","genie garage door opener vs chamberlain","en","us","0","-"
3899,"garage door","YouTube","Comparisons","vs","garage door insulated vs uninsulated","en","us","0","-"
3900,"garage door","YouTube","Comparisons","vs","garage door torsion vs extension springs","en","us","0","-"
3901,"garage door","YouTube","Comparisons","vs","garage door rollers nylon vs steel","en","us","0","-"
3902,"garage door","YouTube","Comparisons","vs","roll up garage door vs regular","en","us","0","-"
3903,"garage door","YouTube","Comparisons","vs","garage door lube vs white lithium","en","us","0","-"
3904,"garage door","YouTube","Comparisons","vs","garage door vs armored double door rust","en","us","0","-"
3905,"garage door","YouTube","Comparisons","vs","roller garage door vs sectional","en","us","0","-"
3906,"garage door","YouTube","Numbers","0","chamberlain garage door opener 045act","en","us","90","1.02"
3907,"garage door","YouTube","Numbers","1","garage door craftsman 1/2 hp","en","us","320","2.21"
3908,"garage door","YouTube","Numbers","1","garage door blinks 10 times","en","us","170","13.85"
3909,"garage door","YouTube","Numbers","1","garage door flashes 10 times","en","us","0","-"
3910,"garage door","YouTube","Numbers","1","garage door opener ram 1500","en","us","0","-"
3911,"garage door","YouTube","Numbers","1","garage door 101","en","us","0","-"
3912,"garage door","YouTube","Numbers","1","garage door guy 13","en","us","0","-"
3913,"garage door","YouTube","Numbers","1","garage door error code 1-5","en","us","0","-"
3914,"garage door","YouTube","Numbers","2","garage door opener reviews 2025","en","us","90","3.9"
3915,"garage door","YouTube","Numbers","2","garage door 2025","en","us","50","0.1"
3916,"garage door","YouTube","Numbers","2","rav4 garage door opener 2024","en","us","0","-"
3917,"garage door","YouTube","Numbers","2","garage door blinks 2 times","en","us","0","-"
3918,"garage door","YouTube","Numbers","2","garage door lumber tycoon 2","en","us","0","-"
3919,"garage door","YouTube","Numbers","2","program garage door opener 2025 silverado","en","us","0","-"
3920,"garage door","YouTube","Numbers","2","guardian garage door opener 21230l","en","us","0","-"
3921,"garage door","YouTube","Numbers","2","garage door 2 spring replacement","en","us","0","-"
3922,"garage door","YouTube","Numbers","2","fallout 76 garage door 2 switches","en","us","0","-"
3923,"garage door","YouTube","Numbers","2","garage door minder ver 2","en","us","0","-"
3924,"garage door","YouTube","Numbers","2","garage door refinery caves 2","en","us","0","-"
3925,"garage door","YouTube","Numbers","3","garage door lube 3-in-one","en","us","2.9K","0.54"
3926,"garage door","YouTube","Numbers","3","craftsman garage door opener 315","en","us","720","2.94"
3927,"garage door","YouTube","Numbers","3","genie garage door opener 3024","en","us","0","-"
3928,"garage door","YouTube","Numbers","3","3009 garage door insulation kit","en","us","0","-"
3929,"garage door","YouTube","Numbers","3","garage door opener tesla model 3","en","us","0","-"
3930,"garage door","YouTube","Numbers","3","3d garage door","en","us","0","-"
3931,"garage door","YouTube","Numbers","3","garage door flashes 3 times","en","us","0","-"
3932,"garage door","YouTube","Numbers","3","garage door opener mercedes glc 300","en","us","0","-"
3933,"garage door","YouTube","Numbers","3","garage door 303","en","us","0","-"
3934,"garage door","YouTube","Numbers","3","garage door lexus rx 350","en","us","0","-"
3935,"garage door","YouTube","Numbers","3","genie garage door opener 3155d installation","en","us","0","-"
3936,"garage door","YouTube","Numbers","3","genie garage door opener 3053 troubleshooting","en","us","0","-"
3937,"garage door","YouTube","Numbers","4","garage door sims 4","en","us","880","-"
3938,"garage door","YouTube","Numbers","4","linear garage door 4 flashes","en","us","20","14.32"
3939,"garage door","YouTube","Numbers","4","garage door fallout 4","en","us","0","-"
3940,"garage door","YouTube","Numbers","4","garage door blinks 4 times","en","us","0","-"
3941,"garage door","YouTube","Numbers","4","garage door sims 4 base game","en","us","0","-"
3942,"garage door","YouTube","Numbers","4","program garage door 4runner","en","us","0","-"
3943,"garage door","YouTube","Numbers","4","garage door error code 4-6","en","us","0","-"
3944,"garage door","YouTube","Numbers","4","garage door error code 4-1","en","us","0","-"
3945,"garage door","YouTube","Numbers","4","garage door error code 4-2","en","us","0","-"
3946,"garage door","YouTube","Numbers","5","garage door opener mazda cx 5","en","us","170","-"
3947,"garage door","YouTube","Numbers","5","garage door blinks 5 times","en","us","30","18.93"
3948,"garage door","YouTube","Numbers","5","garage door opener flashes 5 times","en","us","0","-"
3949,"garage door","YouTube","Numbers","5","garage door opener blinks 5 times","en","us","0","-"
3950,"garage door","YouTube","Numbers","5","chamberlain garage door opener 5 flashes","en","us","0","-"
3951,"garage door","YouTube","Numbers","5","chamberlain garage door blinks 5 times","en","us","0","-"
3952,"garage door","YouTube","Numbers","5","5x6 garage door installation","en","us","0","-"
3953,"garage door","YouTube","Numbers","5","craftsman garage door blinks 5 times","en","us","0","-"
3954,"garage door","YouTube","Numbers","5","liftmaster garage door blinking 5 times","en","us","0","-"
3955,"garage door","YouTube","Numbers","5","garage door guy 59","en","us","0","-"
3956,"garage door","YouTube","Numbers","5","garage door guy 58","en","us","0","-"
3957,"garage door","YouTube","Numbers","5","5 garage door upgrades","en","us","0","-"
3958,"garage door","YouTube","Numbers","6","6x7 garage door","en","us","590","1.48"
3959,"garage door","YouTube","Numbers","6","haas garage door 600 series reviews","en","us","20","-"
3960,"garage door","YouTube","Numbers","6","garage door guy 67","en","us","0","-"
3961,"garage door","YouTube","Numbers","7","genie garage door opener 7055","en","us","390","1.06"
3962,"garage door","YouTube","Numbers","7","garage door fallout 76","en","us","70","-"
3963,"garage door","YouTube","Numbers","7","genie garage door opener 7055d","en","us","0","-"
3964,"garage door","YouTube","Numbers","7","genie garage door opener 7155","en","us","0","-"
3965,"garage door","YouTube","Numbers","7","garage door 7 days to die","en","us","0","-"
3966,"garage door","YouTube","Numbers","7","genie garage door opener 7055 troubleshooting","en","us","0","-"
3967,"garage door","YouTube","Numbers","7","linear garage door 7 flashes","en","us","0","-"
3968,"garage door","YouTube","Numbers","7","genie garage door opener 7055 programming","en","us","0","-"
3969,"garage door","YouTube","Numbers","7","7x9 garage door installation","en","us","0","-"
3970,"garage door","YouTube","Numbers","7","open garage door fallout 76","en","us","0","-"
3971,"garage door","YouTube","Numbers","7","garage door opener genie model 7055","en","us","0","-"
3972,"garage door","YouTube","Numbers","8","8x10 garage door","en","us","2.9K","2.04"
3973,"garage door","YouTube","Numbers","8","8x8 garage door","en","us","1.6K","1.25"
3974,"garage door","YouTube","Numbers","8","8x7 garage door rough opening","en","us","0","-"
3975,"garage door","YouTube","Numbers","8","8x7 garage door installation","en","us","0","-"
3976,"garage door","YouTube","Numbers","8","liftmaster garage door opener 87504","en","us","0","-"
3977,"garage door","YouTube","Numbers","8","overhead garage door legacy 850","en","us","0","-"
3978,"garage door","YouTube","Numbers","8","garage door opener pax-11 800","en","us","0","-"
3979,"garage door","YouTube","Numbers","8","liftmaster garage door opener 8365","en","us","0","-"
3980,"garage door","YouTube","Numbers","8","liftmaster garage door opener 84505r","en","us","0","-"
3981,"garage door","YouTube","Numbers","8","liftmaster garage door opener 8500 troubleshooting","en","us","0","-"
3982,"garage door","YouTube","Numbers","8","garage door guy 89","en","us","0","-"
3983,"garage door","YouTube","Numbers","8","garage door man 82","en","us","0","-"
3984,"garage door","YouTube","Numbers","8","garage door liftmaster 8365","en","us","0","-"
3985,"garage door","YouTube","Numbers","9","9x7 garage door","en","us","2.9K","1.6"
3986,"garage door","YouTube","Numbers","9","9x8 garage door","en","us","1.6K","1.36"
3987,"garage door","YouTube","Numbers","9","9x9 garage door","en","us","0","-"
3988,"garage door","YouTube","Numbers","9","9 ft garage door","en","us","0","-"
3989,"garage door","YouTube","Numbers","9","9x7 garage door rough opening","en","us","0","-"
3990,"garage door","YouTube","Numbers","9","chamberlain garage door opener 953estd","en","us","0","-"
3991,"garage door","YouTube","Numbers","9","9x7 garage door replacement","en","us","0","-"
3992,"garage door","YouTube","Numbers","9","9x7 garage door installation","en","us","0","-"
3993,"garage door","YouTube","Numbers","9","wayne dalton garage door 9100 installation","en","us","0","-"
3994,"garage door","YouTube","Prepositions","can","garage door can open but not close","en","us","0","-"
3995,"garage door","YouTube","Prepositions","for","garage door for sale","en","us","12.1K","7.13"
3996,"garage door","YouTube","Prepositions","for","garage door for shed","en","us","2.9K","0.72"
3997,"garage door","YouTube","Prepositions","for","garage door covers for christmas","en","us","0","-"
3998,"garage door","YouTube","Prepositions","for","garage door for carport","en","us","0","-"
3999,"garage door","YouTube","Prepositions","for","garage door insulation for winter","en","us","0","-"
4000,"garage door","YouTube","Prepositions","for","program garage door opener for mercedes","en","us","0","-"
4001,"garage door","YouTube","Prepositions","for","programming garage door opener for liftmaster","en","us","0","-"
4002,"garage door","YouTube","Prepositions","is","garage door is not closing","en","us","1.9K","24.37"
4003,"garage door","YouTube","Prepositions","is","garage door is not opening","en","us","1.9K","27.64"
4004,"garage door","YouTube","Prepositions","is","garage door is off track","en","us","0","-"
4005,"garage door","YouTube","Prepositions","is","garage door is not closing all the way","en","us","0","-"
4006,"garage door","YouTube","Prepositions","is","garage door is not opening all the way","en","us","0","-"
4007,"garage door","YouTube","Prepositions","is","garage door is stuck","en","us","0","-"
4008,"garage door","YouTube","Prepositions","is","garage door is not working","en","us","0","-"
4009,"garage door","YouTube","Prepositions","is","garage door is crooked","en","us","0","-"
4010,"garage door","YouTube","Prepositions","is","garage door is stuck open","en","us","0","-"
4011,"garage door","YouTube","Prepositions","is","garage door is uneven","en","us","0","-"
4012,"garage door","YouTube","Prepositions","is","garage door is stuck halfway","en","us","0","-"
4013,"garage door","YouTube","Prepositions","is","garage door is heavy to lift","en","us","0","-"
4014,"garage door","YouTube","Prepositions","is","garage door is loud when opening","en","us","0","-"
4015,"garage door","YouTube","Prepositions","is","garage door is crooked how to adjust","en","us","0","-"
4016,"garage door","YouTube","Prepositions","is","garage door is uneven when closed","en","us","0","-"
4017,"garage door","YouTube","Prepositions","near","garage door repair near me","en","us","165.0K","46.96"
4018,"garage door","YouTube","Prepositions","to","garage door to french door conversion","en","us","390","6.01"
4019,"garage door","YouTube","Prepositions","to","garage door to wall conversion","en","us","210","0.18"
4020,"garage door","YouTube","Prepositions","to","garage door to window conversion","en","us","0","-"
4021,"garage door","YouTube","Prepositions","to","garage door to french door","en","us","0","-"
4022,"garage door","YouTube","Prepositions","to","garage door to sliding glass door","en","us","0","-"
4023,"garage door","YouTube","Prepositions","to","garage door to wall","en","us","0","-"
4024,"garage door","YouTube","Prepositions","to","garage door to car","en","us","0","-"
4025,"garage door","YouTube","Prepositions","with","garage door with door","en","us","201.0K","13.74"
4026,"garage door","YouTube","Prepositions","with","garage door with insulation","en","us","49.5K","1.86"
4027,"garage door","YouTube","Prepositions","with","garage door with screen","en","us","0","-"
4028,"garage door","YouTube","Prepositions","with","garage door with windows","en","us","0","-"
4029,"garage door","YouTube","Prepositions","with","garage door with entry door","en","us","0","-"
4030,"garage door","YouTube","Prepositions","with","garage door with pedestrian door","en","us","0","-"
4031,"garage door","YouTube","Prepositions","with","garage door with side springs","en","us","0","-"
4032,"garage door","YouTube","Prepositions","with","garage door with man door built in","en","us","0","-"
4033,"garage door","YouTube","Prepositions","with","garage door with camera","en","us","0","-"
4034,"garage door","YouTube","Prepositions","with","garage door with no springs","en","us","0","-"
4035,"garage door","YouTube","Prepositions","with","garage door with extension springs","en","us","0","-"
4036,"garage door","YouTube","Prepositions","with","garage door with side motor","en","us","0","-"
4037,"garage door","YouTube","Prepositions","with","garage door with two springs","en","us","0","-"
4038,"garage door","YouTube","Prepositions","with","garage door with window insulation","en","us","0","-"
4039,"garage door","YouTube","Prepositions","with","garage door with car","en","us","0","-"
4040,"garage door","YouTube","Prepositions","without","garage door without tracks","en","us","260","3.37"
4041,"garage door","YouTube","Prepositions","without","garage door without springs","en","us","260","10.49"
4042,"garage door","YouTube","Prepositions","without","garage door without torsion spring","en","us","0","-"
4043,"garage door","YouTube","Prepositions","without","garage door without power","en","us","0","-"
4044,"garage door","YouTube","Questions","can","can garage door sensors go bad","en","us","170","14.91"
4045,"garage door","YouTube","Questions","can","can you open a garage door from the outside","en","us","140","-"
4046,"garage door","YouTube","Questions","can","how can garage door springs kill you","en","us","0","-"
4047,"garage door","YouTube","Questions","can","soda can garage door","en","us","0","-"
4048,"garage door","YouTube","Questions","can","spray can garage door","en","us","0","-"
4049,"garage door","YouTube","Questions","can","turbo can garage door","en","us","0","-"
4050,"garage door","YouTube","Questions","how","how lubricate garage door","en","us","4.4K","0.69"
4051,"garage door","YouTube","Questions","how","how replace garage door spring","en","us","4.4K","10.38"
4052,"garage door","YouTube","Questions","how","how install garage door","en","us","0","-"
4053,"garage door","YouTube","Questions","how","how fix garage door","en","us","0","-"
4054,"garage door","YouTube","Questions","how","how change garage door code","en","us","0","-"
4055,"garage door","YouTube","Questions","how","how garage door works","en","us","0","-"
4056,"garage door","YouTube","Questions","how","how garage door opener works","en","us","0","-"
4057,"garage door","YouTube","Questions","how","how garage door remote works","en","us","0","-"
4058,"garage door","YouTube","Questions","how","how garage door spring works","en","us","0","-"
4059,"garage door","YouTube","Questions","how","how garage door sensors work","en","us","0","-"
4060,"garage door","YouTube","Questions","how","how fix garage door cable","en","us","0","-"
4061,"garage door","YouTube","Questions","how","how garage door opens","en","us","0","-"
4062,"garage door","YouTube","Questions","how","how garage door works animation","en","us","0","-"
4063,"garage door","YouTube","Questions","how","how garage door chain works","en","us","0","-"
4064,"garage door","YouTube","Questions","how","how replace garage door rollers","en","us","0","-"
4065,"garage door","YouTube","Questions","what","what garage door spring do i need","en","us","70","1.11"
4066,"garage door","YouTube","Questions","what","what garage door opener do i need","en","us","50","0.76"
4067,"garage door","YouTube","Questions","what","what to grease on garage door","en","us","0","-"
4068,"garage door","YouTube","Questions","when","when to replace garage door","en","us","90","8.66"
4069,"garage door","YouTube","Questions","when","when to replace garage door springs","en","us","50","1.2"
4070,"garage door","YouTube","Questions","when","when garage door won't close","en","us","0","-"
4071,"garage door","YouTube","Questions","when","when to replace garage door rollers","en","us","0","-"
4072,"garage door","YouTube","Questions","when","when garage door closes then reopens","en","us","0","-"
4073,"garage door","YouTube","Questions","when","when garage door opener doesn't work","en","us","0","-"
4074,"garage door","YouTube","Questions","when","when garage door won't open","en","us","0","-"
4075,"garage door","YouTube","Questions","where","where to lubricate garage door","en","us","590","7.24"
4076,"garage door","YouTube","Questions","where","where to spray garage door lubricant","en","us","260","0.9"
4077,"garage door","YouTube","Questions","where","where to apply garage door lubricant","en","us","0","-"
4078,"garage door","YouTube","Questions","which","which garage door opener is best","en","us","140","2.27"
4079,"garage door","YouTube","Questions","which","which garage door insulation works best","en","us","0","-"
4080,"garage door","YouTube","Questions","why","why garage door opens by itself","en","us","1.0K","3.49"
4081,"garage door","YouTube","Questions","why","why garage door not closing","en","us","210","22.91"
4082,"garage door","YouTube","Questions","why","why garage door opener not working","en","us","0","-"
4083,"garage door","YouTube","Questions","why","why garage door won't open all the way","en","us","0","-"
4084,"garage door","YouTube","Questions","why","why garage door won't close all the way","en","us","0","-"
4085,"garage door","YouTube","Questions","why","why garage door closes then opens","en","us","0","-"
4086,"garage door","YouTube","Questions","why","why garage door doesn't close","en","us","0","-"
4087,"garage door","YouTube","Questions","why","why garage door spring break","en","us","0","-"
4088,"garage door","YouTube","Questions","why","why garage door stops halfway","en","us","0","-"
4089,"garage door","YouTube","Questions","why","why garage door light blinking","en","us","0","-"
4090,"garage door","YouTube","Questions","why","why garage door doesn't open","en","us","0","-"
4091,"garage door","YouTube","Questions","why","why garage door keypad not working","en","us","0","-"
4092,"garage door","YouTube","Questions","why","why garage door remote not working","en","us","0","-"
4093,"garage door","YouTube","Questions","why","why garage door makes noise when it's open","en","us","0","-"
4094,"garage door","YouTube","Questions","why","why garage door chain not moving","en","us","0","-"
4095,"garage door","YouTube","Questions","will","garage door will not open","en","us","3.6K","27.57"
4096,"garage door","YouTube","Questions","will","garage door will not open all the way","en","us","720","22.37"
4097,"garage door","YouTube","Questions","will","garage door will not close","en","us","0","-"
4098,"garage door","YouTube","Questions","will","garage door will not close all the way","en","us","0","-"
4099,"garage door","YouTube","Questions","will","garage door will not stay closed","en","us","0","-"
4100,"garage door","YouTube","Questions","will","garage door will not close and light blinks","en","us","0","-"
4101,"garage door","YouTube","Questions","will","garage door will not open manually","en","us","0","-"
4102,"garage door","YouTube","Questions","will","garage door will not close completely","en","us","0","-"
4103,"garage door","TikTok","Alphabeticals","a","garage door accessories","en","us","1.3K","1.27"
4104,"garage door","TikTok","Alphabeticals","a","garage door accents","en","us","880","2.34"
4105,"garage door","TikTok","Alphabeticals","a","garage door adjustment","en","us","0","-"
4106,"garage door","TikTok","Alphabeticals","a","garage door arch","en","us","0","-"
4107,"garage door","TikTok","Alphabeticals","a","garage door alarm","en","us","0","-"
4108,"garage door","TikTok","Alphabeticals","a","garage door ac vent kit","en","us","0","-"
4109,"garage door","TikTok","Alphabeticals","a","garage door antenna","en","us","0","-"
4110,"garage door","TikTok","Alphabeticals","a","garage door antena","en","us","0","-"
4111,"garage door","TikTok","Alphabeticals","b","garage door bottom seal","en","us","27.1K","0.87"
4112,"garage door","TikTok","Alphabeticals","b","garage door bracket","en","us","2.9K","0.54"
4113,"garage door","TikTok","Alphabeticals","b","garage door brush seal","en","us","0","-"
4114,"garage door","TikTok","Alphabeticals","b","garage door banner","en","us","0","-"
4115,"garage door","TikTok","Alphabeticals","b","garage door blocker","en","us","0","-"
4116,"garage door","TikTok","Alphabeticals","b","garage door bottom replacement","en","us","0","-"
4117,"garage door","TikTok","Alphabeticals","b","garage door bloxburg","en","us","0","-"
4118,"garage door","TikTok","Alphabeticals","b","garage door business ideas","en","us","0","-"
4119,"garage door","TikTok","Alphabeticals","c","garage door company","en","us","18.1K","36.02"
4120,"garage door","TikTok","Alphabeticals","c","garage door covers","en","us","6.6K","0.47"
4121,"garage door","TikTok","Alphabeticals","c","garage door colors","en","us","0","-"
4122,"garage door","TikTok","Alphabeticals","c","garage door curtain","en","us","0","-"
4123,"garage door","TikTok","Alphabeticals","c","garage door cleaning","en","us","0","-"
4124,"garage door","TikTok","Alphabeticals","c","garage door clicker","en","us","0","-"
4125,"garage door","TikTok","Alphabeticals","c","garage door chain","en","us","0","-"
4126,"garage door","TikTok","Alphabeticals","c","garage door camera","en","us","0","-"
4127,"garage door","TikTok","Alphabeticals","d","garage door doctor","en","us","5.4K","29.21"
4128,"garage door","TikTok","Alphabeticals","d","garage door decorations","en","us","2.9K","0.76"
4129,"garage door","TikTok","Alphabeticals","d","garage door designs","en","us","0","-"
4130,"garage door","TikTok","Alphabeticals","d","garage door dog gate","en","us","0","-"
4131,"garage door","TikTok","Alphabeticals","d","garage door decals","en","us","0","-"
4132,"garage door","TikTok","Alphabeticals","d","garage door diy","en","us","0","-"
4133,"garage door","TikTok","Alphabeticals","d","garage door duplicator","en","us","0","-"
4134,"garage door","TikTok","Alphabeticals","d","garage door dent fix","en","us","0","-"
4135,"garage door","TikTok","Alphabeticals","e","garage door electric","en","us","1.0K","10.44"
4136,"garage door","TikTok","Alphabeticals","e","garage door emergency release lock","en","us","260","0.2"
4137,"garage door","TikTok","Alphabeticals","e","garage door edge seal","en","us","0","-"
4138,"garage door","TikTok","Alphabeticals","e","garage door extension","en","us","0","-"
4139,"garage door","TikTok","Alphabeticals","e","garage door extender","en","us","0","-"
4140,"garage door","TikTok","Alphabeticals","e","garage door enclosure","en","us","0","-"
4141,"garage door","TikTok","Alphabeticals","e","garage door enhancements","en","us","0","-"
4142,"garage door","TikTok","Alphabeticals","e","garage door emergency cord reattach","en","us","0","-"
4143,"garage door","TikTok","Alphabeticals","e","garage door entrepreneur","en","us","0","-"
4144,"garage door","TikTok","Alphabeticals","f","garage door fix","en","us","246.0K","51.94"
4145,"garage door","TikTok","Alphabeticals","f","garage door for sale","en","us","12.1K","7.13"
4146,"garage door","TikTok","Alphabeticals","f","garage door frame","en","us","0","-"
4147,"garage door","TikTok","Alphabeticals","f","garage door floor seal","en","us","0","-"
4148,"garage door","TikTok","Alphabeticals","f","garage door foam","en","us","0","-"
4149,"garage door","TikTok","Alphabeticals","f","garage door fails","en","us","0","-"
4150,"garage door","TikTok","Alphabeticals","f","garage door flags","en","us","0","-"
4151,"garage door","TikTok","Alphabeticals","f","garage door falls","en","us","0","-"
4152,"garage door","TikTok","Alphabeticals","g","garage door genie","en","us","40.5K","4.95"
4153,"garage door","TikTok","Alphabeticals","g","garage door glass","en","us","18.1K","4.73"
4154,"garage door","TikTok","Alphabeticals","g","garage door grease","en","us","0","-"
4155,"garage door","TikTok","Alphabeticals","g","garage door gate","en","us","0","-"
4156,"garage door","TikTok","Alphabeticals","g","garage door gate for dogs","en","us","0","-"
4157,"garage door","TikTok","Alphabeticals","g","garage door gap seal","en","us","0","-"
4158,"garage door","TikTok","Alphabeticals","g","garage door gap","en","us","0","-"
4159,"garage door","TikTok","Alphabeticals","g","garage door grease oil","en","us","0","-"
4160,"garage door","TikTok","Alphabeticals","h","garage door halloween cover","en","us","6.6K","0.26"
4161,"garage door","TikTok","Alphabeticals","h","garage door hinges","en","us","6.6K","0.71"
4162,"garage door","TikTok","Alphabeticals","h","garage door handles","en","us","0","-"
4163,"garage door","TikTok","Alphabeticals","h","garage door head","en","us","0","-"
4164,"garage door","TikTok","Alphabeticals","h","garage door holders","en","us","0","-"
4165,"garage door","TikTok","Alphabeticals","h","garage door hooks","en","us","0","-"
4166,"garage door","TikTok","Alphabeticals","h","garage door hacks","en","us","0","-"
4167,"garage door","TikTok","Alphabeticals","i","garage door insolation","en","us","60.5K","4.08"
4168,"garage door","TikTok","Alphabeticals","i","garage door insulation","en","us","49.5K","1.51"
4169,"garage door","TikTok","Alphabeticals","i","garage door installation","en","us","0","-"
4170,"garage door","TikTok","Alphabeticals","i","garage door insulation kit","en","us","0","-"
4171,"garage door","TikTok","Alphabeticals","i","garage door ideas","en","us","0","-"
4172,"garage door","TikTok","Alphabeticals","i","garage door installer job","en","us","0","-"
4173,"garage door","TikTok","Alphabeticals","i","garage door insulated panels","en","us","0","-"
4174,"garage door","TikTok","Alphabeticals","i","garage door inserts","en","us","0","-"
4175,"garage door","TikTok","Alphabeticals","j","garage door jamb trim","en","us","590","0.3"
4176,"garage door","TikTok","Alphabeticals","j","garage door jamb replacement","en","us","320","10.21"
4177,"garage door","TikTok","Alphabeticals","j","garage door jumping sensor","en","us","0","-"
4178,"garage door","TikTok","Alphabeticals","j","garage door jumping","en","us","0","-"
4179,"garage door","TikTok","Alphabeticals","j","garage door joey coldcuts","en","us","0","-"
4180,"garage door","TikTok","Alphabeticals","j","garage door jersey","en","us","0","-"
4181,"garage door","TikTok","Alphabeticals","k","garage door keypad","en","us","8.1K","1.25"
4182,"garage door","TikTok","Alphabeticals","k","garage door kit","en","us","1.6K","1.1"
4183,"garage door","TikTok","Alphabeticals","k","garage door key lock","en","us","0","-"
4184,"garage door","TikTok","Alphabeticals","k","garage door keypad with camera","en","us","0","-"
4185,"garage door","TikTok","Alphabeticals","k","garage door key","en","us","0","-"
4186,"garage door","TikTok","Alphabeticals","k","garage door knobs","en","us","0","-"
4187,"garage door","TikTok","Alphabeticals","k","garage door key holder","en","us","0","-"
4188,"garage door","TikTok","Alphabeticals","k","garage door kid net","en","us","0","-"
4189,"garage door","TikTok","Alphabeticals","l","garage door lube","en","us","22.2K","0.64"
4190,"garage door","TikTok","Alphabeticals","l","garage door locks","en","us","8.1K","4.71"
4191,"garage door","TikTok","Alphabeticals","l","garage door lubrication","en","us","0","-"
4192,"garage door","TikTok","Alphabeticals","l","garage door lube spray","en","us","0","-"
4193,"garage door","TikTok","Alphabeticals","l","garage door lubricant spray","en","us","0","-"
4194,"garage door","TikTok","Alphabeticals","l","garage door lighting","en","us","0","-"
4195,"garage door","TikTok","Alphabeticals","l","garage door leak","en","us","0","-"
4196,"garage door","TikTok","Alphabeticals","l","garage door lunricant","en","us","0","-"
4197,"garage door","TikTok","Alphabeticals","m","garage door motor","en","us","8.1K","3.12"
4198,"garage door","TikTok","Alphabeticals","m","garage door maintenance","en","us","6.6K","29.69"
4199,"garage door","TikTok","Alphabeticals","m","garage door magnets","en","us","0","-"
4200,"garage door","TikTok","Alphabeticals","m","garage door minecraft","en","us","0","-"
4201,"garage door","TikTok","Alphabeticals","m","garage door mechanism","en","us","0","-"
4202,"garage door","TikTok","Alphabeticals","m","garage door mural","en","us","0","-"
4203,"garage door","TikTok","Alphabeticals","m","garage door meme","en","us","0","-"
4204,"garage door","TikTok","Alphabeticals","m","garage door movie","en","us","0","-"
4205,"garage door","TikTok","Alphabeticals","n","garage door not opening","en","us","1.6K","32.65"
4206,"garage door","TikTok","Alphabeticals","n","garage door net","en","us","1.3K","0.71"
4207,"garage door","TikTok","Alphabeticals","n","garage door not working","en","us","0","-"
4208,"garage door","TikTok","Alphabeticals","n","garage door net screen","en","us","0","-"
4209,"garage door","TikTok","Alphabeticals","n","garage door net for bugs","en","us","0","-"
4210,"garage door","TikTok","Alphabeticals","n","garage door noise fix","en","us","0","-"
4211,"garage door","TikTok","Alphabeticals","n","garage door net door","en","us","0","-"
4212,"garage door","TikTok","Alphabeticals","n","garage door net golf","en","us","0","-"
4213,"garage door","TikTok","Alphabeticals","o","garage door opener","en","us","165.0K","8.42"
4214,"garage door","TikTok","Alphabeticals","o","garage door opener install","en","us","33.1K","19.58"
4215,"garage door","TikTok","Alphabeticals","o","garage door opener remote replacement","en","us","0","-"
4216,"garage door","TikTok","Alphabeticals","o","garage door opener keypad","en","us","0","-"
4217,"garage door","TikTok","Alphabeticals","o","garage door opener with camera","en","us","0","-"
4218,"garage door","TikTok","Alphabeticals","o","garage door oil","en","us","0","-"
4219,"garage door","TikTok","Alphabeticals","o","garage door opening sound","en","us","0","-"
4220,"garage door","TikTok","Alphabeticals","o","garage door organizer","en","us","0","-"
4221,"garage door","TikTok","Alphabeticals","p","garage door parts","en","us","14.8K","2.47"
4222,"garage door","TikTok","Alphabeticals","p","garage door panels","en","us","12.1K","5.07"
4223,"garage door","TikTok","Alphabeticals","p","garage door painting","en","us","0","-"
4224,"garage door","TikTok","Alphabeticals","p","garage door privacy screen","en","us","0","-"
4225,"garage door","TikTok","Alphabeticals","p","garage door paint ideas","en","us","0","-"
4226,"garage door","TikTok","Alphabeticals","p","garage door panel covers","en","us","0","-"
4227,"garage door","TikTok","Alphabeticals","p","garage door privacy","en","us","0","-"
4228,"garage door","TikTok","Alphabeticals","p","garage door prank","en","us","0","-"
4229,"garage door","TikTok","Alphabeticals","q","garage door quotes","en","us","480","35.83"
4230,"garage door","TikTok","Alphabeticals","q","garage door quieter","en","us","320","5.46"
4231,"garage door","TikTok","Alphabeticals","q","garage door quick release","en","us","0","-"
4232,"garage door","TikTok","Alphabeticals","q","garage door quick turn","en","us","0","-"
4233,"garage door","TikTok","Alphabeticals","q","garage door q8","en","us","0","-"
4234,"garage door","TikTok","Alphabeticals","q","garage door quiet spray","en","us","0","-"
4235,"garage door","TikTok","Alphabeticals","q","q smart garage door","en","us","0","-"
4236,"garage door","TikTok","Alphabeticals","q","garage door remote my q","en","us","0","-"
4237,"garage door","TikTok","Alphabeticals","r","garage door repair","en","us","246.0K","51.67"
4238,"garage door","TikTok","Alphabeticals","r","garage door rubber","en","us","27.1K","1.13"
4239,"garage door","TikTok","Alphabeticals","r","garage door replacement","en","us","0","-"
4240,"garage door","TikTok","Alphabeticals","r","garage door rollers","en","us","0","-"
4241,"garage door","TikTok","Alphabeticals","r","garage door roller replacement","en","us","0","-"
4242,"garage door","TikTok","Alphabeticals","r","garage door rails","en","us","0","-"
4243,"garage door","TikTok","Alphabeticals","r","garage door rod holder","en","us","0","-"
4244,"garage door","TikTok","Alphabeticals","r","garage door rug","en","us","0","-"
4245,"garage door","TikTok","Alphabeticals","s","garage door seal","en","us","27.1K","1.13"
4246,"garage door","TikTok","Alphabeticals","s","garage door seal for bottom","en","us","27.1K","3.38"
4247,"garage door","TikTok","Alphabeticals","s","garage door screen","en","us","0","-"
4248,"garage door","TikTok","Alphabeticals","s","garage door sensor","en","us","0","-"
4249,"garage door","TikTok","Alphabeticals","s","garage door sound","en","us","0","-"
4250,"garage door","TikTok","Alphabeticals","s","garage door squeaky fix","en","us","0","-"
4251,"garage door","TikTok","Alphabeticals","t","garage door technician","en","us","22.2K","59.84"
4252,"garage door","TikTok","Alphabeticals","t","garage door tech","en","us","22.2K","59.84"
4253,"garage door","TikTok","Alphabeticals","t","garage door torsion spring","en","us","0","-"
4254,"garage door","TikTok","Alphabeticals","t","garage door threshold seal","en","us","0","-"
4255,"garage door","TikTok","Alphabeticals","t","garage door types","en","us","0","-"
4256,"garage door","TikTok","Alphabeticals","t","garage door tension spring","en","us","0","-"
4257,"garage door","TikTok","Alphabeticals","t","garage door tune up","en","us","0","-"
4258,"garage door","TikTok","Alphabeticals","t","garage door tools","en","us","0","-"
4259,"garage door","TikTok","Alphabeticals","u","garage door under seal","en","us","27.1K","1.46"
4260,"garage door","TikTok","Alphabeticals","u","garage door usa","en","us","2.9K","13.62"
4261,"garage door","TikTok","Alphabeticals","u","garage door upgrades","en","us","0","-"
4262,"garage door","TikTok","Alphabeticals","u","garage door updates","en","us","0","-"
4263,"garage door","TikTok","Alphabeticals","u","garage door upgrade ideas","en","us","0","-"
4264,"garage door","TikTok","Alphabeticals","u","garage door unlatched","en","us","0","-"
4265,"garage door","TikTok","Alphabeticals","u","garage door ultimate","en","us","0","-"
4266,"garage door","TikTok","Alphabeticals","u","garage door undetground","en","us","0","-"
4267,"garage door","TikTok","Alphabeticals","v","garage door ventilation","en","us","1.9K","0.97"
4268,"garage door","TikTok","Alphabeticals","v","garage door vinyl seal","en","us","590","0.66"
4269,"garage door","TikTok","Alphabeticals","v","garage door vent kit","en","us","0","-"
4270,"garage door","TikTok","Alphabeticals","v","garage door video","en","us","0","-"
4271,"garage door","TikTok","Alphabeticals","v","garage door ventilation fan","en","us","0","-"
4272,"garage door","TikTok","Alphabeticals","v","garage door vevor","en","us","0","-"
4273,"garage door","TikTok","Alphabeticals","v","garage door variety","en","us","0","-"
4274,"garage door","TikTok","Alphabeticals","v","garage door vent adapter","en","us","0","-"
4275,"garage door","TikTok","Alphabeticals","w","garage door window insert","en","us","4.4K","2.9"
4276,"garage door","TikTok","Alphabeticals","w","garage door won't close","en","us","3.6K","19.08"
4277,"garage door","TikTok","Alphabeticals","w","garage door won't open","en","us","0","-"
4278,"garage door","TikTok","Alphabeticals","w","garage door wheels","en","us","0","-"
4279,"garage door","TikTok","Alphabeticals","w","garage door weather seal bottom","en","us","0","-"
4280,"garage door","TikTok","Alphabeticals","w","garage door wd40","en","us","0","-"
4281,"garage door","TikTok","Alphabeticals","w","garage door weatherproof seal","en","us","0","-"
4282,"garage door","TikTok","Alphabeticals","x","10 x 8 garage door","en","us","480","2.17"
4283,"garage door","TikTok","Alphabeticals","x","garage door xmas cover","en","us","170","7.74"
4284,"garage door","TikTok","Alphabeticals","x","x garage door","en","us","0","-"
4285,"garage door","TikTok","Alphabeticals","x","garage door xams ideas","en","us","0","-"
4286,"garage door","TikTok","Alphabeticals","y","garage door yellow light","en","us","40","-"
4287,"garage door","TikTok","Alphabeticals","y","garage door young sheldon","en","us","0","-"
4288,"garage door","TikTok","Alphabeticals","y","garage door yard sale","en","us","0","-"
4289,"garage door","TikTok","Alphabeticals","y","garage door you got it","en","us","0","-"
4290,"garage door","TikTok","Alphabeticals","y","garage door yellow sensor","en","us","0","-"
4291,"garage door","TikTok","Alphabeticals","y","garage door yellow door","en","us","0","-"
4292,"garage door","TikTok","Alphabeticals","y","garage door young","en","us","0","-"
4293,"garage door","TikTok","Alphabeticals","z","garage door zone","en","us","90","0.32"
4294,"garage door","TikTok","Alphabeticals","z","garage door zimbabwe","en","us","0","-"
4295,"garage door","TikTok","Alphabeticals","z","garage door zombie decoration","en","us","0","-"
4296,"garage door","TikTok","Alphabeticals","z","garage door zipper screen","en","us","0","-"
4297,"garage door","TikTok","Alphabeticals","z","garage door zimbabwe harare","en","us","0","-"
4298,"garage door","TikTok","Alphabeticals","z","garage door zipper open","en","us","0","-"
4299,"garage door","TikTok","Comparisons","and","garage door and motor","en","us","8.1K","3.12"
4300,"garage door","TikTok","Comparisons","and","garage door and more","en","us","320","8.26"
4301,"garage door","TikTok","Comparisons","and","garage door and front door","en","us","0","-"
4302,"garage door","TikTok","Comparisons","and","garage door and home","en","us","0","-"
4303,"garage door","TikTok","Comparisons","and","garage door and tesla","en","us","0","-"
4304,"garage door","TikTok","Comparisons","and","garage door and car","en","us","0","-"
4305,"garage door","TikTok","Comparisons","and","garage door and fromt door","en","us","0","-"
4306,"garage door","TikTok","Comparisons","and","garage door and wd40","en","us","0","-"
4307,"garage door","TikTok","Comparisons","like","garage door like wood","en","us","0","-"
4308,"garage door","TikTok","Comparisons","like","garage door like door","en","us","0","-"
4309,"garage door","TikTok","Comparisons","like","doors for garage that look like a real garage door","en","us","0","-"
4310,"garage door","TikTok","Numbers","1","garage door 16x7","en","us","4.4K","6.32"
4311,"garage door","TikTok","Numbers","1","garage door 16x8","en","us","2.9K","3.53"
4312,"garage door","TikTok","Numbers","1","garage door 12x10","en","us","0","-"
4313,"garage door","TikTok","Numbers","1","garage door 10x7","en","us","0","-"
4314,"garage door","TikTok","Numbers","1","garage door 18x8","en","us","0","-"
4315,"garage door","TikTok","Numbers","1","garage door 10","en","us","0","-"
4316,"garage door","TikTok","Numbers","1","garage door 3 in 1","en","us","0","-"
4317,"garage door","TikTok","Numbers","2","garage door 2x6","en","us","0","-"
4318,"garage door","TikTok","Numbers","2","garage door 2 ways","en","us","0","-"
4319,"garage door","TikTok","Numbers","2","garage door 2026","en","us","0","-"
4320,"garage door","TikTok","Numbers","2","garage door 2026 hormam","en","us","0","-"
4321,"garage door","TikTok","Numbers","2","garage door 2x12 beam","en","us","0","-"
4322,"garage door","TikTok","Numbers","2","2 door garage in 1","en","us","0","-"
4323,"garage door","TikTok","Numbers","2","garage door 250 decorations","en","us","0","-"
4324,"garage door","TikTok","Numbers","2","garage door 2by4","en","us","0","-"
4325,"garage door","TikTok","Numbers","3","garage door 3d model","en","us","50","5.13"
4326,"garage door","TikTok","Numbers","3","garage door 3 in 1","en","us","0","-"
4327,"garage door","TikTok","Numbers","3","garage door 3d printer","en","us","0","-"
4328,"garage door","TikTok","Numbers","3","garage door 3 inches from ground","en","us","0","-"
4329,"garage door","TikTok","Numbers","3","garage door 3d print","en","us","0","-"
4330,"garage door","TikTok","Numbers","3","garage door 3","en","us","0","-"
4331,"garage door","TikTok","Numbers","3","3x6 garage door","en","us","0","-"
4332,"garage door","TikTok","Numbers","3","3x7 garage door","en","us","0","-"
4333,"garage door","TikTok","Numbers","4","garage door 4x7","en","us","0","-"
4334,"garage door","TikTok","Numbers","4","4 garage door shop","en","us","0","-"
4335,"garage door","TikTok","Numbers","4","4 garage door house","en","us","0","-"
4336,"garage door","TikTok","Numbers","4","garage door 5 by 4","en","us","0","-"
4337,"garage door","TikTok","Numbers","4","garage door 4th of july","en","us","0","-"
4338,"garage door","TikTok","Numbers","4","garage door 40k","en","us","0","-"
4339,"garage door","TikTok","Numbers","4","4 door shop garage door","en","us","0","-"
4340,"garage door","TikTok","Numbers","5","garage door 5","en","us","70","5.19"
4341,"garage door","TikTok","Numbers","5","garage door 5 by 4","en","us","0","-"
4342,"garage door","TikTok","Numbers","5","my 5 door garage","en","us","0","-"
4343,"garage door","TikTok","Numbers","6","6 ft garage door","en","us","480","1.07"
4344,"garage door","TikTok","Numbers","6","6x6 garage door","en","us","170","2.41"
4345,"garage door","TikTok","Numbers","6","garage door 6' to 7'","en","us","0","-"
4346,"garage door","TikTok","Numbers","6","garage door 696cdb chain came off","en","us","0","-"
4347,"garage door","TikTok","Numbers","7","7ft garage door","en","us","4.4K","0.99"
4348,"garage door","TikTok","Numbers","7","garage door 7x9","en","us","1.6K","3.22"
4349,"garage door","TikTok","Numbers","7","garage door 7x16","en","us","0","-"
4350,"garage door","TikTok","Numbers","7","garage door 7 foot by 7 foot","en","us","0","-"
4351,"garage door","TikTok","Numbers","7","garage door 7x16 cover flag","en","us","0","-"
4352,"garage door","TikTok","Numbers","7","garage door 7x16 cover","en","us","0","-"
4353,"garage door","TikTok","Numbers","7","garage door 7x21 panel","en","us","0","-"
4354,"garage door","TikTok","Numbers","7","garage door 7 foot by 7 foot electic opener","en","us","0","-"
4355,"garage door","TikTok","Numbers","8","garage door 8x7","en","us","3.6K","1.59"
4356,"garage door","TikTok","Numbers","8","garage door 8x10","en","us","2.9K","1.64"
4357,"garage door","TikTok","Numbers","8","8x8 garage door","en","us","0","-"
4358,"garage door","TikTok","Numbers","8","garage door 8x9","en","us","0","-"
4359,"garage door","TikTok","Numbers","8","garage door 8×7","en","us","0","-"
4360,"garage door","TikTok","Numbers","8","garage door 8ft up","en","us","0","-"
4361,"garage door","TikTok","Numbers","8","garage door 8x18","en","us","0","-"
4362,"garage door","TikTok","Numbers","8","garage door 8 dip","en","us","0","-"
4363,"garage door","TikTok","Numbers","9","garage door 9x7","en","us","3.6K","3.27"
4364,"garage door","TikTok","Numbers","9","garage door 9x8","en","us","1.6K","1.45"
4365,"garage door","TikTok","Numbers","9","9ft garage door","en","us","0","-"
4366,"garage door","TikTok","Numbers","9","garage door 911","en","us","0","-"
4367,"garage door","TikTok","Numbers","9","garage door 9foot ceiling","en","us","0","-"
4368,"garage door","TikTok","Numbers","9","garage door 90 inches tall","en","us","0","-"
4369,"garage door","TikTok","Numbers","9","garage door 940ev keypad reset","en","us","0","-"
4370,"garage door","TikTok","Prepositions","can","garage door can not open","en","us","10","28.42"
4371,"garage door","TikTok","Prepositions","can","garage door can miswired","en","us","0","-"
4372,"garage door","TikTok","Prepositions","can","garage door can see light","en","us","0","-"
4373,"garage door","TikTok","Prepositions","for","garage door for sale","en","us","12.1K","7.13"
4374,"garage door","TikTok","Prepositions","for","garage door for shop","en","us","880","4.58"
4375,"garage door","TikTok","Prepositions","for","garage door for house","en","us","0","-"
4376,"garage door","TikTok","Prepositions","for","garage door for shipping container","en","us","0","-"
4377,"garage door","TikTok","Prepositions","for","garage door for bedroom","en","us","0","-"
4378,"garage door","TikTok","Prepositions","for","garage door for groceries","en","us","0","-"
4379,"garage door","TikTok","Prepositions","for","garage door for kids","en","us","0","-"
4380,"garage door","TikTok","Prepositions","for","garage door for dogs","en","us","0","-"
4381,"garage door","TikTok","Prepositions","is","garage door is not closing","en","us","1.9K","24.37"
4382,"garage door","TikTok","Prepositions","is","garage door is not opening","en","us","1.9K","27.64"
4383,"garage door","TikTok","Prepositions","is","garage door is broken","en","us","0","-"
4384,"garage door","TikTok","Prepositions","is","garage door is stuck","en","us","0","-"
4385,"garage door","TikTok","Prepositions","is","garage door is crooked","en","us","0","-"
4386,"garage door","TikTok","Prepositions","is","garage door is loud","en","us","0","-"
4387,"garage door","TikTok","Prepositions","is","garage door is heavy","en","us","0","-"
4388,"garage door","TikTok","Prepositions","is","garage door is so loud","en","us","0","-"
4389,"garage door","TikTok","Prepositions","near","garage door repair near me","en","us","165.0K","46.96"
4390,"garage door","TikTok","Prepositions","near","garage door near me","en","us","14.8K","28.45"
4391,"garage door","TikTok","Prepositions","near","garage door near kitchen","en","us","0","-"
4392,"garage door","TikTok","Prepositions","near","garage door near me cleveland ohio","en","us","0","-"
4393,"garage door","TikTok","Prepositions","to","garage door to house","en","us","720","1.15"
4394,"garage door","TikTok","Prepositions","to","garage door to french door","en","us","50","12.77"
4395,"garage door","TikTok","Prepositions","to","garage door to buy","en","us","0","-"
4396,"garage door","TikTok","Prepositions","to","garage door to sliding door","en","us","0","-"
4397,"garage door","TikTok","Prepositions","to","garage door to wall","en","us","0","-"
4398,"garage door","TikTok","Prepositions","to","garage door to pantry","en","us","0","-"
4399,"garage door","TikTok","Prepositions","to","garage door to windows","en","us","0","-"
4400,"garage door","TikTok","Prepositions","to","garage door to cover","en","us","0","-"
4401,"garage door","TikTok","Prepositions","with","garage door with door","en","us","201.0K","13.74"
4402,"garage door","TikTok","Prepositions","with","garage door with screen","en","us","27.1K","1.38"
4403,"garage door","TikTok","Prepositions","with","garage door with glass","en","us","0","-"
4404,"garage door","TikTok","Prepositions","with","garage door with windows","en","us","0","-"
4405,"garage door","TikTok","Prepositions","with","garage door with camera","en","us","0","-"
4406,"garage door","TikTok","Prepositions","with","garage door with lights","en","us","0","-"
4407,"garage door","TikTok","Prepositions","with","garage door with screen added","en","us","0","-"
4408,"garage door","TikTok","Prepositions","with","garage door with a door on it","en","us","0","-"
4409,"garage door","TikTok","Prepositions","without","garage door without tracks","en","us","260","3.37"
4410,"garage door","TikTok","Prepositions","without","garage door without springs","en","us","260","10.49"
4411,"garage door","TikTok","Prepositions","without","garage door without rails","en","us","0","-"
4412,"garage door","TikTok","Prepositions","without","garage door without opener","en","us","0","-"
4413,"garage door","TikTok","Prepositions","without","garage door without power","en","us","0","-"
4414,"garage door","TikTok","Prepositions","without","garage door without motor","en","us","0","-"
4415,"garage door","TikTok","Prepositions","without","garage door without window","en","us","0","-"
4416,"garage door","TikTok","Prepositions","without","garage door without lock","en","us","0","-"
4417,"garage door","TikTok","Questions","are","are garage door remotes universal","en","us","40","0.35"
4418,"garage door","TikTok","Questions","are","are garage door panels real","en","us","0","-"
4419,"garage door","TikTok","Questions","are","are garage door screens worth the cost","en","us","0","-"
4420,"garage door","TikTok","Questions","are","are garage door glass inserts worth keeping","en","us","0","-"
4421,"garage door","TikTok","Questions","are","are garage door window inserts worth it","en","us","0","-"
4422,"garage door","TikTok","Questions","are","are garage door remotes universl","en","us","0","-"
4423,"garage door","TikTok","Questions","can","can garage door openers freeze","en","us","10","-"
4424,"garage door","TikTok","Questions","can","can garage door opener","en","us","0","-"
4425,"garage door","TikTok","Questions","can","can garage door","en","us","0","-"
4426,"garage door","TikTok","Questions","can","can garage door open by them self","en","us","0","-"
4427,"garage door","TikTok","Questions","can","can garage door br adjusted","en","us","0","-"
4428,"garage door","TikTok","Questions","can","can garage door come up by itself","en","us","0","-"
4429,"garage door","TikTok","Questions","how","how to seal garage door gaps","en","us","390","0.32"
4430,"garage door","TikTok","Questions","how","how garage door works","en","us","170","-"
4431,"garage door","TikTok","Questions","how","how garage door openers work","en","us","0","-"
4432,"garage door","TikTok","Questions","how","how garage door spring works","en","us","0","-"
4433,"garage door","TikTok","Questions","how","how garage door lock works","en","us","0","-"
4434,"garage door","TikTok","Questions","how","how garage door opens","en","us","0","-"
4435,"garage door","TikTok","Questions","how","how garage door made","en","us","0","-"
4436,"garage door","TikTok","Questions","how","how garage door close","en","us","0","-"
4437,"garage door","TikTok","Questions","what","what garage door opener do i need","en","us","50","0.76"
4438,"garage door","TikTok","Questions","what","what garage door opener to buy","en","us","10","-"
4439,"garage door","TikTok","Questions","what","what garage door opener","en","us","0","-"
4440,"garage door","TikTok","Questions","what","what garage door look","en","us","0","-"
4441,"garage door","TikTok","Questions","what","what garage door to pick","en","us","0","-"
4442,"garage door","TikTok","Questions","what","what garage door is in","en","us","0","-"
4443,"garage door","TikTok","Questions","what","what garage door opener to get","en","us","0","-"
4444,"garage door","TikTok","Questions","when","when garage door will not close","en","us","0","-"
4445,"garage door","TikTok","Questions","when","when garage door goes partially up","en","us","0","-"
4446,"garage door","TikTok","Questions","when","when garage door is left open","en","us","0","-"
4447,"garage door","TikTok","Questions","when","when garage door ","en","us","0","-"
4448,"garage door","TikTok","Questions","when","when garage door doesn't close what can you use spotify","en","us","0","-"
4449,"garage door","TikTok","Questions","where","where to lube garage door","en","us","720","4.08"
4450,"garage door","TikTok","Questions","where","where to buy garage door","en","us","720","7.92"
4451,"garage door","TikTok","Questions","where","where to spray garage door lubricant","en","us","0","-"
4452,"garage door","TikTok","Questions","where","where garage door in fortnite","en","us","0","-"
4453,"garage door","TikTok","Questions","where","where to get a garage door in bloxburg","en","us","0","-"
4454,"garage door","TikTok","Questions","where","where garage door installation panels","en","us","0","-"
4455,"garage door","TikTok","Questions","which","which garage door opener is better","en","us","10","-"
4456,"garage door","TikTok","Questions","which","which garage door rollers to buy","en","us","0","-"
4457,"garage door","TikTok","Questions","which","which garage door ","en","us","0","-"
4458,"garage door","TikTok","Questions","which","which garage door sping strength","en","us","0","-"
4459,"garage door","TikTok","Questions","which","which garage door do you put keypad on","en","us","0","-"
4460,"garage door","TikTok","Questions","who","who garage door ","en","us","0","-"
4461,"garage door","TikTok","Questions","why","why garage door won't close","en","us","1.6K","8.8"
4462,"garage door","TikTok","Questions","why","why garage door wont open","en","us","880","15.39"
4463,"garage door","TikTok","Questions","why","why garage door sticks","en","us","0","-"
4464,"garage door","TikTok","Questions","why","why garage door breaks","en","us","0","-"
4465,"garage door","TikTok","Questions","why","why garage door stuck","en","us","0","-"
4466,"garage door","TikTok","Questions","why","why garage door loud","en","us","0","-"
4467,"garage door","TikTok","Questions","why","why garage door opens","en","us","0","-"
4468,"garage door","TikTok","Questions","why","why garage door leaks","en","us","0","-"
4469,"garage door","TikTok","Questions","will","will garage door ","en","us","0","-"
4470,"garage door","TikTok","Questions","will","will garage door close if its off track","en","us","0","-"
4471,"garage door","Instagram","Instagram","Hashtags","garagedoorrepair","en","us","246.0K","44.14"
4472,"garage door","Instagram","Instagram","Hashtags","garagedoor","en","us","201.0K","11.74"
4473,"garage door","Instagram","Instagram","Hashtags","garagedooropener","en","us","0","-"
4474,"garage door","Instagram","Instagram","Hashtags","garagedoorinsulation","en","us","0","-"
4475,"garage door","Instagram","Instagram","Hashtags","garagedoorspring","en","us","0","-"
4476,"garage door","Instagram","Instagram","Hashtags","garagedoorseals","en","us","0","-"
4477,"garage door","Instagram","Instagram","Hashtags","garagedoorcompany","en","us","0","-"
4478,"garage door","Instagram","Instagram","Hashtags","garagedoorparts","en","us","0","-"
4479,"garage door","Instagram","Instagram","Hashtags","garagedoorremote","en","us","0","-"
4480,"garage door","Instagram","Instagram","Hashtags","garagedoorservices","en","us","0","-"
4481,"garage door","Instagram","Instagram","Hashtags","garagedoorinstallation","en","us","0","-"
4482,"garage door","Instagram","Instagram","Hashtags","garagedoorhardware","en","us","0","-"
4483,"garage door","Instagram","Instagram","Hashtags","garagedoors","en","us","0","-"
4484,"garage door","Instagram","Instagram","Hashtags","garagedoorart","en","us","0","-"
4485,"garage door","Instagram","Instagram","Hashtags","garagedooropeners","en","us","0","-"
4486,"garage door","Instagram","Instagram","Hashtags","garagedoorrepairs","en","us","0","-"
4487,"garage door","Instagram","Instagram","Hashtags","garagedoorsprings","en","us","0","-"
4488,"garage door","Instagram","Instagram","Hashtags","garagedoorservice","en","us","0","-"
4489,"garage door","Instagram","Instagram","Hashtags","garagedoorsolutions","en","us","0","-"
4490,"garage door","Instagram","Instagram","People","joesgaragedoors","en","us","0","-"
4491,"garage door","Instagram","Instagram","People","1garagedoordoctor","en","us","0","-"
4492,"garage door","Instagram","Instagram","People","garagedoor.arch","en","us","0","-"
4493,"garage door","Instagram","Instagram","People","garagedoorbeasts","en","us","0","-"
4494,"garage door","Instagram","Instagram","People","garagedoorstudio","en","us","0","-"
4495,"garage door","Instagram","Instagram","People","hggaragedoors","en","us","0","-"
4496,"garage door","Instagram","Instagram","People","garagedoor","en","us","0","-"
4497,"garage door","Instagram","Instagram","People","garagedoorgiant","en","us","0","-"
4498,"garage door","Instagram","Instagram","People","garagedoorkidd","en","us","0","-"
4499,"garage door","Instagram","Instagram","People","garageprojectkingsland","en","us","0","-"
4500,"garage door","Instagram","Instagram","People","garagedoorsecure","en","us","0","-"
4501,"garage door","Instagram","Instagram","People","garagedoorrepairsandiego","en","us","0","-"
4502,"garage door","Instagram","Instagram","People","garage_door_pro","en","us","0","-"
4503,"garage door","Instagram","Instagram","People","garagedoorfix","en","us","0","-"
4504,"garage door","Instagram","Instagram","People","overheaddoorsac","en","us","0","-"
4505,"garage door","Instagram","Instagram","People","garageguysnyc","en","us","0","-"
4506,"garage door","Instagram","Instagram","People","garagedoorvets","en","us","0","-"
4507,"garage door","Instagram","Instagram","People","guaranteedgaragedoorsandrepair","en","us","0","-"
4508,"garage door","Instagram","Instagram","People","a1garagedoorservice","en","us","0","-"
4509,"garage door","Instagram","Instagram","People","propershopgarage","en","us","0","-"
4510,"garage door","Instagram","Instagram","People","gdsnola","en","us","0","-"
4511,"garage door","Instagram","Instagram","People","bhgaragesdoors","en","us","0","-"
4512,"garage door","Instagram","Instagram","People","garagedoorselora","en","us","0","-"
4513,"garage door","Instagram","Instagram","People","car.garagedoor","en","us","0","-"
4514,"garage door","Instagram","Instagram","People","optimizegaragedoors","en","us","0","-"
4515,"garage door","Instagram","Instagram","People","dc_garagedoor_lombardil","en","us","0","-"
4516,"garage door","Instagram","Instagram","People","garagedoorspecialistsnc","en","us","0","-"
4517,"garage door","Instagram","Instagram","People","garagedoorscentralwest","en","us","0","-"
4518,"garage door","Instagram","Instagram","People","garagedoors_installation","en","us","0","-"
4519,"garage door","Instagram","Instagram","People","prime.garagedoor","en","us","0","-"
4520,"garage door","Instagram","Instagram","People","garagedoorsservices","en","us","0","-"
4521,"garage door","Instagram","Instagram","People","garagedoorsofthetriadllc","en","us","0","-"
4522,"garage door","Instagram","Instagram","People","fab.garage.doors","en","us","0","-"
4523,"garage door","Instagram","Instagram","People","garagedoork.sf","en","us","0","-"
4524,"garage door","Instagram","Instagram","People","garagedoorwc","en","us","0","-"
4525,"garage door","Instagram","Instagram","People","mapledoors","en","us","0","-"
4526,"garage door","Instagram","Instagram","People","quicklift.garagedoor","en","us","0","-"
4527,"garage door","Instagram","Instagram","People","schneider_garage_door_inc","en","us","0","-"
4528,"garage door","Instagram","Instagram","People","garagedoorsandmoreptyltd","en","us","0","-"
4529,"garage door","Instagram","Instagram","People","green_garage_door","en","us","0","-"
4530,"garage door","Instagram","Instagram","People","vidorgaragedoor","en","us","0","-"
4531,"garage door","Instagram","Instagram","People","racgaragedoors","en","us","0","-"
4532,"garage door","Instagram","Instagram","People","the_garage_door_company_sco","en","us","0","-"
4533,"garage door","Instagram","Instagram","People","garagedoorsunlimited","en","us","0","-"
4534,"garage door","Instagram","Instagram","People","suertegaragedoor","en","us","0","-"
4535,"garage door","Instagram","Instagram","People","bawse_garagedoors","en","us","0","-"
4536,"garage door","Instagram","Instagram","People","ksb_service_garage_door","en","us","0","-"
4537,"garage door","Instagram","Instagram","People","jtr.garage.door","en","us","0","-"
4538,"garage door","Instagram","Instagram","People","rocket.doors","en","us","0","-"
4539,"garage door","Instagram","Instagram","People","gold_garage_door_repair_sydney","en","us","0","-"
4540,"garage door","Instagram","Instagram","People","american_garage_doors","en","us","0","-"
4541,"garage door","Amazon","Alphabeticals","a","garage door accessories","en","us","1.3K","1.27"
4542,"garage door","Amazon","Alphabeticals","a","garage door accents","en","us","880","2.34"
4543,"garage door","Amazon","Alphabeticals","a","garage door awning","en","us","0","-"
4544,"garage door","Amazon","Alphabeticals","a","garage door alarm","en","us","0","-"
4545,"garage door","Amazon","Alphabeticals","a","garage door alarm sensor","en","us","0","-"
4546,"garage door","Amazon","Alphabeticals","a","garage door ac vent kit","en","us","0","-"
4547,"garage door","Amazon","Alphabeticals","a","garage door ac vent","en","us","0","-"
4548,"garage door","Amazon","Alphabeticals","a","garage door accessories magnetic","en","us","0","-"
4549,"garage door","Amazon","Alphabeticals","a","garage door app opener wifi","en","us","0","-"
4550,"garage door","Amazon","Alphabeticals","a","garage door accents black","en","us","0","-"
4551,"garage door","Amazon","Alphabeticals","b","garage door bottom seal","en","us","27.1K","0.87"
4552,"garage door","Amazon","Alphabeticals","b","garage door bottom rubber seal","en","us","2.9K","0.68"
4553,"garage door","Amazon","Alphabeticals","b","garage door bracket","en","us","0","-"
4554,"garage door","Amazon","Alphabeticals","b","garage door battery","en","us","0","-"
4555,"garage door","Amazon","Alphabeticals","b","garage door brush seal","en","us","0","-"
4556,"garage door","Amazon","Alphabeticals","b","garage door button","en","us","0","-"
4557,"garage door","Amazon","Alphabeticals","b","garage door bug screen","en","us","0","-"
4558,"garage door","Amazon","Alphabeticals","b","garage door bottom seal single track","en","us","0","-"
4559,"garage door","Amazon","Alphabeticals","b","garage door bottom seal 16 ft","en","us","0","-"
4560,"garage door","Amazon","Alphabeticals","b","garage door bottom seal 9 ft","en","us","0","-"
4561,"garage door","Amazon","Alphabeticals","c","garage door cover","en","us","6.6K","1.02"
4562,"garage door","Amazon","Alphabeticals","c","garage door cable","en","us","4.4K","1.82"
4563,"garage door","Amazon","Alphabeticals","c","garage door clicker","en","us","0","-"
4564,"garage door","Amazon","Alphabeticals","c","garage door cable replacement kit","en","us","0","-"
4565,"garage door","Amazon","Alphabeticals","c","garage door camera","en","us","0","-"
4566,"garage door","Amazon","Alphabeticals","c","garage door corner seal","en","us","0","-"
4567,"garage door","Amazon","Alphabeticals","c","garage door covers decorative","en","us","0","-"
4568,"garage door","Amazon","Alphabeticals","c","garage door cables 7 foot","en","us","0","-"
4569,"garage door","Amazon","Alphabeticals","c","garage door code keypad","en","us","0","-"
4570,"garage door","Amazon","Alphabeticals","c","garage door corner seals for gaps","en","us","0","-"
4571,"garage door","Amazon","Alphabeticals","d","garage door decorations","en","us","2.9K","0.76"
4572,"garage door","Amazon","Alphabeticals","d","garage door decor","en","us","2.9K","0.78"
4573,"garage door","Amazon","Alphabeticals","d","garage door decorative hardware","en","us","0","-"
4574,"garage door","Amazon","Alphabeticals","d","garage door dog gate","en","us","0","-"
4575,"garage door","Amazon","Alphabeticals","d","garage door draft stopper","en","us","0","-"
4576,"garage door","Amazon","Alphabeticals","d","garage door deadbolt","en","us","0","-"
4577,"garage door","Amazon","Alphabeticals","d","garage door decals","en","us","0","-"
4578,"garage door","Amazon","Alphabeticals","d","garage door deadbolt lock","en","us","0","-"
4579,"garage door","Amazon","Alphabeticals","d","garage door dog barrier","en","us","0","-"
4580,"garage door","Amazon","Alphabeticals","d","garage door decorations magnetic","en","us","0","-"
4581,"garage door","Amazon","Alphabeticals","e","garage door extension springs","en","us","3.6K","2.93"
4582,"garage door","Amazon","Alphabeticals","e","garage door eyes sensors","en","us","320","2.3"
4583,"garage door","Amazon","Alphabeticals","e","garage door emergency release lock","en","us","0","-"
4584,"garage door","Amazon","Alphabeticals","e","garage door edge seal","en","us","0","-"
4585,"garage door","Amazon","Alphabeticals","e","garage door exhaust fan","en","us","0","-"
4586,"garage door","Amazon","Alphabeticals","e","garage door exhaust port kit","en","us","0","-"
4587,"garage door","Amazon","Alphabeticals","e","garage door exhaust vent","en","us","0","-"
4588,"garage door","Amazon","Alphabeticals","e","garage door emergency pull cord","en","us","0","-"
4589,"garage door","Amazon","Alphabeticals","e","garage door entry mat","en","us","0","-"
4590,"garage door","Amazon","Alphabeticals","e","garage door ev cable pass through","en","us","0","-"
4591,"garage door","Amazon","Alphabeticals","f","garage door floor seal","en","us","1.3K","0.86"
4592,"garage door","Amazon","Alphabeticals","f","garage door fishing rod holder","en","us","1.0K","0.43"
4593,"garage door","Amazon","Alphabeticals","f","garage door fishing pole holder","en","us","0","-"
4594,"garage door","Amazon","Alphabeticals","f","garage door flood barrier","en","us","0","-"
4595,"garage door","Amazon","Alphabeticals","f","garage door floor seal strip","en","us","0","-"
4596,"garage door","Amazon","Alphabeticals","f","garage door foam","en","us","0","-"
4597,"garage door","Amazon","Alphabeticals","f","garage door fence","en","us","0","-"
4598,"garage door","Amazon","Alphabeticals","f","garage door foam insulation panels","en","us","0","-"
4599,"garage door","Amazon","Alphabeticals","f","garage door fob","en","us","0","-"
4600,"garage door","Amazon","Alphabeticals","f","garage door floor seals bottom rubber","en","us","0","-"
4601,"garage door","Amazon","Alphabeticals","g","garage door grease","en","us","2.9K","0.71"
4602,"garage door","Amazon","Alphabeticals","g","garage door grease lubricant","en","us","2.9K","1.1"
4603,"garage door","Amazon","Alphabeticals","g","garage door gasket","en","us","0","-"
4604,"garage door","Amazon","Alphabeticals","g","garage door gate","en","us","0","-"
4605,"garage door","Amazon","Alphabeticals","g","garage door glass replacement","en","us","0","-"
4606,"garage door","Amazon","Alphabeticals","g","garage door gate for dogs","en","us","0","-"
4607,"garage door","Amazon","Alphabeticals","g","garage door gap filler","en","us","0","-"
4608,"garage door","Amazon","Alphabeticals","g","garage door gasket bottom","en","us","0","-"
4609,"garage door","Amazon","Alphabeticals","g","garage door grease for track rail","en","us","0","-"
4610,"garage door","Amazon","Alphabeticals","g","garage door gap filler bottom","en","us","0","-"
4611,"garage door","Amazon","Alphabeticals","h","garage door halloween cover","en","us","6.6K","0.26"
4612,"garage door","Amazon","Alphabeticals","h","garage door hinges","en","us","6.6K","0.71"
4613,"garage door","Amazon","Alphabeticals","h","garage door handle","en","us","0","-"
4614,"garage door","Amazon","Alphabeticals","h","garage door hardware","en","us","0","-"
4615,"garage door","Amazon","Alphabeticals","h","garage door halloween decorations","en","us","0","-"
4616,"garage door","Amazon","Alphabeticals","h","garage door hinges and rollers","en","us","0","-"
4617,"garage door","Amazon","Alphabeticals","h","garage door hinges with springs","en","us","0","-"
4618,"garage door","Amazon","Alphabeticals","h","garage door hardware kit","en","us","0","-"
4619,"garage door","Amazon","Alphabeticals","h","garage door handle with lock","en","us","0","-"
4620,"garage door","Amazon","Alphabeticals","h","garage door heat blocker","en","us","0","-"
4621,"garage door","Amazon","Alphabeticals","i","garage door insulation","en","us","49.5K","1.51"
4622,"garage door","Amazon","Alphabeticals","i","garage door insulator","en","us","49.5K","3.74"
4623,"garage door","Amazon","Alphabeticals","i","garage door insulation kit","en","us","0","-"
4624,"garage door","Amazon","Alphabeticals","i","garage door insulation panels","en","us","0","-"
4625,"garage door","Amazon","Alphabeticals","i","garage door installation kit","en","us","0","-"
4626,"garage door","Amazon","Alphabeticals","i","garage door insulation clips","en","us","0","-"
4627,"garage door","Amazon","Alphabeticals","i","garage door insulation kit foam panels","en","us","0","-"
4628,"garage door","Amazon","Alphabeticals","i","garage door insulation kit 2 car 16ft","en","us","0","-"
4629,"garage door","Amazon","Alphabeticals","i","garage door insulation kit 16' x 7","en","us","0","-"
4630,"garage door","Amazon","Alphabeticals","i","garage door insulation panels pre-cut","en","us","0","-"
4631,"garage door","Amazon","Alphabeticals","j","garage door jamb","en","us","1.6K","0.43"
4632,"garage door","Amazon","Alphabeticals","j","garage door jamb wraps","en","us","590","0.71"
4633,"garage door","Amazon","Alphabeticals","j","garage door jamb wrap","en","us","0","-"
4634,"garage door","Amazon","Alphabeticals","j","garage door jamb seal","en","us","0","-"
4635,"garage door","Amazon","Alphabeticals","j","garage door j arm bracket","en","us","0","-"
4636,"garage door","Amazon","Alphabeticals","j","garage door jam wrap","en","us","0","-"
4637,"garage door","Amazon","Alphabeticals","j","garage door jamb wrap - pair","en","us","0","-"
4638,"garage door","Amazon","Alphabeticals","j","garage door jamb wraps metal","en","us","0","-"
4639,"garage door","Amazon","Alphabeticals","k","garage door keypad","en","us","8.1K","1.25"
4640,"garage door","Amazon","Alphabeticals","k","garage door keypad opener","en","us","6.6K","1.1"
4641,"garage door","Amazon","Alphabeticals","k","garage door kit","en","us","0","-"
4642,"garage door","Amazon","Alphabeticals","k","garage door keypad with camera","en","us","0","-"
4643,"garage door","Amazon","Alphabeticals","k","garage door keychain remote","en","us","0","-"
4644,"garage door","Amazon","Alphabeticals","k","garage door knob","en","us","0","-"
4645,"garage door","Amazon","Alphabeticals","k","garage door key fob","en","us","0","-"
4646,"garage door","Amazon","Alphabeticals","k","garage door knob with lock","en","us","0","-"
4647,"garage door","Amazon","Alphabeticals","k","garage door key pad wireless","en","us","0","-"
4648,"garage door","Amazon","Alphabeticals","k","garage door kit complete","en","us","0","-"
4649,"garage door","Amazon","Alphabeticals","l","garage door lube","en","us","22.2K","0.64"
4650,"garage door","Amazon","Alphabeticals","l","garage door lubricant","en","us","18.1K","1.3"
4651,"garage door","Amazon","Alphabeticals","l","garage door lock","en","us","0","-"
4652,"garage door","Amazon","Alphabeticals","l","garage door lubricant spray","en","us","0","-"
4653,"garage door","Amazon","Alphabeticals","l","garage door lights","en","us","0","-"
4654,"garage door","Amazon","Alphabeticals","l","garage door lock kit","en","us","0","-"
4655,"garage door","Amazon","Alphabeticals","l","garage door latch","en","us","0","-"
4656,"garage door","Amazon","Alphabeticals","l","garage door lock bar","en","us","0","-"
4657,"garage door","Amazon","Alphabeticals","l","garage door light bulbs","en","us","0","-"
4658,"garage door","Amazon","Alphabeticals","l","garage door lube 3 in 1 spray","en","us","0","-"
4659,"garage door","Amazon","Alphabeticals","m","garage door motor","en","us","8.1K","3.12"
4660,"garage door","Amazon","Alphabeticals","m","garage door magnets","en","us","1.3K","0.34"
4661,"garage door","Amazon","Alphabeticals","m","garage door mesh screen","en","us","0","-"
4662,"garage door","Amazon","Alphabeticals","m","garage door mosquito screen","en","us","0","-"
4663,"garage door","Amazon","Alphabeticals","m","garage door mat","en","us","0","-"
4664,"garage door","Amazon","Alphabeticals","m","garage door monitor","en","us","0","-"
4665,"garage door","Amazon","Alphabeticals","m","garage door magnetic decorative hardware","en","us","0","-"
4666,"garage door","Amazon","Alphabeticals","m","garage door mouse guard","en","us","0","-"
4667,"garage door","Amazon","Alphabeticals","m","garage door motor kit","en","us","0","-"
4668,"garage door","Amazon","Alphabeticals","m","garage door magnets decoration","en","us","0","-"
4669,"garage door","Amazon","Alphabeticals","n","garage door nylon rollers","en","us","3.6K","0.75"
4670,"garage door","Amazon","Alphabeticals","n","garage door net","en","us","1.3K","0.71"
4671,"garage door","Amazon","Alphabeticals","n","garage door netting","en","us","0","-"
4672,"garage door","Amazon","Alphabeticals","n","garage door net screen","en","us","0","-"
4673,"garage door","Amazon","Alphabeticals","n","garage door nativity scene","en","us","0","-"
4674,"garage door","Amazon","Alphabeticals","n","garage door number pad","en","us","0","-"
4675,"garage door","Amazon","Alphabeticals","n","garage door net for dogs","en","us","0","-"
4676,"garage door","Amazon","Alphabeticals","n","garage door net screen with magnet","en","us","0","-"
4677,"garage door","Amazon","Alphabeticals","n","garage door nylon rollers 10 pack","en","us","0","-"
4678,"garage door","Amazon","Alphabeticals","n","garage door nail","en","us","0","-"
4679,"garage door","Amazon","Alphabeticals","o","garage door opener","en","us","165.0K","8.42"
4680,"garage door","Amazon","Alphabeticals","o","garage door opener remote","en","us","33.1K","3.18"
4681,"garage door","Amazon","Alphabeticals","o","garage door opener battery","en","us","0","-"
4682,"garage door","Amazon","Alphabeticals","o","garage door opener wall mount","en","us","0","-"
4683,"garage door","Amazon","Alphabeticals","o","garage door opener keypad","en","us","0","-"
4684,"garage door","Amazon","Alphabeticals","o","garage door opener light bulb","en","us","0","-"
4685,"garage door","Amazon","Alphabeticals","o","garage door opener wire","en","us","0","-"
4686,"garage door","Amazon","Alphabeticals","o","garage door opener keychain","en","us","0","-"
4687,"garage door","Amazon","Alphabeticals","o","garage door opener with camera","en","us","0","-"
4688,"garage door","Amazon","Alphabeticals","o","garage door opener clip","en","us","0","-"
4689,"garage door","Amazon","Alphabeticals","p","garage door parts","en","us","14.8K","2.47"
4690,"garage door","Amazon","Alphabeticals","p","garage door panels","en","us","12.1K","5.07"
4691,"garage door","Amazon","Alphabeticals","p","garage door panels replacement","en","us","0","-"
4692,"garage door","Amazon","Alphabeticals","p","garage door paint","en","us","0","-"
4693,"garage door","Amazon","Alphabeticals","p","garage door pulley","en","us","0","-"
4694,"garage door","Amazon","Alphabeticals","p","garage door privacy screen","en","us","0","-"
4695,"garage door","Amazon","Alphabeticals","p","garage door pull cord","en","us","0","-"
4696,"garage door","Amazon","Alphabeticals","p","garage door pulley wheel","en","us","0","-"
4697,"garage door","Amazon","Alphabeticals","p","garage door pet barrier","en","us","0","-"
4698,"garage door","Amazon","Alphabeticals","p","garage door parts and hardware","en","us","0","-"
4699,"garage door","Amazon","Alphabeticals","q","garage door quiet rollers","en","us","720","0.81"
4700,"garage door","Amazon","Alphabeticals","q","garage door quiet","en","us","320","5.74"
4701,"garage door","Amazon","Alphabeticals","q","garage door quick turn bracket","en","us","0","-"
4702,"garage door","Amazon","Alphabeticals","q","garage door quick release lock","en","us","0","-"
4703,"garage door","Amazon","Alphabeticals","q","garage door quiet kit","en","us","0","-"
4704,"garage door","Amazon","Alphabeticals","q","garage door quick release","en","us","0","-"
4705,"garage door","Amazon","Alphabeticals","q","garage door quick turn","en","us","0","-"
4706,"garage door","Amazon","Alphabeticals","q","garage door quiet sleeves","en","us","0","-"
4707,"garage door","Amazon","Alphabeticals","q","garage door quieting kit","en","us","0","-"
4708,"garage door","Amazon","Alphabeticals","q","garage door quiet hinges","en","us","0","-"
4709,"garage door","Amazon","Alphabeticals","r","garage door rollers","en","us","12.1K","1.11"
4710,"garage door","Amazon","Alphabeticals","r","garage door remote replacement","en","us","8.1K","5.08"
4711,"garage door","Amazon","Alphabeticals","r","garage door remote","en","us","0","-"
4712,"garage door","Amazon","Alphabeticals","r","garage door rubber bottom seal","en","us","0","-"
4713,"garage door","Amazon","Alphabeticals","r","garage door rodent guard","en","us","0","-"
4714,"garage door","Amazon","Alphabeticals","r","garage door reinforcement bracket","en","us","0","-"
4715,"garage door","Amazon","Alphabeticals","r","garage door roller sleeves","en","us","0","-"
4716,"garage door","Amazon","Alphabeticals","r","garage door rollers 10 pack","en","us","0","-"
4717,"garage door","Amazon","Alphabeticals","r","garage door rollers 12 pack","en","us","0","-"
4718,"garage door","Amazon","Alphabeticals","r","garage door remote opener universal","en","us","0","-"
4719,"garage door","Amazon","Alphabeticals","s","garage door spring","en","us","40.5K","8.25"
4720,"garage door","Amazon","Alphabeticals","s","garage door seal","en","us","27.1K","1.13"
4721,"garage door","Amazon","Alphabeticals","s","garage door spring replacement","en","us","0","-"
4722,"garage door","Amazon","Alphabeticals","s","garage door screen","en","us","0","-"
4723,"garage door","Amazon","Alphabeticals","s","garage door sensor","en","us","0","-"
4724,"garage door","Amazon","Alphabeticals","s","garage door side seal","en","us","0","-"
4725,"garage door","Amazon","Alphabeticals","s","garage door seals bottom rubber","en","us","0","-"
4726,"garage door","Amazon","Alphabeticals","s","garage door seal top and sides","en","us","0","-"
4727,"garage door","Amazon","Alphabeticals","s","garage door screen 2 car","en","us","0","-"
4728,"garage door","Amazon","Alphabeticals","s","garage door screen 1 car","en","us","0","-"
4729,"garage door","Amazon","Alphabeticals","t","garage door torsion spring","en","us","18.1K","7.53"
4730,"garage door","Amazon","Alphabeticals","t","garage door track","en","us","6.6K","2.63"
4731,"garage door","Amazon","Alphabeticals","t","garage door trim","en","us","0","-"
4732,"garage door","Amazon","Alphabeticals","t","garage door threshold seal","en","us","0","-"
4733,"garage door","Amazon","Alphabeticals","t","garage door top and side seal","en","us","0","-"
4734,"garage door","Amazon","Alphabeticals","t","garage door threshold","en","us","0","-"
4735,"garage door","Amazon","Alphabeticals","t","garage door trim seal","en","us","0","-"
4736,"garage door","Amazon","Alphabeticals","t","garage door top seal","en","us","0","-"
4737,"garage door","Amazon","Alphabeticals","t","garage door torsion spring kit","en","us","0","-"
4738,"garage door","Amazon","Alphabeticals","t","garage door threshold seal strip","en","us","0","-"
4739,"garage door","Amazon","Alphabeticals","u","garage door universal remote","en","us","18.1K","0.38"
4740,"garage door","Amazon","Alphabeticals","u","garage door universal opener","en","us","12.1K","0.69"
4741,"garage door","Amazon","Alphabeticals","u","garage door universal keypad","en","us","0","-"
4742,"garage door","Amazon","Alphabeticals","u","garage door upgrade","en","us","0","-"
4743,"garage door","Amazon","Alphabeticals","u","garage door unit","en","us","0","-"
4744,"garage door","Amazon","Alphabeticals","u","garage door upper seal","en","us","0","-"
4745,"garage door","Amazon","Alphabeticals","u","garage door upgrade kit","en","us","0","-"
4746,"garage door","Amazon","Alphabeticals","u","garage door universal receiver kit","en","us","0","-"
4747,"garage door","Amazon","Alphabeticals","u","garage door unit that will open door from phone","en","us","0","-"
4748,"garage door","Amazon","Alphabeticals","v","garage door vent","en","us","1.9K","0.97"
4749,"garage door","Amazon","Alphabeticals","v","garage door vertical track","en","us","1.0K","1.56"
4750,"garage door","Amazon","Alphabeticals","v","garage door vent kit","en","us","0","-"
4751,"garage door","Amazon","Alphabeticals","v","garage door vertical track replacement","en","us","0","-"
4752,"garage door","Amazon","Alphabeticals","v","garage door vinyl wrap","en","us","0","-"
4753,"garage door","Amazon","Alphabeticals","v","garage door ventilation panel","en","us","0","-"
4754,"garage door","Amazon","Alphabeticals","v","garage door video keypad","en","us","0","-"
4755,"garage door","Amazon","Alphabeticals","v","garage door vent cover","en","us","0","-"
4756,"garage door","Amazon","Alphabeticals","v","garage door vents with screen","en","us","0","-"
4757,"garage door","Amazon","Alphabeticals","v","garage door vent adapter","en","us","0","-"
4758,"garage door","Amazon","Alphabeticals","w","garage door weather stripping","en","us","27.1K","1.14"
4759,"garage door","Amazon","Alphabeticals","w","garage door windows","en","us","12.1K","1.89"
4760,"garage door","Amazon","Alphabeticals","w","garage door windows inserts","en","us","0","-"
4761,"garage door","Amazon","Alphabeticals","w","garage door weather seal","en","us","0","-"
4762,"garage door","Amazon","Alphabeticals","w","garage door weather stripping bottom","en","us","0","-"
4763,"garage door","Amazon","Alphabeticals","w","garage door wheels","en","us","0","-"
4764,"garage door","Amazon","Alphabeticals","w","garage door winding bars","en","us","0","-"
4765,"garage door","Amazon","Alphabeticals","w","garage door window covers","en","us","0","-"
4766,"garage door","Amazon","Alphabeticals","w","garage door water barrier","en","us","0","-"
4767,"garage door","Amazon","Alphabeticals","w","garage door wheels replacement","en","us","0","-"
4768,"garage door","Amazon","Alphabeticals","x","garage door xmas decorations","en","us","4.4K","0.46"
4769,"garage door","Amazon","Alphabeticals","x","xcluder garage door seal","en","us","480","1.73"
4770,"garage door","Amazon","Alphabeticals","x","xtreme garage door opener remote","en","us","0","-"
4771,"garage door","Amazon","Alphabeticals","x","garage door xmas cover","en","us","0","-"
4772,"garage door","Amazon","Alphabeticals","x","xike garage door rollers","en","us","0","-"
4773,"garage door","Amazon","Alphabeticals","x","garage door xmas banner","en","us","0","-"
4774,"garage door","Amazon","Alphabeticals","x","garage door xcluder","en","us","0","-"
4775,"garage door","Amazon","Alphabeticals","x","garage door xover","en","us","0","-"
4776,"garage door","Amazon","Alphabeticals","x","screen garage door mesh 16 x 7 ft","en","us","0","-"
4777,"garage door","Amazon","Alphabeticals","x","garage door insulation kit 16' x 7","en","us","0","-"
4778,"garage door","Amazon","Alphabeticals","y","tesla model y garage door opener","en","us","260","0.74"
4779,"garage door","Amazon","Alphabeticals","y","yellow garage door spring","en","us","170","8.73"
4780,"garage door","Amazon","Alphabeticals","y","yolink garage door sensor","en","us","0","-"
4781,"garage door","Amazon","Alphabeticals","y","yolink garage door opener","en","us","0","-"
4782,"garage door","Amazon","Alphabeticals","y","garage door opener yellow learn button","en","us","0","-"
4783,"garage door","Amazon","Alphabeticals","y","yolink garage door controller","en","us","0","-"
4784,"garage door","Amazon","Alphabeticals","y","yolink garage door","en","us","0","-"
4785,"garage door","Amazon","Alphabeticals","y","i see you garage door cover clown","en","us","0","-"
4786,"garage door","Amazon","Alphabeticals","y","garage door flags 250 years","en","us","0","-"
4787,"garage door","Amazon","Alphabeticals","z","garage door zwave","en","us","720","1.02"
4788,"garage door","Amazon","Alphabeticals","z","garage door z-wave","en","us","720","1.46"
4789,"garage door","Amazon","Alphabeticals","z","garage door zone","en","us","0","-"
4790,"garage door","Amazon","Alphabeticals","z","garage door zigbee","en","us","0","-"
4791,"garage door","Amazon","Alphabeticals","z","garage door zipper screen","en","us","0","-"
4792,"garage door","Amazon","Alphabeticals","z","garage door zwave sensor","en","us","0","-"
4793,"garage door","Amazon","Alphabeticals","z","garage door z","en","us","0","-"
4794,"garage door","Amazon","Alphabeticals","z","garage door z rollers","en","us","0","-"
4795,"garage door","Amazon","Alphabeticals","z","garage door zipper","en","us","0","-"
4796,"garage door","Amazon","Alphabeticals","z","garage door zigbee sensor","en","us","0","-"
4797,"garage door","Amazon","Comparisons","and","garage door and opener","en","us","135.0K","7.61"
4798,"garage door","Amazon","Comparisons","and","garage door and motor","en","us","8.1K","3.12"
4799,"garage door","Amazon","Comparisons","and","garage door and track","en","us","0","-"
4800,"garage door","Amazon","Comparisons","and","garage door and frame","en","us","0","-"
4801,"garage door","Amazon","Comparisons","and","garage door and gate opener","en","us","0","-"
4802,"garage door","Amazon","Comparisons","and","garage door and rally grease","en","us","0","-"
4803,"garage door","Amazon","Comparisons","and","garage door and kit","en","us","0","-"
4804,"garage door","Amazon","Comparisons","and","garage door and gate lubricant","en","us","0","-"
4805,"garage door","Amazon","Comparisons","and","garage door and gate opener keychain","en","us","0","-"
4806,"garage door","Amazon","Comparisons","and","garage door and gate remote","en","us","0","-"
4807,"garage door","Amazon","Comparisons","like","garage door that looks like a barn door","en","us","260","3.63"
4808,"garage door","Amazon","Comparisons","like","garage door paint that looks like wood","en","us","30","0.12"
4809,"garage door","Amazon","Comparisons","like","garage door stickers to look like windows","en","us","0","-"
4810,"garage door","Amazon","Comparisons","like","tarp that looks like a garage door","en","us","0","-"
4811,"garage door","Amazon","Comparisons","like","window opens like a garage door","en","us","0","-"
4812,"garage door","Amazon","Comparisons","like","curtain that looks like garage door","en","us","0","-"
4813,"garage door","Amazon","Comparisons","like","backdrop that looks like a garage door","en","us","0","-"
4814,"garage door","Amazon","Comparisons","like","garage door cover that looks like a barn","en","us","0","-"
4815,"garage door","Amazon","Comparisons","like","magnetic garage door decorations that look like hinges","en","us","0","-"
4816,"garage door","Amazon","Comparisons","like","alexa i d like to look at garage door openers belt drive","en","us","0","-"
4817,"garage door","Amazon","Numbers","0","garage door 0pener","en","us","135.0K","8.97"
4818,"garage door","Amazon","Numbers","0","chamberlain garage door opener 045act","en","us","90","1.02"
4819,"garage door","Amazon","Numbers","0","045act garage door opener","en","us","0","-"
4820,"garage door","Amazon","Numbers","0","garage door 041b5669, 062544, 41b5669, 109c41, 29c138","en","us","0","-"
4821,"garage door","Amazon","Numbers","0","garage door 041-0136/41a5034, garage sensor brackets, 2 piece","en","us","0","-"
4822,"garage door","Amazon","Numbers","0","041a5250 garage door belt","en","us","0","-"
4823,"garage door","Amazon","Numbers","0","chamberlain 045act garage door opener remote","en","us","0","-"
4824,"garage door","Amazon","Numbers","0","041a5434-11a garage door belt","en","us","0","-"
4825,"garage door","Amazon","Numbers","0","041-0136 liftmaster garage door opener safety sensors","en","us","0","-"
4826,"garage door","Amazon","Numbers","0","030dct garage door opener remote","en","us","0","-"
4827,"garage door","Amazon","Numbers","1","garage door 16x7","en","us","4.4K","6.32"
4828,"garage door","Amazon","Numbers","1","garage door 10x10","en","us","3.6K","2.37"
4829,"garage door","Amazon","Numbers","1","garage door 10x7","en","us","0","-"
4830,"garage door","Amazon","Numbers","1","garage door 16x9","en","us","0","-"
4831,"garage door","Amazon","Numbers","1","garage door 15x7","en","us","0","-"
4832,"garage door","Amazon","Numbers","1","garage door 1/2 hp","en","us","0","-"
4833,"garage door","Amazon","Numbers","1","garage door 16 x 7 ft","en","us","0","-"
4834,"garage door","Amazon","Numbers","1","garage door 16x 7 parts","en","us","0","-"
4835,"garage door","Amazon","Numbers","1","garage door 1 hinge","en","us","0","-"
4836,"garage door","Amazon","Numbers","1","garage door 18x7ft","en","us","0","-"
4837,"garage door","Amazon","Numbers","2","garage door 2 car","en","us","4.4K","4.45"
4838,"garage door","Amazon","Numbers","2","garage door 20 ft","en","us","10","-"
4839,"garage door","Amazon","Numbers","2","garage door 2 button remote","en","us","0","-"
4840,"garage door","Amazon","Numbers","2","garage door 2 spring conversion kit","en","us","0","-"
4841,"garage door","Amazon","Numbers","2","garage door 2 inch rollers","en","us","0","-"
4842,"garage door","Amazon","Numbers","2","garage door 250-33","en","us","0","-"
4843,"garage door","Amazon","Numbers","2","garage door 260 years patriotic 16 x 7 ft","en","us","0","-"
4844,"garage door","Amazon","Numbers","2","garage door 21"" 18 ga. galvanized intermediate stile","en","us","0","-"
4845,"garage door","Amazon","Numbers","2","garage door 2","en","us","0","-"
4846,"garage door","Amazon","Numbers","2","garage door 24860 button","en","us","0","-"
4847,"garage door","Amazon","Numbers","3","garage door 3 pulley","en","us","0","-"
4848,"garage door","Amazon","Numbers","3","garage door 3/4 hp","en","us","0","-"
4849,"garage door","Amazon","Numbers","3","garage door 3 in 1 lube","en","us","0","-"
4850,"garage door","Amazon","Numbers","3","garage door 3 in 1","en","us","0","-"
4851,"garage door","Amazon","Numbers","3","garage door 36""x80"" with frame","en","us","0","-"
4852,"garage door","Amazon","Numbers","3","garage door 3","en","us","0","-"
4853,"garage door","Amazon","Numbers","3","garage door 30x80","en","us","0","-"
4854,"garage door","Amazon","Numbers","3","garage door 3"" pulley kit","en","us","0","-"
4855,"garage door","Amazon","Numbers","3","garage door 3/4","en","us","0","-"
4856,"garage door","Amazon","Numbers","3","garage door 30 inch extension springs replacement","en","us","0","-"
4857,"garage door","Amazon","Numbers","4","garage door 4th of july decorations","en","us","0","-"
4858,"garage door","Amazon","Numbers","4","garage door 4 panel sunburst window inserts","en","us","0","-"
4859,"garage door","Amazon","Numbers","4","garage door 46 x 20 insulation","en","us","0","-"
4860,"garage door","Amazon","Numbers","4","garage door 4 pulley","en","us","0","-"
4861,"garage door","Amazon","Numbers","4","garage door 4","en","us","0","-"
4862,"garage door","Amazon","Numbers","4","garage door 4th of july","en","us","0","-"
4863,"garage door","Amazon","Numbers","4","garage door 4th of july cover","en","us","0","-"
4864,"garage door","Amazon","Numbers","4","garage door 4 opener","en","us","0","-"
4865,"garage door","Amazon","Numbers","4","garage door 4 inch ac vent","en","us","0","-"
4866,"garage door","Amazon","Numbers","4","garage door 4th of july banner","en","us","0","-"
4867,"garage door","Amazon","Numbers","5","genie chain drive 500 garage door opener","en","us","210","0.42"
4868,"garage door","Amazon","Numbers","5","genie chain drive 550 garage door opener","en","us","140","0.57"
4869,"garage door","Amazon","Numbers","5","garage door rollers 5 inch stem","en","us","0","-"
4870,"garage door","Amazon","Numbers","5","genie 550 1/2 hp chain drive garage door opener","en","us","0","-"
4871,"garage door","Amazon","Numbers","5","garage door 5.9 inch air exhaust hose adapter","en","us","0","-"
4872,"garage door","Amazon","Numbers","5","garage door 5"" nylon rollers","en","us","0","-"
4873,"garage door","Amazon","Numbers","5","garage door 5"" exhaust port kit","en","us","0","-"
4874,"garage door","Amazon","Numbers","5","garage door bottom seal 5/16 t ends","en","us","0","-"
4875,"garage door","Amazon","Numbers","5","5 inch garage door seal","en","us","0","-"
4876,"garage door","Amazon","Numbers","6","garage door 6x7","en","us","590","2.11"
4877,"garage door","Amazon","Numbers","6","liftmaster 6580l garage door opener","en","us","480","2.16"
4878,"garage door","Amazon","Numbers","6","6 foot garage door","en","us","0","-"
4879,"garage door","Amazon","Numbers","6","legacy 650 garage door opener remote","en","us","0","-"
4880,"garage door","Amazon","Numbers","6","6 inch garage door bottom seal","en","us","0","-"
4881,"garage door","Amazon","Numbers","6","garage door 6x8","en","us","0","-"
4882,"garage door","Amazon","Numbers","6","garage door light bulbs 60 watt","en","us","0","-"
4883,"garage door","Amazon","Numbers","6","garage door 6 ft","en","us","0","-"
4884,"garage door","Amazon","Numbers","6","garage door 6"" vent","en","us","0","-"
4885,"garage door","Amazon","Numbers","6","overhead legacy 696cd/b garage door remote opener","en","us","0","-"
4886,"garage door","Amazon","Numbers","7","garage door 7ft","en","us","3.6K","1.34"
4887,"garage door","Amazon","Numbers","7","garage door 7' x 8","en","us","3.6K","4.01"
4888,"garage door","Amazon","Numbers","7","garage door 7x9","en","us","0","-"
4889,"garage door","Amazon","Numbers","7","garage door 7x16","en","us","0","-"
4890,"garage door","Amazon","Numbers","7","garage door 7x8","en","us","0","-"
4891,"garage door","Amazon","Numbers","7","garage door 7","en","us","0","-"
4892,"garage door","Amazon","Numbers","7","garage door 7x16ft","en","us","0","-"
4893,"garage door","Amazon","Numbers","7","garage door 7 x 10","en","us","0","-"
4894,"garage door","Amazon","Numbers","7","garage door 70000 cycles springs","en","us","0","-"
4895,"garage door","Amazon","Numbers","7","garage door 7 by 8","en","us","0","-"
4896,"garage door","Amazon","Numbers","8","garage door 8 foot","en","us","4.4K","1.36"
4897,"garage door","Amazon","Numbers","8","garage door 8x7","en","us","3.6K","1.59"
4898,"garage door","Amazon","Numbers","8","garage door 8x10","en","us","0","-"
4899,"garage door","Amazon","Numbers","8","garage door 8x8","en","us","0","-"
4900,"garage door","Amazon","Numbers","8","garage door 8x9","en","us","0","-"
4901,"garage door","Amazon","Numbers","8","garage door 8","en","us","0","-"
4902,"garage door","Amazon","Numbers","8","garage door 8'x7","en","us","0","-"
4903,"garage door","Amazon","Numbers","8","garage door 8x7 insulated","en","us","0","-"
4904,"garage door","Amazon","Numbers","8","garage door 8x7 white","en","us","0","-"
4905,"garage door","Amazon","Numbers","8","garage door 8x7 replacement","en","us","0","-"
4906,"garage door","Amazon","Numbers","9","garage door 9x7","en","us","3.6K","3.27"
4907,"garage door","Amazon","Numbers","9","garage door 9' x 7","en","us","2.9K","3.7"
4908,"garage door","Amazon","Numbers","9","garage door 9 x7","en","us","0","-"
4909,"garage door","Amazon","Numbers","9","garage door 9x8","en","us","0","-"
4910,"garage door","Amazon","Numbers","9","garage door 9","en","us","0","-"
4911,"garage door","Amazon","Numbers","9","garage door 9x7 ft complete kit","en","us","0","-"
4912,"garage door","Amazon","Numbers","9","garage door 9x7 ft","en","us","0","-"
4913,"garage door","Amazon","Numbers","9","garage door 9x8 ft","en","us","0","-"
4914,"garage door","Amazon","Numbers","9","garage door 9x7 metal","en","us","0","-"
4915,"garage door","Amazon","Numbers","9","garage door 9ft by 8ft","en","us","0","-"
4916,"garage door","Amazon","Prepositions","can","blaster garage door lubricant single can","en","us","0","-"
4917,"garage door","Amazon","Prepositions","can","dry lube spray can garage door","en","us","0","-"
4918,"garage door","Amazon","Prepositions","can","garage door lubricant spray 1 can","en","us","0","-"
4919,"garage door","Amazon","Prepositions","can","blaster garage door lubricant 1 can","en","us","0","-"
4920,"garage door","Amazon","Prepositions","can","garage door roller lube in a spray can","en","us","0","-"
4921,"garage door","Amazon","Prepositions","can","blaster silicone garage door lubricant spray 1 can","en","us","0","-"
4922,"garage door","Amazon","Prepositions","can","smart wifi garage door opener you can use with your phone","en","us","0","-"
4923,"garage door","Amazon","Prepositions","can","16-gdl 9.3 oz can of garage door lubricant quantity 4","en","us","0","-"
4924,"garage door","Amazon","Prepositions","for","garage door for sale","en","us","12.1K","7.13"
4925,"garage door","Amazon","Prepositions","for","garage door for shed","en","us","2.9K","0.72"
4926,"garage door","Amazon","Prepositions","for","garage door for carport","en","us","0","-"
4927,"garage door","Amazon","Prepositions","for","garage door for kitchen","en","us","0","-"
4928,"garage door","Amazon","Prepositions","for","garage door for house","en","us","0","-"
4929,"garage door","Amazon","Prepositions","for","garage door for dogs","en","us","0","-"
4930,"garage door","Amazon","Prepositions","for","garage door for kitchen cabinet","en","us","0","-"
4931,"garage door","Amazon","Prepositions","for","garage door for kids","en","us","0","-"
4932,"garage door","Amazon","Prepositions","for","garage door for pets","en","us","0","-"
4933,"garage door","Amazon","Prepositions","for","garage door for cats","en","us","0","-"
4934,"garage door","Amazon","Prepositions","near","garage door parts near me","en","us","4.4K","5.94"
4935,"garage door","Amazon","Prepositions","near","sticky bug traps near garage door","en","us","0","-"
4936,"garage door","Amazon","Prepositions","near","bib water facet near garage door","en","us","0","-"
4937,"garage door","Amazon","Prepositions","to","garage door to house","en","us","720","1.15"
4938,"garage door","Amazon","Prepositions","to","garage door to home","en","us","0","-"
4939,"garage door","Amazon","Prepositions","to","garage door to house lock","en","us","0","-"
4940,"garage door","Amazon","Prepositions","to","garage door to home seal","en","us","0","-"
4941,"garage door","Amazon","Prepositions","to","garage door to house seal","en","us","0","-"
4942,"garage door","Amazon","Prepositions","to","garage door to floor seal","en","us","0","-"
4943,"garage door","Amazon","Prepositions","to","garage door to drive belt clip arm","en","us","0","-"
4944,"garage door","Amazon","Prepositions","to","garage door to fit shed 6x6","en","us","0","-"
4945,"garage door","Amazon","Prepositions","to","garage door to house door handle","en","us","0","-"
4946,"garage door","Amazon","Prepositions","to","garage door to trolly bracket","en","us","0","-"
4947,"garage door","Amazon","Prepositions","with","garage door with door","en","us","201.0K","13.74"
4948,"garage door","Amazon","Prepositions","with","garage door with windows","en","us","9.9K","1.87"
4949,"garage door","Amazon","Prepositions","with","garage door with man door","en","us","0","-"
4950,"garage door","Amazon","Prepositions","with","garage door with pedestrian door","en","us","0","-"
4951,"garage door","Amazon","Prepositions","with","garage door with cat door","en","us","0","-"
4952,"garage door","Amazon","Prepositions","with","garage door with pet door","en","us","0","-"
4953,"garage door","Amazon","Prepositions","with","garage door with app","en","us","0","-"
4954,"garage door","Amazon","Prepositions","with","garage door with door built in","en","us","0","-"
4955,"garage door","Amazon","Prepositions","with","garage door with wifi","en","us","0","-"
4956,"garage door","Amazon","Prepositions","with","garage door with camera","en","us","0","-"
4957,"garage door","Amazon","Prepositions","without","garage door opener without wifi","en","us","40","0.46"
4958,"garage door","Amazon","Prepositions","without","garage door handle without lock","en","us","10","-"
4959,"garage door","Amazon","Prepositions","without","garage door knob without lock","en","us","0","-"
4960,"garage door","Amazon","Prepositions","without","garage door t handle without lock","en","us","0","-"
4961,"garage door","Amazon","Prepositions","without","garage door opener without cover","en","us","0","-"
4962,"garage door","Amazon","Prepositions","without","garage door bottom seal without track","en","us","0","-"
4963,"garage door","Amazon","Prepositions","without","garage door opener without light","en","us","0","-"
4964,"garage door","Amazon","Prepositions","without","garage door screen without magnetic opening","en","us","0","-"
4965,"garage door","Amazon","Prepositions","without","chamberlain garage door opener without camera","en","us","0","-"
4966,"garage door","Amazon","Prepositions","without","flip up 9 ft x 8 ft white garage door without windows","en","us","0","-"
4967,"garage door","Amazon","Questions","can","can garage door opener","en","us","0","-"
4968,"garage door","Amazon","Questions","can","blaster garage door lubricant single can","en","us","0","-"
4969,"garage door","Amazon","Questions","can","dry lube spray can garage door","en","us","0","-"
4970,"garage door","Amazon","Questions","can","garage door lubricant spray 1 can","en","us","0","-"
4971,"garage door","Amazon","Questions","can","blaster garage door lubricant 1 can","en","us","0","-"
4972,"garage door","Amazon","Questions","can","garage door roller lube in a spray can","en","us","0","-"
4973,"garage door","Amazon","Questions","can","blaster silicone garage door lubricant spray 1 can","en","us","0","-"
4974,"garage door","Amazon","Questions","can","smart wifi garage door opener you can use with your phone","en","us","0","-"
4975,"garage door","Amazon","Questions","how","how to program a garage door opener","en","us","18.1K","3.31"
4976,"garage door","Amazon","Questions","how","how to adjust garage door","en","us","720","-"
4977,"garage door","Amazon","Questions","how","how much is a new garage door opener","en","us","0","-"
4978,"garage door","Amazon","Questions","how","how to seal garage door","en","us","0","-"
4979,"garage door","Amazon","Questions","how","how do i stop garage door deliveries","en","us","0","-"
4980,"garage door","Amazon","Questions","how","how do i cancel garage door access","en","us","0","-"
4981,"garage door","Amazon","Questions","how","how do i turn off garage door delivery","en","us","0","-"
4982,"garage door","Amazon","Questions","how","how to reprogram your chamberlain garage door opener","en","us","0","-"
4983,"garage door","Amazon","Questions","how","how do i remove amazon s ability to open my garage door","en","us","0","-"
4984,"garage door","Amazon","Questions","what","what is the best garage door insulation","en","us","90","0.84"
4985,"garage door","Amazon","Questions","what","what is the top rated garage door screen","en","us","0","-"
4986,"garage door","Amazon","Questions","when","garage door alarms when opened","en","us","0","-"
4987,"garage door","Amazon","Questions","when","garage door alert when open","en","us","0","-"
4988,"garage door","Amazon","Questions","when","garage door when reinforcement","en","us","0","-"
4989,"garage door","Amazon","Questions","when","garage door sensor when opened","en","us","0","-"
4990,"garage door","Amazon","Questions","when","garage door alert when left open","en","us","0","-"
4991,"garage door","Amazon","Questions","when","garage door chime when opened or closed","en","us","0","-"
4992,"garage door","Amazon","Questions","when","moving sensor chimes when garage door opens","en","us","0","-"
4993,"garage door","Amazon","Questions","who","who do i contact the amazon driver hit my garage door","en","us","0","-"
4994,"garage door","Amazon","Questions","why","compat why evo garage door opener remote","en","us","0","-"
